gene	go_term	go_slim_term	cellular_component
B0001.4	GO:0005737	GO:0005737	cytoplasm
B0024.11	GO:0005634	GO:0005634	nucleus
B0024.15	GO:0000139;GO:0016020;GO:0005794	GO:0005794;GO:0016020	Golgi apparatus;membrane
B0035.15	GO:0005739	GO:0005739	mitochondrion
B0205.4	GO:0005794;GO:0016020;GO:0032580	GO:0005794;GO:0016020	Golgi apparatus;membrane
B0228.7	GO:0005634;GO:0005737;GO:0005829	GO:0005634;GO:0005737;GO:0005829	cytoplasm;cytosol;nucleus
B0250.5	GO:0005739	GO:0005739	mitochondrion
B0252.3	GO:0016020	GO:0016020	membrane
B0272.3	GO:0005739;GO:0005759	GO:0005739	mitochondrion
B0281.5			
B0281.6			
B0285.6	GO:0005886;GO:0016020	GO:0005886;GO:0016020	membrane;plasma membrane
B0395.3	GO:0005777	GO:0005777	peroxisome
B0495.5	GO:0005575		
B0495.7	GO:0005783;GO:0005789;GO:0016020	GO:0005783;GO:0016020	endoplasmic reticulum;membrane
C01A2.4	GO:0000815;GO:0005771	GO:0005768;GO:0032991	endosome;protein-containing complex
C01B4.6			
C01G5.5	GO:0005829	GO:0005829	cytosol
C01H6.4	GO:0005829	GO:0005829	cytosol
C02B8.6	GO:0005634;GO:0005737	GO:0005634;GO:0005737	cytoplasm;nucleus
C02D5.4	GO:0005737	GO:0005737	cytoplasm
C02F5.13	GO:0016020	GO:0016020	membrane
C02G6.2	GO:0005737;GO:0005739;GO:0005829	GO:0005737;GO:0005739;GO:0005829	cytoplasm;cytosol;mitochondrion
C03H5.4	GO:0005576	GO:0005576	extracellular region
C04E6.5			
C04F12.8	GO:0005863		
C05C10.3	GO:0005739	GO:0005739	mitochondrion
C05C8.7	GO:0005829	GO:0005829	cytosol
C05C9.1	GO:0005615		
C05D11.1			
C06C3.3	GO:0005815;GO:0005874	GO:0005815	microtubule organizing center
C06E8.5	GO:0005615		
C06G1.1	GO:0005615		
C07D8.6	GO:0005829	GO:0005829	cytosol
C08A9.3	GO:0005764;GO:0005886;GO:0016020	GO:0005764;GO:0005886;GO:0016020	lysosome;membrane;plasma membrane
C09B8.4	GO:0005640	GO:0016020	membrane
C09B9.85	GO:0005886;GO:0016020;GO:0034707	GO:0005886;GO:0016020;GO:0032991	membrane;plasma membrane;protein-containing complex
C09D4.1	GO:0016020	GO:0016020	membrane
C11D2.7	GO:0005737	GO:0005737	cytoplasm
C11H1.7			
C13B9.2	GO:0005737	GO:0005737	cytoplasm
C14C10.1	GO:0005739;GO:0005743;GO:0016020	GO:0005739;GO:0016020	membrane;mitochondrion
C15C8.4	GO:0005783;GO:0012505	GO:0005783	endoplasmic reticulum
C15H9.4	GO:0012505;GO:0016020	GO:0016020	membrane
C16A3.5	GO:0005739;GO:0005743;GO:0016020;GO:0045271	GO:0005739;GO:0016020;GO:0032991	membrane;mitochondrion;protein-containing complex
C16C10.1	GO:0005739;GO:0005743;GO:0016020	GO:0005739;GO:0016020	membrane;mitochondrion
C16D9.6	GO:0016020	GO:0016020	membrane
C17H12.3			
C18B12.4	GO:0005737;GO:0016020	GO:0005737;GO:0016020	cytoplasm;membrane
C18B2.4	GO:0005634	GO:0005634	nucleus
C18E9.7			
C18H7.4	GO:0005886	GO:0005886	plasma membrane
C24A3.1			
C24A3.4	GO:0005739	GO:0005739	mitochondrion
C25A8.5	GO:0005886	GO:0005886	plasma membrane
C25E10.4	GO:0005765;GO:0016020	GO:0016020	membrane
C25E10.5	GO:0005765;GO:0016020	GO:0016020	membrane
C25G4.2	GO:0005634;GO:0005737	GO:0005634;GO:0005737	cytoplasm;nucleus
C26B9.6	GO:0005634;GO:0005737	GO:0005634;GO:0005737	cytoplasm;nucleus
C26D10.3			
C27A7.3	GO:0016020	GO:0016020	membrane
C27B7.7	GO:0005576	GO:0005576	extracellular region
C27C7.5			
C27F2.4	GO:0005634;GO:0005730;GO:0005737	GO:0005634;GO:0005730;GO:0005737	cytoplasm;nucleolus;nucleus
C27H6.8	GO:0005634;GO:0005737	GO:0005634;GO:0005737	cytoplasm;nucleus
C27H6.9	GO:0005739	GO:0005739	mitochondrion
C28F5.4			
C28G1.6			
C29A12.6			
C29E4.10	GO:0005764;GO:0016020	GO:0005764;GO:0016020	lysosome;membrane
C29F5.8			
C29F7.3	GO:0005634;GO:0005737	GO:0005634;GO:0005737	cytoplasm;nucleus
C30G12.2	GO:0005737	GO:0005737	cytoplasm
C31H5.6			
C32B5.7	GO:0005615;GO:0005764;GO:0016020	GO:0005764;GO:0016020	lysosome;membrane
C32D5.11	GO:0005777;GO:0005778;GO:0016020	GO:0005777;GO:0016020;GO:0043226	membrane;organelle;peroxisome
C32D5.12			
C32F10.8			
C33A11.2	GO:0012505;GO:0016020	GO:0016020	membrane
C33F10.12	GO:0005739;GO:0005743;GO:0016020	GO:0005739;GO:0016020	membrane;mitochondrion
C33G3.4	GO:0005764	GO:0005764	lysosome
C33H5.16			
C34C12.8	GO:0001405;GO:0005739;GO:0005759	GO:0005739;GO:0032991	mitochondrion;protein-containing complex
C34E10.10	GO:0005634;GO:0005730;GO:0032040	GO:0005634;GO:0005730;GO:0032991	nucleolus;nucleus;protein-containing complex
C34F11.5	GO:0005886;GO:0005925	GO:0005886;GO:0030054	cell junction;plasma membrane
C35A11.4	GO:0016020	GO:0016020	membrane
C35D6.4	GO:0005829;GO:0043186	GO:0005829;GO:0043226	cytosol;organelle
C35E7.10	GO:0005886	GO:0005886	plasma membrane
C36B1.14	GO:0005681;GO:0005737;GO:0030425	GO:0005737;GO:0032991;GO:0043005	cytoplasm;neuron projection;protein-containing complex
C36B7.2	GO:0005634;GO:0005737;GO:0005856	GO:0005634;GO:0005737;GO:0005856	cytoplasm;cytoskeleton;nucleus
C36E8.4	GO:0043226	GO:0043226	organelle
C38H2.2	GO:0016020	GO:0016020	membrane
C39B5.6	GO:0005739;GO:0030956	GO:0005739;GO:0032991	mitochondrion;protein-containing complex
C40A11.2			
C40A11.3			
C40A11.4			
C40A11.6			
C40A11.7			
C41D11.9	GO:0016020	GO:0016020	membrane
C42C1.19	GO:0005789;GO:0016020;GO:0012505	GO:0016020	membrane
C44B7.11	GO:0005783;GO:0005789;GO:0016020	GO:0005783;GO:0016020	endoplasmic reticulum;membrane
C45B11.6	GO:0005783;GO:0005789;GO:0016020	GO:0005783;GO:0016020	endoplasmic reticulum;membrane
C45B2.6	GO:0005739	GO:0005739	mitochondrion
C46F11.4	GO:0005634;GO:0043186	GO:0005634;GO:0043226	nucleus;organelle
C46H11.2	GO:0005829	GO:0005829	cytosol
C46H11.3	GO:0005737;GO:0005856;GO:0015629;GO:0030863;GO:0005885;GO:0032991	GO:0005737;GO:0005856;GO:0032991	cytoplasm;cytoskeleton;protein-containing complex
C47D12.2	GO:0005783;GO:0005794	GO:0005783;GO:0005794	Golgi apparatus;endoplasmic reticulum
C47E12.2	GO:0005739;GO:0005743;GO:0016020	GO:0005739;GO:0016020	membrane;mitochondrion
C47E12.3	GO:0005783;GO:0005789;GO:0016020;GO:0044322	GO:0005783;GO:0016020	endoplasmic reticulum;membrane
C47E8.4	GO:0005634	GO:0005634	nucleus
C47G2.3	GO:0005739;GO:0005743;GO:0016020;GO:0042721	GO:0005739;GO:0016020;GO:0032991	membrane;mitochondrion;protein-containing complex
C48E7.6	GO:0016020	GO:0016020	membrane
C49H3.4	GO:0005683	GO:0032991	protein-containing complex
C50F2.5			
C53A5.16			
C53A5.17	GO:0005634;GO:0005737;GO:0005739;GO:0005759	GO:0005634;GO:0005737;GO:0005739	cytoplasm;mitochondrion;nucleus
C53B4.3	GO:0005634;GO:0005635;GO:0016020	GO:0005634;GO:0005635;GO:0016020	membrane;nuclear envelope;nucleus
C53D5.5	GO:0005886;GO:0016020	GO:0005886;GO:0016020	membrane;plasma membrane
C54D10.10			
C54G4.4	GO:0005886	GO:0005886	plasma membrane
C55A6.1	GO:0005634;GO:0005737	GO:0005634;GO:0005737	cytoplasm;nucleus
C55A6.10	GO:0005737;GO:0055120	GO:0005737	cytoplasm
C55A6.3	GO:0005737	GO:0005737	cytoplasm
C55A6.4	GO:0005737	GO:0005737	cytoplasm
C55A6.6	GO:0005737	GO:0005737	cytoplasm
C55A6.7	GO:0005737	GO:0005737	cytoplasm
C55B7.3			
C55C3.4	GO:0005886	GO:0005886	plasma membrane
C56C10.6	GO:0005634;GO:0005737;GO:0015630	GO:0005634;GO:0005737;GO:0005856	cytoplasm;cytoskeleton;nucleus
C56G3.2	GO:0005829	GO:0005829	cytosol
D1005.2	GO:0005737	GO:0005737	cytoplasm
D1037.1			
D1053.2	GO:0000781;GO:0005634	GO:0005634	nucleus
D1069.3	GO:0005737;GO:0005829;GO:0005886;GO:0016020	GO:0005737;GO:0005829;GO:0005886;GO:0016020	cytoplasm;cytosol;membrane;plasma membrane
D2023.4			
D2030.2	GO:0005759		
D2045.5	GO:0005634;GO:0005737	GO:0005634;GO:0005737	cytoplasm;nucleus
D2045.9			
DC2.5			
E03H4.8	GO:0030117	GO:0032991	protein-containing complex
E04F6.15			
F01F1.15	GO:0005783	GO:0005783	endoplasmic reticulum
F01G10.10	GO:0005615		
F01G4.6	GO:0005739;GO:0005743;GO:0016020	GO:0005739;GO:0016020	membrane;mitochondrion
F02C12.1	GO:0016020	GO:0016020	membrane
F02D8.4	GO:0005615		
F02E9.7	GO:0016020	GO:0016020	membrane
F07F6.7	GO:0005576	GO:0005576	extracellular region
F07F6.8	GO:0005576	GO:0005576	extracellular region
F09B9.5	GO:0005615		
F09C12.2	GO:0005634;GO:0005737	GO:0005634;GO:0005737	cytoplasm;nucleus
F09E5.11	GO:0005783;GO:0005789;GO:0016020;GO:0012505	GO:0005783;GO:0016020	endoplasmic reticulum;membrane
F09E5.8	GO:0005737	GO:0005737	cytoplasm
F09G2.8	GO:0012505;GO:0016020	GO:0016020	membrane
F09G8.5	GO:0036064;GO:0097733	GO:0005815;GO:0043005	microtubule organizing center;neuron projection
F10E7.11	GO:0005634;GO:0005654	GO:0005634;GO:0005654	nucleoplasm;nucleus
F10G8.1			
F10G8.8	GO:0015629	GO:0005856	cytoskeleton
F11D5.5	GO:0016020	GO:0016020	membrane
F11D5.7	GO:0016020	GO:0016020	membrane
F11E6.6	GO:0012505;GO:0016020	GO:0016020	membrane
F11E6.8	GO:0005886;GO:0016020;GO:0043235	GO:0005886;GO:0016020;GO:0032991	membrane;plasma membrane;protein-containing complex
F13B12.2	GO:0016020	GO:0016020	membrane
F13C5.2	GO:0000785;GO:0005634	GO:0005634	nucleus
F13H8.2	GO:0032040;GO:0034388	GO:0032991	protein-containing complex
F14D7.6	GO:0005765;GO:0016020	GO:0016020	membrane
F15E6.6			
F16F9.1	GO:0005765;GO:0010008;GO:0016020;GO:0031902	GO:0016020	membrane
F17C8.6			
F17H10.1			
F18A11.5			
F19C6.3			
F20D6.8	GO:0005886	GO:0005886	plasma membrane
F20D6.9	GO:0000786;GO:0005634;GO:0005694	GO:0005634;GO:0005694;GO:0032991	chromosome;nucleus;protein-containing complex
F20G2.1	GO:0005737	GO:0005737	cytoplasm
F20G2.2	GO:0005737	GO:0005737	cytoplasm
F21D5.5			
F21D5.6	GO:0005654;GO:0032299	GO:0005654;GO:0032991	nucleoplasm;protein-containing complex
F21D5.7	GO:0005634;GO:0005737;GO:0005783;GO:0005786;GO:0048500;GO:1990904;GO:0005829;GO:0016607	GO:0005634;GO:0005737;GO:0005783;GO:0005829;GO:0032991;GO:0043226	cytoplasm;cytosol;endoplasmic reticulum;nucleus;organelle;protein-containing complex
F21G4.1	GO:0005886;GO:0016020;GO:0016323	GO:0005886;GO:0016020	membrane;plasma membrane
F22B5.10	GO:0005737;GO:0005783;GO:0005789;GO:0016020;GO:0055120	GO:0005737;GO:0005783;GO:0016020	cytoplasm;endoplasmic reticulum;membrane
F22E5.12	GO:0016020	GO:0016020	membrane
F22E5.6			
F22E5.8			
F22G12.4			
F23C8.7	GO:0005886	GO:0005886	plasma membrane
F23F1.5	GO:0005634;GO:0005737	GO:0005634;GO:0005737	cytoplasm;nucleus
F23F12.13	GO:0016020	GO:0016020	membrane
F23F12.3	GO:0016020	GO:0016020	membrane
F25B4.7	GO:0005739;GO:0005743;GO:0016020	GO:0005739;GO:0016020	membrane;mitochondrion
F25B5.3	GO:0005737	GO:0005737	cytoplasm
F25D1.3	GO:0005576	GO:0005576	extracellular region
F25H8.2	GO:0005634;GO:0005732;GO:1990904	GO:0005634;GO:0032991	nucleus;protein-containing complex
F25H9.7	GO:0005739;GO:0005758;GO:0005759	GO:0005739	mitochondrion
F26A3.4	GO:0005737;GO:0055120	GO:0005737	cytoplasm
F26E4.7	GO:0005615;GO:0031012	GO:0031012	extracellular matrix
F26G1.1	GO:0005768	GO:0005768	endosome
F26H9.5	GO:0005737	GO:0005737	cytoplasm
F27C1.11			
F27C1.2	GO:0016020	GO:0016020	membrane
F28H1.4	GO:0016020	GO:0016020	membrane
F30F8.9	GO:0005739;GO:0005743;GO:0016020	GO:0005739;GO:0016020	membrane;mitochondrion
F31E8.4	GO:0016020	GO:0016020	membrane
F32A5.8			
F32B5.1	GO:0005615		
F32D8.13	GO:0005737;GO:0005829	GO:0005737;GO:0005829	cytoplasm;cytosol
F32D8.14	GO:0000139;GO:0016020;GO:0005794;GO:0005802	GO:0005794;GO:0016020	Golgi apparatus;membrane
F32D8.5	GO:0016020;GO:0031966	GO:0016020	membrane
F32H2.6			
F32H5.1	GO:0005615;GO:0005764	GO:0005764	lysosome
F33D11.10	GO:0005634;GO:0005730;GO:0043186;GO:0071013	GO:0005634;GO:0005730;GO:0032991;GO:0043226	nucleolus;nucleus;organelle;protein-containing complex
F33D4.4	GO:0016020	GO:0016020	membrane
F33H2.3	GO:0005634	GO:0005634	nucleus
F35A5.1	GO:0005737	GO:0005737	cytoplasm
F35B12.10	GO:0005576;GO:0005615	GO:0005576	extracellular region
F35B3.7	GO:0005737	GO:0005737	cytoplasm
F35C11.3	GO:0005634;GO:0005737	GO:0005634;GO:0005737	cytoplasm;nucleus
F35G2.1	GO:0000139;GO:0005615	GO:0016020	membrane
F36G3.3	GO:0005765;GO:0010008;GO:0016020;GO:0031902	GO:0016020	membrane
F37A4.1			
F37A8.5			
F37B12.3	GO:0005783;GO:0005789;GO:0016020;GO:1904423	GO:0005783;GO:0016020;GO:0032991	endoplasmic reticulum;membrane;protein-containing complex
F38A5.2			
F38B2.4	GO:0005737;GO:0005829	GO:0005737;GO:0005829	cytoplasm;cytosol
F38B6.4	GO:0005829	GO:0005829	cytosol
F38B6.6	GO:0005783;GO:0016020	GO:0005783;GO:0016020	endoplasmic reticulum;membrane
F38C2.7	GO:0005829;GO:0043186	GO:0005829;GO:0043226	cytosol;organelle
F38H4.4			
F39H12.3			
F39H2.3	GO:0005739;GO:0005759	GO:0005739	mitochondrion
F40A3.3	GO:0005739	GO:0005739	mitochondrion
F40F8.1	GO:0005634;GO:0005737	GO:0005634;GO:0005737	cytoplasm;nucleus
F40G9.19	GO:0016020	GO:0016020	membrane
F42A6.6	GO:0005634;GO:0005829	GO:0005634;GO:0005829	cytosol;nucleus
F42C5.9	GO:0005869;GO:0005886;GO:0055120	GO:0005886;GO:0032991	plasma membrane;protein-containing complex
F42G2.5	GO:0005789;GO:0005856;GO:0005886	GO:0005856;GO:0005886;GO:0016020	cytoskeleton;membrane;plasma membrane
F43B10.1	GO:0000159	GO:0032991	protein-containing complex
F43C11.8			
F43E2.11	GO:0005739;GO:0005741	GO:0005739;GO:0016020	membrane;mitochondrion
F44B9.8	GO:0005634;GO:0005663	GO:0005634;GO:0032991	nucleus;protein-containing complex
F44E2.6	GO:0005737	GO:0005737	cytoplasm
F44E7.4	GO:0005737;GO:0005739;GO:0005829	GO:0005737;GO:0005739;GO:0005829	cytoplasm;cytosol;mitochondrion
F44E7.9	GO:0005739;GO:0005783;GO:0005789;GO:0016020	GO:0005739;GO:0005783;GO:0016020	endoplasmic reticulum;membrane;mitochondrion
F45G2.8	GO:0005739;GO:0005743;GO:0016020;GO:0005744	GO:0005739;GO:0016020;GO:0032991	membrane;mitochondrion;protein-containing complex
F45G2.9	GO:0005739	GO:0005739	mitochondrion
F45H10.2	GO:0005739;GO:0005743;GO:0016020;GO:0045275	GO:0005739;GO:0016020;GO:0032991	membrane;mitochondrion;protein-containing complex
F46A8.3			
F46A8.4			
F46A8.5			
F46A8.8			
F46F11.1	GO:0005737;GO:0005829	GO:0005737;GO:0005829	cytoplasm;cytosol
F46H5.3	GO:0005615		
F46H5.4			
F47B3.3	GO:0016020	GO:0016020	membrane
F47B3.7			
F47B7.2	GO:0000139;GO:0016020;GO:0005615	GO:0016020	membrane
F47B8.10	GO:0005789;GO:0016020;GO:0012505	GO:0016020	membrane
F47E1.2	GO:0005886;GO:0016020;GO:0016323	GO:0005886;GO:0016020	membrane;plasma membrane
F47E1.20	GO:0005634	GO:0005634	nucleus
F47E1.4	GO:0005886;GO:0016020;GO:0016323	GO:0005886;GO:0016020	membrane;plasma membrane
F47G4.4	GO:0008352	GO:0032991	protein-containing complex
F47G4.5	GO:0008352	GO:0032991	protein-containing complex
F49B2.6	GO:0016020	GO:0016020	membrane
F49D11.10	GO:0005634;GO:0005730;GO:0032040	GO:0005634;GO:0005730;GO:0032991	nucleolus;nucleus;protein-containing complex
F49F1.10			
F49F1.11			
F49F1.18			
F49F1.9			
F49H6.5			
F52B11.2	GO:0005737;GO:0005829	GO:0005737;GO:0005829	cytoplasm;cytosol
F52C12.6	GO:0000408;GO:0005634;GO:0005829	GO:0005634;GO:0005829;GO:0032991	cytosol;nucleus;protein-containing complex
F52C9.3	GO:0005737;GO:0005739;GO:0016020	GO:0005737;GO:0005739;GO:0016020	cytoplasm;membrane;mitochondrion
F52F10.2	GO:0005765;GO:0016020	GO:0016020	membrane
F53A10.2	GO:0005737	GO:0005737	cytoplasm
F53B1.8	GO:0005886;GO:0016020;GO:0016323	GO:0005886;GO:0016020	membrane;plasma membrane
F53E2.2	GO:0005737;GO:0005865;GO:0015629;GO:1990904	GO:0005737;GO:0005856;GO:0032991	cytoplasm;cytoskeleton;protein-containing complex
F53F1.2	GO:0005829	GO:0005829	cytosol
F53F1.3	GO:0005829	GO:0005829	cytosol
F53G2.12	GO:0005739;GO:1990221	GO:0005739;GO:0032991	mitochondrion;protein-containing complex
F53H4.6	GO:0005634	GO:0005634	nucleus
F53H8.3	GO:0016020	GO:0016020	membrane
F54B3.1	GO:0005777	GO:0005777	peroxisome
F54C8.1	GO:0005739;GO:0005759	GO:0005739	mitochondrion
F54D5.7	GO:0005739;GO:0005759	GO:0005739	mitochondrion
F54G2.1	GO:0005737;GO:0005768;GO:0005770;GO:0099503	GO:0005737;GO:0005768;GO:0031410	cytoplasm;cytoplasmic vesicle;endosome
F54H5.2	GO:0005634;GO:0005737;GO:0015630	GO:0005634;GO:0005737;GO:0005856	cytoplasm;cytoskeleton;nucleus
F54H5.3	GO:0005789;GO:0005856;GO:0005886	GO:0005856;GO:0005886;GO:0016020	cytoskeleton;membrane;plasma membrane
F55A11.1			
F55C10.5	GO:0005737	GO:0005737	cytoplasm
F55F8.7			
F56A4.3	GO:0005829	GO:0005829	cytosol
F56A4.4			
F56A8.9			
F56B3.6	GO:0016020	GO:0016020	membrane
F56C11.3	GO:0005739;GO:0005758	GO:0005739	mitochondrion
F56C9.10	GO:0005737	GO:0005737	cytoplasm
F56F11.4	GO:0000502;GO:0008540;GO:0005634;GO:0005737	GO:0005634;GO:0005737;GO:0032991	cytoplasm;nucleus;protein-containing complex
F57B9.1			
F57B9.3	GO:0010494;GO:0043186	GO:0043226	organelle
F57B9.8	GO:0005886	GO:0005886	plasma membrane
F57C9.6	GO:0005886;GO:0016020	GO:0005886;GO:0016020	membrane;plasma membrane
F58F12.1	GO:0005739;GO:0005743;GO:0016020;GO:0045259	GO:0005739;GO:0016020;GO:0032991	membrane;mitochondrion;protein-containing complex
F58G11.4	GO:0005765;GO:0016020	GO:0016020	membrane
F58G6.3	GO:0016020	GO:0016020	membrane
F59A2.5	GO:0000408;GO:0005634;GO:0005737	GO:0005634;GO:0005737;GO:0032991	cytoplasm;nucleus;protein-containing complex
F59A3.8	GO:0005886	GO:0005886	plasma membrane
F59E12.1	GO:0035267	GO:0032991	protein-containing complex
F59F5.3	GO:0005886;GO:0016020;GO:0043235	GO:0005886;GO:0016020;GO:0032991	membrane;plasma membrane;protein-containing complex
F59G1.4	GO:0005814;GO:0036064;GO:0097542	GO:0005815;GO:0043226	microtubule organizing center;organelle
H12D21.10	GO:0005783;GO:0005788	GO:0005783	endoplasmic reticulum
H14A12.3	GO:0005634;GO:0005635;GO:0043291	GO:0005634;GO:0005635;GO:0032991	nuclear envelope;nucleus;protein-containing complex
H14N18.4	GO:0005886;GO:0016020	GO:0005886;GO:0016020	membrane;plasma membrane
H18N23.2	GO:0000164	GO:0032991	protein-containing complex
H40L08.3			
H43I07.1	GO:0005739	GO:0005739	mitochondrion
K02E10.7	GO:0005634	GO:0005634	nucleus
K02F3.12	GO:0005634;GO:0005694;GO:0005737	GO:0005634;GO:0005694;GO:0005737	chromosome;cytoplasm;nucleus
K02F3.2	GO:0005739;GO:0005743;GO:0016020	GO:0005739;GO:0016020	membrane;mitochondrion
K02F6.5			
K02F6.8			
K02G10.5	GO:0005886;GO:0016020;GO:0016323	GO:0005886;GO:0016020	membrane;plasma membrane
K03B8.6			
K04F10.1	GO:0005634	GO:0005634	nucleus
K04F10.2	GO:0005737;GO:0005856;GO:0042995;GO:0097546	GO:0005737;GO:0005856;GO:0042995	cell projection;cytoplasm;cytoskeleton
K05B2.2			
K05B2.4			
K05C4.2	GO:0005783;GO:0005789;GO:0016020	GO:0005783;GO:0016020	endoplasmic reticulum;membrane
K05C4.5	GO:0030686;GO:0032040;GO:0034455	GO:0032991	protein-containing complex
K05F1.6	GO:0016020	GO:0016020	membrane
K06H7.8	GO:0005634;GO:0005737;GO:0015630	GO:0005634;GO:0005737;GO:0005856	cytoplasm;cytoskeleton;nucleus
K07A1.10	GO:0005634;GO:0005739;GO:0005840;GO:1990904	GO:0005634;GO:0005739;GO:0005840;GO:0032991	mitochondrion;nucleus;protein-containing complex;ribosome
K07A3.3	GO:0005759		
K07B1.4	GO:0005783;GO:0005789;GO:0016020	GO:0005783;GO:0016020	endoplasmic reticulum;membrane
K07C11.10	GO:0034464	GO:0032991	protein-containing complex
K07C5.3	GO:0005634	GO:0005634	nucleus
K07E3.4			
K07F5.8			
K07H8.2	GO:0005886;GO:0016020	GO:0005886;GO:0016020	membrane;plasma membrane
K08B4.7			
K08D12.3	GO:0005737	GO:0005737	cytoplasm
K08F9.1	GO:0016020	GO:0016020	membrane
K09A9.6	GO:0005783;GO:0016020	GO:0005783;GO:0016020	endoplasmic reticulum;membrane
K09B11.5	GO:0005886	GO:0005886	plasma membrane
K09C4.1	GO:0016020	GO:0016020	membrane
K09C4.4	GO:0016020	GO:0016020	membrane
K09C4.5	GO:0016020	GO:0016020	membrane
K09E2.1			
K09E4.4			
K10C3.4	GO:0005576;GO:0005783;GO:0005789;GO:0016020;GO:0005886	GO:0005576;GO:0005783;GO:0005886;GO:0016020	endoplasmic reticulum;extracellular region;membrane;plasma membrane
K10C3.5	GO:0005829;GO:1990904	GO:0005829;GO:0032991	cytosol;protein-containing complex
K10H10.6			
K11H3.3	GO:0005739;GO:0005743;GO:0016020	GO:0005739;GO:0016020	membrane;mitochondrion
K12C11.1			
K12C11.3	GO:0016020	GO:0016020	membrane
K12C11.6	GO:0016020	GO:0016020	membrane
M03D4.4	GO:0005634	GO:0005634	nucleus
M04B2.4	GO:0005739	GO:0005739	mitochondrion
M04D5.1	GO:0005783	GO:0005783	endoplasmic reticulum
M04F3.5	GO:0009898;GO:0015629;GO:0030175	GO:0005856;GO:0042995	cell projection;cytoskeleton
M05D6.1	GO:0005634;GO:0005737	GO:0005634;GO:0005737	cytoplasm;nucleus
M106.7	GO:0000428;GO:0005666;GO:0030880;GO:0005634	GO:0005634;GO:0032991	nucleus;protein-containing complex
M176.9	GO:0005737;GO:0005886;GO:0016020	GO:0005737;GO:0005886;GO:0016020	cytoplasm;membrane;plasma membrane
M18.3	GO:0005737	GO:0005737	cytoplasm
M18.6	GO:0005634;GO:0031464	GO:0005634;GO:0032991	nucleus;protein-containing complex
M28.4	GO:0016020	GO:0016020	membrane
M28.8	GO:0016020	GO:0016020	membrane
M28.9	GO:0016020	GO:0016020	membrane
M57.2	GO:0005737;GO:0005968	GO:0005737;GO:0032991	cytoplasm;protein-containing complex
R02E12.4	GO:0005737;GO:0005929;GO:0031514;GO:0015630;GO:0042995	GO:0005737;GO:0005856;GO:0005929;GO:0042995	cell projection;cilium;cytoplasm;cytoskeleton
R02F2.1	GO:0000307;GO:0005634;GO:0005737	GO:0005634;GO:0005737;GO:0032991	cytoplasm;nucleus;protein-containing complex
R04A9.7	GO:0005654;GO:0005737;GO:0005886;GO:0016020	GO:0005654;GO:0005737;GO:0005886;GO:0016020	cytoplasm;membrane;nucleoplasm;plasma membrane
R04B3.2	GO:0005737;GO:0005764	GO:0005737;GO:0005764	cytoplasm;lysosome
R04B5.5			
R04B5.6			
R04F11.5	GO:0005783;GO:0042721	GO:0005783;GO:0032991	endoplasmic reticulum;protein-containing complex
R05G6.4	GO:0005634;GO:0005737	GO:0005634;GO:0005737	cytoplasm;nucleus
R05G6.5			
R05H5.4	GO:0005886	GO:0005886	plasma membrane
R07E3.4	GO:0005739;GO:0005743;GO:0016020	GO:0005739;GO:0016020	membrane;mitochondrion
R07E4.3	GO:0005739;GO:0005743;GO:0016020;GO:0045275	GO:0005739;GO:0016020;GO:0032991	membrane;mitochondrion;protein-containing complex
R07E5.7	GO:0005783;GO:0005789;GO:0016020;GO:0005886;GO:0031410	GO:0005783;GO:0005886;GO:0016020;GO:0031410	cytoplasmic vesicle;endoplasmic reticulum;membrane;plasma membrane
R08E3.3			
R08F11.1	GO:0016020	GO:0016020	membrane
R09B5.11	GO:0005886;GO:0016020	GO:0005886;GO:0016020	membrane;plasma membrane
R09H10.3			
R10H10.7	GO:0005737	GO:0005737	cytoplasm
R11F4.1	GO:0005739	GO:0005739	mitochondrion
R12B2.2	GO:0000139	GO:0016020	membrane
R12E2.11			
R12E2.13			
R151.1	GO:0005886;GO:0016020	GO:0005886;GO:0016020	membrane;plasma membrane
R166.3			
R74.7	GO:0005737;GO:0005829	GO:0005737;GO:0005829	cytoplasm;cytosol
T01D3.6	GO:0016020	GO:0016020	membrane
T01G1.4	GO:0005783;GO:1904423	GO:0005783;GO:0032991	endoplasmic reticulum;protein-containing complex
T02C1.2	GO:0005634;GO:0016020;GO:0035861	GO:0005634;GO:0016020	membrane;nucleus
T02G5.7	GO:0005739	GO:0005739	mitochondrion
T02H6.11	GO:0005739;GO:0005743;GO:0016020;GO:0045275	GO:0005739;GO:0016020;GO:0032991	membrane;mitochondrion;protein-containing complex
T03D8.6	GO:0005886;GO:0016020	GO:0005886;GO:0016020	membrane;plasma membrane
T03F6.6	GO:0016020	GO:0016020	membrane
T04A8.7	GO:0005737	GO:0005737	cytoplasm
T04C9.1	GO:0005737	GO:0005737	cytoplasm
T04F3.4			
T05C3.6	GO:0012505;GO:0016020	GO:0016020	membrane
T05E12.3			
T05E7.1			
T05F1.8	GO:0005739;GO:0005743;GO:0016020	GO:0005739;GO:0016020	membrane;mitochondrion
T05G5.5	GO:0005739;GO:0016020	GO:0005739;GO:0016020	membrane;mitochondrion
T05H4.4	GO:0005739;GO:0016020	GO:0005739;GO:0016020	membrane;mitochondrion
T06A4.1	GO:0005615		
T06A4.3	GO:0005615		
T06C10.3	GO:0005737;GO:0005886;GO:0016020	GO:0005737;GO:0005886;GO:0016020	cytoplasm;membrane;plasma membrane
T06D8.2	GO:0005929	GO:0005929	cilium
T07A5.1	GO:0016020	GO:0016020	membrane
T07D3.4	GO:0016020	GO:0016020	membrane
T08G3.13			
T09B4.8	GO:0005739	GO:0005739	mitochondrion
T09F3.2	GO:0005739;GO:0005743;GO:0016020	GO:0005739;GO:0016020	membrane;mitochondrion
T10B11.5	GO:0005640	GO:0016020	membrane
T10B11.6	GO:0005739	GO:0005739	mitochondrion
T10F2.2	GO:0005739;GO:0016020;GO:0031966	GO:0005739;GO:0016020	membrane;mitochondrion
T10H10.2	GO:0000139;GO:0005615	GO:0016020	membrane
T13H5.1			
T13H5.8	GO:0012505;GO:0016020	GO:0016020	membrane
T14B4.3	GO:0009897;GO:0016020	GO:0016020	membrane
T14G8.3	GO:0005783;GO:0034663	GO:0005783;GO:0032991	endoplasmic reticulum;protein-containing complex
T15B7.1	GO:0005615		
T18D3.9	GO:0005737;GO:0005739;GO:0005743;GO:0016020	GO:0005737;GO:0005739;GO:0016020	cytoplasm;membrane;mitochondrion
T19B10.5	GO:0005634;GO:0016020	GO:0005634;GO:0016020	membrane;nucleus
T19C3.4	GO:0005789;GO:0016020;GO:0005881;GO:0071782	GO:0016020	membrane
T19C3.5	GO:0005615		
T19D12.4	GO:0016020;GO:0045121	GO:0016020	membrane
T19D7.6			
T19H12.2	GO:0005634	GO:0005634	nucleus
T21G5.1	GO:0005886	GO:0005886	plasma membrane
T22B7.3			
T22B7.4	GO:0000124;GO:0005634	GO:0005634;GO:0032991	nucleus;protein-containing complex
T22D1.3	GO:0005737	GO:0005737	cytoplasm
T22D1.5	GO:0000159	GO:0032991	protein-containing complex
T22F3.12	GO:0005737	GO:0005737	cytoplasm
T22F7.1	GO:0016020	GO:0016020	membrane
T23B12.5	GO:0000139;GO:0005789;GO:0016020	GO:0016020	membrane
T23B5.4	GO:0005739	GO:0005739	mitochondrion
T23D8.3	GO:0005634;GO:0005829;GO:0030688	GO:0005634;GO:0005829;GO:0032991	cytosol;nucleus;protein-containing complex
T23G11.7	GO:0000323;GO:0005737;GO:0005768;GO:0010008;GO:0016020	GO:0005737;GO:0005768;GO:0005773;GO:0016020	cytoplasm;endosome;membrane;vacuole
T23G7.3	GO:0005730	GO:0005730	nucleolus
T24B8.7	GO:0005634;GO:0005829	GO:0005634;GO:0005829	cytosol;nucleus
T24D5.4			
T24H10.4			
T24H7.2	GO:0034663	GO:0032991	protein-containing complex
T25B9.1	GO:0005739	GO:0005739	mitochondrion
T25B9.4	GO:0005886	GO:0005886	plasma membrane
T25B9.5	GO:0005886	GO:0005886	plasma membrane
T26C5.3	GO:0016020	GO:0016020	membrane
T26G10.3	GO:0005840;GO:1990904	GO:0005840;GO:0032991	protein-containing complex;ribosome
T27E9.2	GO:0005739;GO:0005743;GO:0016020;GO:0045275	GO:0005739;GO:0016020;GO:0032991	membrane;mitochondrion;protein-containing complex
T28B8.3	GO:0000502;GO:0005634;GO:0005737;GO:0005829;GO:0016607	GO:0005634;GO:0005737;GO:0005829;GO:0032991;GO:0043226	cytoplasm;cytosol;nucleus;organelle;protein-containing complex
T28B8.4	GO:0000502;GO:0005634;GO:0005737;GO:0005829;GO:0016607	GO:0005634;GO:0005737;GO:0005829;GO:0032991;GO:0043226	cytoplasm;cytosol;nucleus;organelle;protein-containing complex
T28C12.1	GO:0005765;GO:0016020	GO:0016020	membrane
T28C12.2	GO:0005765;GO:0016020	GO:0016020	membrane
T28F3.5	GO:0005739	GO:0005739	mitochondrion
T28F4.4	GO:0005829	GO:0005829	cytosol
W01A11.1	GO:0005783;GO:0005789;GO:0016020	GO:0005783;GO:0016020	endoplasmic reticulum;membrane
W01A8.6	GO:0005615		
W01A8.8	GO:0005576;GO:0005615	GO:0005576	extracellular region
W01B6.3	GO:0005765;GO:0016020	GO:0016020	membrane
W01C8.5			
W02B3.4	GO:0016020	GO:0016020	membrane
W02B3.7	GO:0016020	GO:0016020	membrane
W02D3.12	GO:0005739	GO:0005739	mitochondrion
W02F12.2	GO:0000139;GO:0016020	GO:0016020	membrane
W02F12.4	GO:0005737	GO:0005737	cytoplasm
W03A5.2	GO:0012505;GO:0016020	GO:0016020	membrane
W03C9.6	GO:0005765;GO:0016020	GO:0016020	membrane
W03D8.8			
W03F8.4	GO:0000408;GO:0005634;GO:0005829	GO:0005634;GO:0005829;GO:0032991	cytosol;nucleus;protein-containing complex
W03F9.4	GO:0005737;GO:0005739;GO:0016020	GO:0005737;GO:0005739;GO:0016020	cytoplasm;membrane;mitochondrion
W03G11.3	GO:0005764	GO:0005764	lysosome
W04A8.1	GO:0005634	GO:0005634	nucleus
W04C9.2	GO:0005739;GO:0005743;GO:0016020;GO:0044284;GO:0061617	GO:0005739;GO:0016020;GO:0032991	membrane;mitochondrion;protein-containing complex
W04C9.5	GO:0005886	GO:0005886	plasma membrane
W04G3.5	GO:0005737	GO:0005737	cytoplasm
W06E11.1	GO:0005634;GO:0005666	GO:0005634;GO:0032991	nucleus;protein-containing complex
W07B8.4	GO:0005615;GO:0005764	GO:0005764	lysosome
W08F4.3	GO:0005637;GO:0005640;GO:0005789;GO:0016020;GO:0005783	GO:0005783;GO:0016020	endoplasmic reticulum;membrane
W09C3.4	GO:0000428;GO:0005666;GO:0005634;GO:0005654;GO:0005737	GO:0005634;GO:0005654;GO:0005737;GO:0032991	cytoplasm;nucleoplasm;nucleus;protein-containing complex
W09G3.6	GO:0005737	GO:0005737	cytoplasm
W09G3.7	GO:0005743	GO:0016020	membrane
W10C8.5	GO:0005615		
Y105C5A.24	GO:0000407;GO:0005737;GO:0005776;GO:0005829;GO:0034045	GO:0005737;GO:0005773;GO:0005829;GO:0016020	cytoplasm;cytosol;membrane;vacuole
Y105E8A.11	GO:0005759		
Y105E8A.14	GO:0005634;GO:0005737;GO:0005829	GO:0005634;GO:0005737;GO:0005829	cytoplasm;cytosol;nucleus
Y105E8B.9	GO:0005615		
Y106G6D.5	GO:0005694;GO:0016604	GO:0005694;GO:0043226	chromosome;organelle
Y110A7A.9	GO:0005634;GO:0005737;GO:0005794;GO:0005856;GO:0005929;GO:0031410;GO:0042995	GO:0005634;GO:0005737;GO:0005794;GO:0005856;GO:0005929;GO:0031410;GO:0042995	Golgi apparatus;cell projection;cilium;cytoplasm;cytoplasmic vesicle;cytoskeleton;nucleus
Y113G7B.15	GO:0005615;GO:0005764	GO:0005764	lysosome
Y116A8C.10	GO:0012505		
Y116A8C.19	GO:0005829;GO:0043186	GO:0005829;GO:0043226	cytosol;organelle
Y116A8C.20	GO:0005829;GO:0043186	GO:0005829;GO:0043226	cytosol;organelle
Y116A8C.24	GO:0005886	GO:0005886	plasma membrane
Y116A8C.27	GO:0005739	GO:0005739	mitochondrion
Y116A8C.30	GO:0005739;GO:0016020;GO:0045271	GO:0005739;GO:0016020;GO:0032991	membrane;mitochondrion;protein-containing complex
Y119D3B.14	GO:0005739	GO:0005739	mitochondrion
Y16B4A.2	GO:0045121	GO:0016020	membrane
Y17G9B.8	GO:0000124;GO:0140535;GO:1990234;GO:0000785;GO:0005634	GO:0005634;GO:0032991	nucleus;protein-containing complex
Y18H1A.11			
Y18H1A.9	GO:0005615		
Y19D10A.16			
Y22D7AL.11	GO:0016020	GO:0016020	membrane
Y32F6B.1	GO:0005886;GO:0016020;GO:0016323	GO:0005886;GO:0016020	membrane;plasma membrane
Y32H12A.7	GO:0005739	GO:0005739	mitochondrion
Y34B4A.2	GO:0000323;GO:0005768	GO:0005768;GO:0005773	endosome;vacuole
Y34B4A.4	GO:0005886	GO:0005886	plasma membrane
Y37A1A.3	GO:0016020	GO:0016020	membrane
Y37A1A.4			
Y37B11A.3	GO:0005739;GO:0016020;GO:0031966	GO:0005739;GO:0016020	membrane;mitochondrion
Y37E11AM.3	GO:0005783;GO:0005789;GO:0016020	GO:0005783;GO:0016020	endoplasmic reticulum;membrane
Y37E3.17	GO:0005737;GO:0005739;GO:0005759	GO:0005737;GO:0005739	cytoplasm;mitochondrion
Y38E10A.8	GO:0005634;GO:0005737	GO:0005634;GO:0005737	cytoplasm;nucleus
Y38F1A.2	GO:0005783;GO:0005789;GO:0016020	GO:0005783;GO:0016020	endoplasmic reticulum;membrane
Y38F1A.8	GO:0000139;GO:0005789;GO:0016020	GO:0016020	membrane
Y38F2AR.3	GO:0005739;GO:0016020	GO:0005739;GO:0016020	membrane;mitochondrion
Y38H6C.16	GO:0016020	GO:0016020	membrane
Y38H6C.8	GO:0009897		
Y39A1A.22	GO:0005886;GO:0016020	GO:0005886;GO:0016020	membrane;plasma membrane
Y39B6A.3	GO:0005737;GO:0005739	GO:0005737;GO:0005739	cytoplasm;mitochondrion
Y39B6A.34	GO:0005739;GO:0005743;GO:0016020	GO:0005739;GO:0016020	membrane;mitochondrion
Y39G8B.1	GO:0005829	GO:0005829	cytosol
Y39G8B.2	GO:0005829	GO:0005829	cytosol
Y41D4A.6	GO:0005739;GO:0030956	GO:0005739;GO:0032991	mitochondrion;protein-containing complex
Y42H9AR.1	GO:0000139;GO:0016020;GO:0005794	GO:0005794;GO:0016020	Golgi apparatus;membrane
Y42H9AR.2	GO:0005783;GO:0005794;GO:0016020	GO:0005783;GO:0005794;GO:0016020	Golgi apparatus;endoplasmic reticulum;membrane
Y43C5B.2			
Y43D4A.6	GO:0005634	GO:0005634	nucleus
Y44A6D.5	GO:0005739	GO:0005739	mitochondrion
Y45F10D.7	GO:0032040;GO:0034388	GO:0032991	protein-containing complex
Y45G12C.3	GO:0005829	GO:0005829	cytosol
Y46B2A.3	GO:0005615;GO:0016020	GO:0016020	membrane
Y46E12A.3			
Y47C4A.1	GO:0005739;GO:0005745;GO:0016020	GO:0005739;GO:0016020;GO:0032991	membrane;mitochondrion;protein-containing complex
Y47D3A.14	GO:0005634;GO:0005737	GO:0005634;GO:0005737	cytoplasm;nucleus
Y47D3A.21			
Y47D9A.1	GO:0005737	GO:0005737	cytoplasm
Y47G6A.31	GO:0016020	GO:0016020	membrane
Y48A6B.3	GO:0005634;GO:0005730;GO:0005732;GO:0031429;GO:1990904	GO:0005634;GO:0005730;GO:0032991	nucleolus;nucleus;protein-containing complex
Y48B6A.13	GO:0005829	GO:0005829	cytosol
Y48C3A.18	GO:0005737	GO:0005737	cytoplasm
Y48E1B.17	GO:0005783;GO:0016020	GO:0005783;GO:0016020	endoplasmic reticulum;membrane
Y48G9A.9			
Y50E8A.6	GO:0005739	GO:0005739	mitochondrion
Y51A2D.13	GO:0012505;GO:0016020	GO:0016020	membrane
Y52B11A.4	GO:0005886	GO:0005886	plasma membrane
Y52D5A.2	GO:0005886	GO:0005886	plasma membrane
Y53F4B.12	GO:0005886;GO:0016020	GO:0005886;GO:0016020	membrane;plasma membrane
Y53F4B.14	GO:0005739;GO:0005743;GO:0016020;GO:0031966	GO:0005739;GO:0016020	membrane;mitochondrion
Y53F4B.9	GO:0005634	GO:0005634	nucleus
Y53G8B.2	GO:0005783;GO:0005789;GO:0016020	GO:0005783;GO:0016020	endoplasmic reticulum;membrane
Y54E2A.4	GO:0005783;GO:0016020	GO:0005783;GO:0016020	endoplasmic reticulum;membrane
Y54F10AL.1	GO:0005794;GO:0016020	GO:0005794;GO:0016020	Golgi apparatus;membrane
Y54F10AR.1	GO:0005737	GO:0005737	cytoplasm
Y54G11A.9	GO:0005739	GO:0005739	mitochondrion
Y54G2A.12	GO:0071013	GO:0032991	protein-containing complex
Y54G2A.18	GO:0005783;GO:0005789;GO:0016020;GO:0045121	GO:0005783;GO:0016020	endoplasmic reticulum;membrane
Y55F3BR.2			
Y55F3BR.6	GO:0005634;GO:0005737	GO:0005634;GO:0005737	cytoplasm;nucleus
Y56A3A.16			
Y56A3A.2	GO:0005737;GO:0012505;GO:0016020	GO:0005737;GO:0016020	cytoplasm;membrane
Y57A10A.29	GO:0005739;GO:0005759	GO:0005739	mitochondrion
Y57G11A.4			
Y57G11A.5	GO:0005634;GO:0016607	GO:0005634;GO:0043226	nucleus;organelle
Y58A7A.1	GO:0016020	GO:0016020	membrane
Y59C2A.1	GO:0005576;GO:0005615	GO:0005576	extracellular region
Y60A9.3	GO:0005829;GO:0043186	GO:0005829;GO:0043226	cytosol;organelle
Y61A9LA.10	GO:0005634;GO:0005654;GO:0005730;GO:0032040	GO:0005634;GO:0005654;GO:0005730;GO:0032991	nucleolus;nucleoplasm;nucleus;protein-containing complex
Y62E10A.13	GO:0005737	GO:0005737	cytoplasm
Y62E10A.6	GO:0005739	GO:0005739	mitochondrion
Y65B4A.8			
Y66D12A.21	GO:0016020	GO:0016020	membrane
Y66D12A.7	GO:0005739;GO:0030956	GO:0005739;GO:0032991	mitochondrion;protein-containing complex
Y66D12A.8	GO:0005737	GO:0005737	cytoplasm
Y67D8C.22	GO:0016020	GO:0016020	membrane
Y67H2A.7	GO:0005739	GO:0005739	mitochondrion
Y69A2AR.18	GO:0005739;GO:0005743;GO:0016020;GO:0045259	GO:0005739;GO:0016020;GO:0032991	membrane;mitochondrion;protein-containing complex
Y69E1A.3	GO:0005886	GO:0005886	plasma membrane
Y6B3B.9	GO:0005634;GO:0090730	GO:0005634;GO:0032991	nucleus;protein-containing complex
Y70C5C.1	GO:0005737;GO:0005739;GO:0005829	GO:0005737;GO:0005739;GO:0005829	cytoplasm;cytosol;mitochondrion
Y70G10A.3	GO:0005886;GO:0016020;GO:0016323	GO:0005886;GO:0016020	membrane;plasma membrane
Y71A12B.10	GO:0070971		
Y71F9B.2	GO:0005739;GO:0005743;GO:0016020	GO:0005739;GO:0016020	membrane;mitochondrion
Y71G10AR.4	GO:0016020	GO:0016020	membrane
Y71G12B.10			
Y71G12B.17	GO:0005737;GO:0071944	GO:0005737	cytoplasm
Y71G12B.23	GO:0016020	GO:0016020	membrane
Y71H2AM.1	GO:0000408;GO:0005634;GO:0005737	GO:0005634;GO:0005737;GO:0032991	cytoplasm;nucleus;protein-containing complex
Y71H2AM.11			
Y71H2AM.20	GO:0000159;GO:0005634;GO:0005737	GO:0005634;GO:0005737;GO:0032991	cytoplasm;nucleus;protein-containing complex
Y71H2AM.6	GO:0005634;GO:0005737	GO:0005634;GO:0005737	cytoplasm;nucleus
Y73B3B.1			
Y73B6BL.14			
Y73B6BL.289	GO:0000930;GO:0031083;GO:0099078	GO:0032991	protein-containing complex
Y73F8A.26	GO:0005783	GO:0005783	endoplasmic reticulum
Y7A9A.1	GO:0005886;GO:0016020	GO:0005886;GO:0016020	membrane;plasma membrane
Y82E9BR.18	GO:0005634;GO:0005737;GO:1990112	GO:0005634;GO:0005737;GO:0032991	cytoplasm;nucleus;protein-containing complex
Y82E9BR.3	GO:0005739;GO:0016020;GO:0031966;GO:0033177;GO:0045259	GO:0005739;GO:0016020;GO:0032991	membrane;mitochondrion;protein-containing complex
Y87G2A.19	GO:0005765;GO:0010008;GO:0016020;GO:0031902	GO:0016020	membrane
Y92H12A.2	GO:0005737	GO:0005737	cytoplasm
Y92H12A.5			
Y92H12BL.1	GO:0005783;GO:0016020	GO:0005783;GO:0016020	endoplasmic reticulum;membrane
Y94A7B.11	GO:0005744;GO:0016020	GO:0016020;GO:0032991	membrane;protein-containing complex
Y94H6A.7	GO:0005737	GO:0005737	cytoplasm
ZC196.2	GO:0005789;GO:0005856;GO:0005886	GO:0005856;GO:0005886;GO:0016020	cytoskeleton;membrane;plasma membrane
ZC239.14			
ZC239.15			
ZC239.16	GO:0016020	GO:0016020	membrane
ZC239.17	GO:0016020	GO:0016020	membrane
ZC239.3	GO:0016020	GO:0016020	membrane
ZC239.4			
ZC239.5	GO:0016020	GO:0016020	membrane
ZC250.2	GO:0016020	GO:0016020	membrane
ZC262.5	GO:0005739;GO:0005743;GO:0016020;GO:0045259	GO:0005739;GO:0016020;GO:0032991	membrane;mitochondrion;protein-containing complex
ZC434.4	GO:0032545;GO:0034456	GO:0032991	protein-containing complex
ZC434.8	GO:0005615		
ZC434.9	GO:0005615		
ZC443.1	GO:0005829	GO:0005829	cytosol
ZC506.1	GO:0005783;GO:0016020;GO:0044322	GO:0005783;GO:0016020	endoplasmic reticulum;membrane
ZC513.2	GO:0005615		
ZC581.7	GO:0005886	GO:0005886	plasma membrane
ZC581.9			
ZK1010.2	GO:0005739	GO:0005739	mitochondrion
ZK1053.6	GO:0005886;GO:0016020	GO:0005886;GO:0016020	membrane;plasma membrane
ZK1058.3	GO:0005737	GO:0005737	cytoplasm
ZK1067.4	GO:0016020	GO:0016020	membrane
ZK1127.3	GO:0005634;GO:0035267;GO:0043189	GO:0005634;GO:0032991	nucleus;protein-containing complex
ZK1128.7	GO:0005634;GO:0005737	GO:0005634;GO:0005737	cytoplasm;nucleus
ZK1236.1	GO:0005739;GO:0005743;GO:0016020;GO:0005759	GO:0005739;GO:0016020	membrane;mitochondrion
ZK1240.1			
ZK1240.2			
ZK1240.3			
ZK1240.9			
ZK1248.11	GO:0005634;GO:0030915	GO:0005634;GO:0032991	nucleus;protein-containing complex
ZK1248.19			
ZK1251.3	GO:0016020	GO:0016020	membrane
ZK1290.5	GO:0005829	GO:0005829	cytosol
ZK1307.8	GO:0005783;GO:0017177	GO:0005783;GO:0032991	endoplasmic reticulum;protein-containing complex
ZK154.4	GO:0030141	GO:0031410	cytoplasmic vesicle
ZK185.2	GO:0005886;GO:0016020	GO:0005886;GO:0016020	membrane;plasma membrane
ZK185.4	GO:0000139;GO:0005789;GO:0016020	GO:0016020	membrane
ZK287.4			
ZK354.8			
ZK430.5	GO:0005634;GO:0005737;GO:0005813;GO:0072686	GO:0005634;GO:0005737;GO:0005815;GO:0043226	cytoplasm;microtubule organizing center;nucleus;organelle
ZK470.1	GO:0005737;GO:0005739;GO:0016020	GO:0005737;GO:0005739;GO:0016020	cytoplasm;membrane;mitochondrion
ZK484.7			
ZK550.6	GO:0005777	GO:0005777	peroxisome
ZK563.2	GO:0005886;GO:0016020;GO:0016324	GO:0005886;GO:0016020	membrane;plasma membrane
ZK563.7			
ZK622.1	GO:0005886	GO:0005886	plasma membrane
ZK632.14	GO:0000172;GO:0005634	GO:0005634;GO:0032991	nucleus;protein-containing complex
ZK632.4	GO:0005737;GO:0005829	GO:0005737;GO:0005829	cytoplasm;cytosol
ZK673.2	GO:0005737;GO:0005759	GO:0005737	cytoplasm
ZK686.3	GO:0005783;GO:0005789;GO:0016020;GO:0008250	GO:0005783;GO:0016020;GO:0032991	endoplasmic reticulum;membrane;protein-containing complex
ZK688.5	GO:0071818	GO:0032991	protein-containing complex
ZK697.14	GO:0005737	GO:0005737	cytoplasm
ZK697.8			
ZK792.4			
ZK84.2	GO:0016020	GO:0016020	membrane
ZK892.4	GO:0005739	GO:0005739	mitochondrion
ZK930.2	GO:0005634	GO:0005634	nucleus
ZK973.9			
aagr-1	GO:0005764;GO:0016020	GO:0005764;GO:0016020	lysosome;membrane
aagr-2	GO:0005764;GO:0016020	GO:0005764;GO:0016020	lysosome;membrane
aagr-3	GO:0005764;GO:0005783	GO:0005764;GO:0005783	endoplasmic reticulum;lysosome
aagr-4			
aak-1	GO:0005634;GO:0005737;GO:0031588	GO:0005634;GO:0005737;GO:0032991	cytoplasm;nucleus;protein-containing complex
aak-2	GO:0005634;GO:0005737;GO:0030424;GO:0031588;GO:0043025;GO:0120025	GO:0005634;GO:0005737;GO:0032991;GO:0042995;GO:0043005	cell projection;cytoplasm;neuron projection;nucleus;protein-containing complex
aakg-1	GO:0005634;GO:0005737;GO:0005886;GO:0031588	GO:0005634;GO:0005737;GO:0005886;GO:0032991	cytoplasm;nucleus;plasma membrane;protein-containing complex
aakg-2	GO:0005634;GO:0005737;GO:0005886;GO:0031588	GO:0005634;GO:0005737;GO:0005886;GO:0032991	cytoplasm;nucleus;plasma membrane;protein-containing complex
aakg-3	GO:0005634;GO:0005737;GO:0005886;GO:0031588	GO:0005634;GO:0005737;GO:0005886;GO:0032991	cytoplasm;nucleus;plasma membrane;protein-containing complex
aap-1	GO:0005942;GO:0005943	GO:0032991	protein-containing complex
aars-1	GO:0005737;GO:0005739	GO:0005737;GO:0005739	cytoplasm;mitochondrion
aars-2	GO:0005737	GO:0005737	cytoplasm
aass-1	GO:0005737	GO:0005737	cytoplasm
aat-1	GO:0005886;GO:0016020;GO:1990184	GO:0005886;GO:0016020;GO:0032991	membrane;plasma membrane;protein-containing complex
aat-2	GO:0016020	GO:0016020	membrane
aat-3	GO:0005886;GO:0016020;GO:1990184	GO:0005886;GO:0016020;GO:0032991	membrane;plasma membrane;protein-containing complex
aat-4	GO:0016020	GO:0016020	membrane
aat-9	GO:0009986;GO:0016020	GO:0016020	membrane
aatf-1	GO:0005634;GO:0005730	GO:0005634;GO:0005730	nucleolus;nucleus
abce-1	GO:0005737;GO:0005829	GO:0005737;GO:0005829	cytoplasm;cytosol
abch-1	GO:0005886;GO:0016020;GO:0043190	GO:0005886;GO:0016020;GO:0032991	membrane;plasma membrane;protein-containing complex
abcx-1	GO:0005886;GO:0016020	GO:0005886;GO:0016020	membrane;plasma membrane
abhd-12	GO:0005789;GO:0016020	GO:0016020	membrane
abhd-5.1	GO:0005811	GO:0005811	lipid droplet
abhd-5.2	GO:0005811	GO:0005811	lipid droplet
abl-1	GO:0005737;GO:0005886;GO:0016020	GO:0005737;GO:0005886;GO:0016020	cytoplasm;membrane;plasma membrane
abt-2	GO:0016020	GO:0016020	membrane
abt-4	GO:0016020	GO:0016020	membrane
abtm-1	GO:0005739;GO:0005743;GO:0016020	GO:0005739;GO:0016020	membrane;mitochondrion
abts-1	GO:0005886;GO:0016020;GO:0016323;GO:0045202	GO:0005886;GO:0016020;GO:0045202	membrane;plasma membrane;synapse
abts-2	GO:0005886;GO:0016020;GO:0016323	GO:0005886;GO:0016020	membrane;plasma membrane
abts-3	GO:0005886;GO:0016020;GO:0016323	GO:0005886;GO:0016020	membrane;plasma membrane
abts-4	GO:0005886;GO:0016020;GO:0016323	GO:0005886;GO:0016020	membrane;plasma membrane
acbp-1			
acbp-3	GO:0005737	GO:0005737	cytoplasm
acbp-4	GO:0005737	GO:0005737	cytoplasm
acdh-10	GO:0005737;GO:0005739;GO:0005759	GO:0005737;GO:0005739	cytoplasm;mitochondrion
acdh-12	GO:0005739;GO:0005743;GO:0016020	GO:0005739;GO:0016020	membrane;mitochondrion
acdh-13	GO:0005739	GO:0005739	mitochondrion
acdh-7	GO:0005737;GO:0005739;GO:0005759	GO:0005737;GO:0005739	cytoplasm;mitochondrion
acdh-8	GO:0005737;GO:0005739;GO:0005759	GO:0005737;GO:0005739	cytoplasm;mitochondrion
ace-1	GO:0005576;GO:0043083;GO:0005615;GO:0005886;GO:0016020;GO:0045202	GO:0005576;GO:0005886;GO:0016020;GO:0045202	extracellular region;membrane;plasma membrane;synapse
ace-2	GO:0005615;GO:0005886;GO:0043083;GO:0045202	GO:0005576;GO:0005886;GO:0045202	extracellular region;plasma membrane;synapse
ace-3	GO:0005615;GO:0005886;GO:0043083	GO:0005576;GO:0005886	extracellular region;plasma membrane
ace-4	GO:0005615;GO:0005886	GO:0005886	plasma membrane
acl-1	GO:0005783;GO:0016020	GO:0005783;GO:0016020	endoplasmic reticulum;membrane
acl-2	GO:0005783;GO:0016020	GO:0005783;GO:0016020	endoplasmic reticulum;membrane
acl-3	GO:0005739;GO:0005741;GO:0005743;GO:0031966	GO:0005739;GO:0016020	membrane;mitochondrion
acl-6	GO:0005739;GO:0005886;GO:0016020;GO:0031966	GO:0005739;GO:0005886;GO:0016020	membrane;mitochondrion;plasma membrane
acl-7	GO:0005778;GO:0012505;GO:0016020	GO:0016020;GO:0043226	membrane;organelle
acn-1	GO:0005575;GO:0016020	GO:0016020	membrane
aco-1	GO:0005737;GO:0005829	GO:0005737;GO:0005829	cytoplasm;cytosol
aco-2	GO:0005739;GO:0005829	GO:0005739;GO:0005829	cytosol;mitochondrion
acox-1.1	GO:0005777;GO:0005782	GO:0005777	peroxisome
acox-1.2	GO:0005777	GO:0005777	peroxisome
acox-1.3	GO:0005777	GO:0005777	peroxisome
acox-1.4	GO:0005777	GO:0005777	peroxisome
acox-1.5	GO:0005777	GO:0005777	peroxisome
acox-1.6	GO:0005777	GO:0005777	peroxisome
acr-10	GO:0005886;GO:0005892;GO:0016020;GO:0045211;GO:0043005;GO:0045202	GO:0005886;GO:0016020;GO:0032991;GO:0043005;GO:0045202	membrane;neuron projection;plasma membrane;protein-containing complex;synapse
acr-11	GO:0005886;GO:0005892;GO:0016020;GO:0045211;GO:0043005;GO:0045202	GO:0005886;GO:0016020;GO:0032991;GO:0043005;GO:0045202	membrane;neuron projection;plasma membrane;protein-containing complex;synapse
acr-12	GO:0005886;GO:0005892;GO:0016020;GO:0045211;GO:0043005;GO:0045202	GO:0005886;GO:0016020;GO:0032991;GO:0043005;GO:0045202	membrane;neuron projection;plasma membrane;protein-containing complex;synapse
acr-14	GO:0005886;GO:0005892;GO:0016020;GO:0045211;GO:0043005;GO:0045202	GO:0005886;GO:0016020;GO:0032991;GO:0043005;GO:0045202	membrane;neuron projection;plasma membrane;protein-containing complex;synapse
acr-15	GO:0005886;GO:0005892;GO:0016020;GO:0045211;GO:0043005;GO:0045202	GO:0005886;GO:0016020;GO:0032991;GO:0043005;GO:0045202	membrane;neuron projection;plasma membrane;protein-containing complex;synapse
acr-16	GO:0005886;GO:0005892;GO:0016020;GO:0045211;GO:0042995;GO:0043005;GO:0045202	GO:0005886;GO:0016020;GO:0032991;GO:0042995;GO:0043005;GO:0045202	cell projection;membrane;neuron projection;plasma membrane;protein-containing complex;synapse
acr-18	GO:0005886;GO:0005892;GO:0016020;GO:0043005;GO:0045202;GO:0098794	GO:0005886;GO:0016020;GO:0032991;GO:0043005;GO:0045202	membrane;neuron projection;plasma membrane;protein-containing complex;synapse
acr-19	GO:0005886;GO:0005892;GO:0016020;GO:0045211;GO:0043005;GO:0045202	GO:0005886;GO:0016020;GO:0032991;GO:0043005;GO:0045202	membrane;neuron projection;plasma membrane;protein-containing complex;synapse
acr-21	GO:0005886;GO:0016020;GO:0045211;GO:0043005;GO:0045202;GO:1902495	GO:0005886;GO:0016020;GO:0032991;GO:0043005;GO:0045202	membrane;neuron projection;plasma membrane;protein-containing complex;synapse
acr-25	GO:0005886;GO:0005892;GO:0016020;GO:0045211;GO:0043005;GO:0045202	GO:0005886;GO:0016020;GO:0032991;GO:0043005;GO:0045202	membrane;neuron projection;plasma membrane;protein-containing complex;synapse
acr-3	GO:0005886;GO:0005892;GO:0016020;GO:0045211;GO:0043005;GO:0045202	GO:0005886;GO:0016020;GO:0032991;GO:0043005;GO:0045202	membrane;neuron projection;plasma membrane;protein-containing complex;synapse
acr-5	GO:0005886;GO:0016020;GO:0045211;GO:0043005;GO:0045202;GO:1902495	GO:0005886;GO:0016020;GO:0032991;GO:0043005;GO:0045202	membrane;neuron projection;plasma membrane;protein-containing complex;synapse
acr-7	GO:0005886;GO:0005892;GO:0016020;GO:0045211;GO:0043005;GO:0045202	GO:0005886;GO:0016020;GO:0032991;GO:0043005;GO:0045202	membrane;neuron projection;plasma membrane;protein-containing complex;synapse
acr-8	GO:0005886;GO:0005892;GO:0016020;GO:0045211;GO:0043005;GO:0045202	GO:0005886;GO:0016020;GO:0032991;GO:0043005;GO:0045202	membrane;neuron projection;plasma membrane;protein-containing complex;synapse
acr-9	GO:0005886;GO:0005892;GO:0016020;GO:0045211;GO:0043005;GO:0045202	GO:0005886;GO:0016020;GO:0032991;GO:0043005;GO:0045202	membrane;neuron projection;plasma membrane;protein-containing complex;synapse
acs-11			
acs-13	GO:0005783;GO:0016020	GO:0005783;GO:0016020	endoplasmic reticulum;membrane
acs-17	GO:0005783;GO:0005811;GO:0005886;GO:0016020	GO:0005783;GO:0005811;GO:0005886;GO:0016020	endoplasmic reticulum;lipid droplet;membrane;plasma membrane
acs-19			
acs-20	GO:0005789;GO:0016020;GO:0005886;GO:0043231	GO:0005886;GO:0016020;GO:0043226	membrane;organelle;plasma membrane
acs-21			
acs-22	GO:0005777;GO:0005778;GO:0005783;GO:0005789;GO:0016020;GO:0005886	GO:0005777;GO:0005783;GO:0005886;GO:0016020;GO:0043226	endoplasmic reticulum;membrane;organelle;peroxisome;plasma membrane
acs-4	GO:0005783;GO:0005811;GO:0005886	GO:0005783;GO:0005811;GO:0005886	endoplasmic reticulum;lipid droplet;plasma membrane
acs-5	GO:0005783;GO:0016020	GO:0005783;GO:0016020	endoplasmic reticulum;membrane
acsd-1	GO:0005737;GO:0005829	GO:0005737;GO:0005829	cytoplasm;cytosol
act-1	GO:0005737;GO:0005856;GO:0015629	GO:0005737;GO:0005856	cytoplasm;cytoskeleton
act-2	GO:0005737;GO:0005938;GO:0005856;GO:0015629;GO:0005884	GO:0005737;GO:0005856	cytoplasm;cytoskeleton
act-4	GO:0005737;GO:0005856;GO:0015629;GO:0005865;GO:0045121	GO:0005737;GO:0005856;GO:0016020	cytoplasm;cytoskeleton;membrane
act-5	GO:0005737;GO:0005856;GO:0015629;GO:1990357;GO:0097516	GO:0005737;GO:0005856	cytoplasm;cytoskeleton
acy-1	GO:0005886;GO:0016020	GO:0005886;GO:0016020	membrane;plasma membrane
acy-2	GO:0005886;GO:0016020	GO:0005886;GO:0016020	membrane;plasma membrane
acy-3	GO:0005886;GO:0016020	GO:0005886;GO:0016020	membrane;plasma membrane
acy-4	GO:0005886;GO:0016020	GO:0005886;GO:0016020	membrane;plasma membrane
adah-1	GO:0005829;GO:0009897	GO:0005829	cytosol
add-1	GO:0005737;GO:0005856;GO:0005886;GO:0014069;GO:0016020	GO:0005737;GO:0005856;GO:0005886;GO:0016020;GO:0043226	cytoplasm;cytoskeleton;membrane;organelle;plasma membrane
add-2	GO:0005737;GO:0005856;GO:0005886;GO:0014069;GO:0016020	GO:0005737;GO:0005856;GO:0005886;GO:0016020;GO:0043226	cytoplasm;cytoskeleton;membrane;organelle;plasma membrane
adh-5	GO:0005737;GO:0005829	GO:0005737;GO:0005829	cytoplasm;cytosol
adk-1	GO:0005634;GO:0005829	GO:0005634;GO:0005829	cytosol;nucleus
adm-2	GO:0005764;GO:0005765;GO:0010008;GO:0016020;GO:0005768;GO:0005886	GO:0005764;GO:0005768;GO:0005886;GO:0016020	endosome;lysosome;membrane;plasma membrane
adm-4	GO:0005886;GO:0016020	GO:0005886;GO:0016020	membrane;plasma membrane
ador-1	GO:0005886;GO:0016020	GO:0005886;GO:0016020	membrane;plasma membrane
adpr-1	GO:0005737;GO:0080008	GO:0005737;GO:0032991	cytoplasm;protein-containing complex
adr-2	GO:0005634;GO:0005730;GO:0005737	GO:0005634;GO:0005730;GO:0005737	cytoplasm;nucleolus;nucleus
ads-1	GO:0005777	GO:0005777	peroxisome
adsl-1	GO:0005829	GO:0005829	cytosol
adss-1	GO:0005737	GO:0005737	cytoplasm
adt-1	GO:0005576;GO:0031012	GO:0005576;GO:0031012	extracellular matrix;extracellular region
adt-2	GO:0005576;GO:0031012	GO:0005576;GO:0031012	extracellular matrix;extracellular region
adt-3	GO:0005576;GO:0031012	GO:0005576;GO:0031012	extracellular matrix;extracellular region
aex-3	GO:0005737;GO:0005829;GO:0005886;GO:0016020;GO:0045202	GO:0005737;GO:0005829;GO:0005886;GO:0016020;GO:0045202	cytoplasm;cytosol;membrane;plasma membrane;synapse
aex-6	GO:0005737;GO:0005768;GO:0005770;GO:0005794;GO:0008021;GO:0030141;GO:0070382;GO:0012505;GO:0016020;GO:0016324	GO:0005737;GO:0005768;GO:0005794;GO:0016020;GO:0031410	Golgi apparatus;cytoplasm;cytoplasmic vesicle;endosome;membrane
afd-1	GO:0005911;GO:0005912	GO:0030054	cell junction
age-1	GO:0005737;GO:0005886;GO:0005942;GO:0097730	GO:0005737;GO:0005886;GO:0005929;GO:0032991	cilium;cytoplasm;plasma membrane;protein-containing complex
agef-1	GO:0005737;GO:0005794;GO:0016020;GO:0048471	GO:0005737;GO:0005794;GO:0016020	Golgi apparatus;cytoplasm;membrane
agl-1	GO:0005737	GO:0005737	cytoplasm
agns-1			
agr-1	GO:0005604;GO:0005615;GO:0005886	GO:0005886;GO:0031012	extracellular matrix;plasma membrane
ags-3	GO:0005737;GO:0005938;GO:0005886;GO:0016020	GO:0005737;GO:0005886;GO:0016020	cytoplasm;membrane;plasma membrane
agt-1	GO:0005634	GO:0005634	nucleus
agxt-1	GO:0005739;GO:0005777	GO:0005739;GO:0005777	mitochondrion;peroxisome
aha-1	GO:0005634;GO:0005667;GO:0034751;GO:0090575;GO:0101031;GO:0005737	GO:0005634;GO:0005737;GO:0032991	cytoplasm;nucleus;protein-containing complex
ahcy-1	GO:0005829	GO:0005829	cytosol
ahr-1	GO:0005634;GO:0034751;GO:0034753	GO:0005634;GO:0032991	nucleus;protein-containing complex
aipr-1	GO:0005737	GO:0005737	cytoplasm
air-1	GO:0000235;GO:0000922;GO:0005828;GO:0005876;GO:0030496;GO:0051233;GO:0000776;GO:0000794;GO:0005634;GO:0005813;GO:0031616;GO:0032133	GO:0000228;GO:0005634;GO:0005815;GO:0032991;GO:0043226	microtubule organizing center;nuclear chromosome;nucleus;organelle;protein-containing complex
air-2	GO:0000776;GO:0005819;GO:0000793;GO:0005694;GO:0000794;GO:0000922;GO:0005876;GO:0030496;GO:0051233;GO:0005634;GO:0005737;GO:0005813;GO:0005856;GO:0015630;GO:0032133	GO:0000228;GO:0005634;GO:0005694;GO:0005737;GO:0005815;GO:0005856;GO:0032991;GO:0043226	chromosome;cytoplasm;cytoskeleton;microtubule organizing center;nuclear chromosome;nucleus;organelle;protein-containing complex
akap-1	GO:0005575;GO:0005739;GO:0016020	GO:0005739;GO:0016020	membrane;mitochondrion
akir-1	GO:0000785;GO:0005634	GO:0005634	nucleus
akt-1	GO:0009898;GO:0043025;GO:0030424;GO:0030425;GO:1902911	GO:0032991;GO:0043005	neuron projection;protein-containing complex
akt-2	GO:1902911	GO:0032991	protein-containing complex
aldo-1	GO:0000792;GO:0030017;GO:0055120;GO:0005737;GO:0005783;GO:0005829	GO:0005737;GO:0005783;GO:0005829	cytoplasm;cytosol;endoplasmic reticulum
aldo-2	GO:0000792;GO:0005737;GO:0005829	GO:0005737;GO:0005829	cytoplasm;cytosol
alfa-1	GO:0005768;GO:0005776	GO:0005768;GO:0005773	endosome;vacuole
alg-1	GO:0000932;GO:0036464;GO:0005634;GO:0005737;GO:0016442;GO:1990904	GO:0005634;GO:0005737;GO:0032991;GO:0043226	cytoplasm;nucleus;organelle;protein-containing complex
alg-2	GO:0000932;GO:0036464;GO:0005634;GO:0005737;GO:0016442;GO:1990904	GO:0005634;GO:0005737;GO:0032991;GO:0043226	cytoplasm;nucleus;organelle;protein-containing complex
algn-1	GO:0005783;GO:0005789;GO:0016020	GO:0005783;GO:0016020	endoplasmic reticulum;membrane
algn-10	GO:0005783;GO:0005789;GO:0016020	GO:0005783;GO:0016020	endoplasmic reticulum;membrane
algn-11	GO:0005783;GO:0005789;GO:0016020	GO:0005783;GO:0016020	endoplasmic reticulum;membrane
algn-12	GO:0005783;GO:0005789;GO:0016020	GO:0005783;GO:0016020	endoplasmic reticulum;membrane
algn-13	GO:0005783	GO:0005783	endoplasmic reticulum
algn-14	GO:0005783;GO:0005789;GO:0016020;GO:0043541	GO:0005783;GO:0016020;GO:0032991	endoplasmic reticulum;membrane;protein-containing complex
algn-2	GO:0005783;GO:0005789;GO:0016020;GO:0012505	GO:0005783;GO:0016020	endoplasmic reticulum;membrane
algn-3	GO:0005783;GO:0005789;GO:0016020	GO:0005783;GO:0016020	endoplasmic reticulum;membrane
algn-5	GO:0005783;GO:0005789;GO:0016020	GO:0005783;GO:0016020	endoplasmic reticulum;membrane
algn-6	GO:0005783;GO:0005789;GO:0016020	GO:0005783;GO:0016020	endoplasmic reticulum;membrane
algn-7	GO:0005783;GO:0005789;GO:0016020	GO:0005783;GO:0016020	endoplasmic reticulum;membrane
algn-8	GO:0005783;GO:0005789;GO:0016020	GO:0005783;GO:0016020	endoplasmic reticulum;membrane
algn-9	GO:0005783;GO:0005789;GO:0016020	GO:0005783;GO:0016020	endoplasmic reticulum;membrane
alh-1			
alh-13	GO:0005737;GO:0005739	GO:0005737;GO:0005739	cytoplasm;mitochondrion
alh-2			
alh-3	GO:0005737	GO:0005737	cytoplasm
alh-4	GO:0005737;GO:0016020	GO:0005737;GO:0016020	cytoplasm;membrane
alh-5	GO:0005737	GO:0005737	cytoplasm
alh-6	GO:0005759		
alh-7	GO:0005739	GO:0005739	mitochondrion
alh-9			
alkb-8	GO:0005634;GO:0005737	GO:0005634;GO:0005737	cytoplasm;nucleus
alp-1	GO:0001725;GO:0030018;GO:0032432;GO:0045177;GO:0045178;GO:0055120;GO:0005634;GO:0005737;GO:0005911;GO:0005912;GO:0031941	GO:0005634;GO:0005737;GO:0030054;GO:0032991	cell junction;cytoplasm;nucleus;protein-containing complex
alr-1	GO:0005634	GO:0005634	nucleus
alx-1	GO:0005768;GO:0005771;GO:0055037;GO:0016323;GO:0031410;GO:0043226	GO:0005768;GO:0016020;GO:0031410;GO:0043226	cytoplasmic vesicle;endosome;membrane;organelle
aly-1	GO:0005634	GO:0005634	nucleus
aly-2	GO:0005634	GO:0005634	nucleus
aly-3	GO:0005634	GO:0005634	nucleus
ama-1	GO:0000428;GO:0005665;GO:0000791;GO:0005634;GO:0005654;GO:0005694;GO:0016604	GO:0005634;GO:0005654;GO:0005694;GO:0032991;GO:0043226	chromosome;nucleoplasm;nucleus;organelle;protein-containing complex
aman-1	GO:0005764	GO:0005764	lysosome
aman-2	GO:0000139;GO:0016020;GO:0005794	GO:0005794;GO:0016020	Golgi apparatus;membrane
amn-1	GO:0005886;GO:0016020;GO:0016324;GO:0030139	GO:0005886;GO:0016020;GO:0031410	cytoplasmic vesicle;membrane;plasma membrane
ampd-1	GO:0005829	GO:0005829	cytosol
amph-1	GO:0005635;GO:0005737;GO:0005886;GO:0012505;GO:0048471;GO:0016020;GO:0055037	GO:0005635;GO:0005737;GO:0005768;GO:0005886;GO:0016020	cytoplasm;endosome;membrane;nuclear envelope;plasma membrane
amt-1	GO:0005886;GO:0016020	GO:0005886;GO:0016020	membrane;plasma membrane
amt-2	GO:0005886;GO:0016020	GO:0005886;GO:0016020	membrane;plasma membrane
amt-3	GO:0005886;GO:0016020	GO:0005886;GO:0016020	membrane;plasma membrane
amt-4	GO:0005886;GO:0016020	GO:0005886;GO:0016020	membrane;plasma membrane
amx-1	GO:0005634	GO:0005634	nucleus
amx-2	GO:0005741	GO:0016020	membrane
amx-3	GO:0005737	GO:0005737	cytoplasm
anc-1	GO:0005634;GO:0005635;GO:0005640;GO:0016020;GO:0031965;GO:0005737;GO:0005856;GO:0012505;GO:0048471	GO:0005634;GO:0005635;GO:0005737;GO:0005856;GO:0016020	cytoplasm;cytoskeleton;membrane;nuclear envelope;nucleus
ani-1	GO:0005634;GO:0005737;GO:0005938;GO:0005819;GO:0005826;GO:0005874;GO:0030426;GO:0030496;GO:0031252;GO:0005856;GO:0032154	GO:0005634;GO:0005737;GO:0005856;GO:0016020;GO:0043226	cytoplasm;cytoskeleton;membrane;nucleus;organelle
ani-2	GO:0005737;GO:0005826	GO:0005737	cytoplasm
ani-3	GO:0005826		
anmt-1	GO:0005829;GO:0005863;GO:0055120	GO:0005829	cytosol
anmt-2	GO:0005829	GO:0005829	cytosol
anmt-3	GO:0005829	GO:0005829	cytosol
anoh-1	GO:0005886;GO:0016020	GO:0005886;GO:0016020	membrane;plasma membrane
ant-1.1	GO:0005739;GO:0005743;GO:0016020	GO:0005739;GO:0016020	membrane;mitochondrion
ant-1.2	GO:0005739;GO:0005743;GO:0016020	GO:0005739;GO:0016020	membrane;mitochondrion
ant-1.3	GO:0005739;GO:0005743;GO:0016020	GO:0005739;GO:0016020	membrane;mitochondrion
ant-1.4	GO:0005739;GO:0005743;GO:0016020	GO:0005739;GO:0016020	membrane;mitochondrion
aos-1	GO:0005737;GO:0031510	GO:0005737;GO:0032991	cytoplasm;protein-containing complex
apa-2	GO:0005886;GO:0005905;GO:0016020;GO:0036062;GO:0030117;GO:0030122;GO:0030131;GO:0030139;GO:0045334;GO:0045202	GO:0005886;GO:0016020;GO:0031410;GO:0032991;GO:0045202	cytoplasmic vesicle;membrane;plasma membrane;protein-containing complex;synapse
apb-1	GO:0005737;GO:0012505;GO:0016020;GO:0030117;GO:0030131	GO:0005737;GO:0016020;GO:0032991	cytoplasm;membrane;protein-containing complex
apb-3	GO:0005794;GO:0016020;GO:0030665;GO:0030117;GO:0030123;GO:0031410	GO:0005794;GO:0016020;GO:0031410;GO:0032991	Golgi apparatus;cytoplasmic vesicle;membrane;protein-containing complex
apc-1	GO:0005680	GO:0032991	protein-containing complex
apc-2	GO:0005680	GO:0032991	protein-containing complex
apd-3	GO:0005737;GO:1904115;GO:0005794;GO:0010008;GO:0016020;GO:0012505;GO:0043195;GO:0030117;GO:0030123;GO:0098830	GO:0005737;GO:0005768;GO:0005794;GO:0016020;GO:0032991	Golgi apparatus;cytoplasm;endosome;membrane;protein-containing complex
ape-1	GO:0005634;GO:0005737	GO:0005634;GO:0005737	cytoplasm;nucleus
aph-1	GO:0005783;GO:0016020;GO:0070765	GO:0005783;GO:0016020;GO:0032991	endoplasmic reticulum;membrane;protein-containing complex
aph-2	GO:0005886;GO:0016020;GO:0070765	GO:0005886;GO:0016020;GO:0032991	membrane;plasma membrane;protein-containing complex
apl-1	GO:0005768;GO:0005769;GO:0016020;GO:0031410;GO:0043005;GO:0043025	GO:0005768;GO:0016020;GO:0031410;GO:0043005	cytoplasmic vesicle;endosome;membrane;neuron projection
app-1	GO:0005737	GO:0005737	cytoplasm
apr-1	GO:0005634;GO:0005737;GO:0005938;GO:0005881;GO:0071944;GO:0005912;GO:0070161;GO:0016342;GO:0030877	GO:0005634;GO:0005737;GO:0030054;GO:0032991	cell junction;cytoplasm;nucleus;protein-containing complex
aprt-1	GO:0005737	GO:0005737	cytoplasm
aps-1	GO:0005794;GO:0005905;GO:0016020;GO:0030659;GO:0030121;GO:0031410	GO:0005794;GO:0016020;GO:0031410;GO:0032991	Golgi apparatus;cytoplasmic vesicle;membrane;protein-containing complex
aps-2	GO:0005886;GO:0005905;GO:0016020;GO:0098588;GO:0012505;GO:0031410;GO:0098797	GO:0005886;GO:0016020;GO:0031410;GO:0032991	cytoplasmic vesicle;membrane;plasma membrane;protein-containing complex
apt-9	GO:0005769;GO:0005794;GO:0005802	GO:0005768;GO:0005794	Golgi apparatus;endosome
aptf-1	GO:0005634	GO:0005634	nucleus
aptf-2	GO:0005634;GO:0005737	GO:0005634;GO:0005737	cytoplasm;nucleus
aptf-3	GO:0005634	GO:0005634	nucleus
aptf-4	GO:0005634	GO:0005634	nucleus
apx-1	GO:0005634;GO:0005737;GO:0005886;GO:0016020	GO:0005634;GO:0005737;GO:0005886;GO:0016020	cytoplasm;membrane;nucleus;plasma membrane
apy-1	GO:0012505;GO:0016020	GO:0016020	membrane
aqp-1	GO:0005886;GO:0016020;GO:0016323	GO:0005886;GO:0016020	membrane;plasma membrane
aqp-2	GO:0005886;GO:0016020;GO:0016323	GO:0005886;GO:0016020	membrane;plasma membrane
aqp-3	GO:0005886;GO:0016020;GO:0016323	GO:0005886;GO:0016020	membrane;plasma membrane
aqp-4	GO:0005737;GO:0005886;GO:0012505;GO:0016020;GO:0016324	GO:0005737;GO:0005886;GO:0016020	cytoplasm;membrane;plasma membrane
aqp-5	GO:0005886;GO:0009986;GO:0016020	GO:0005886;GO:0016020	membrane;plasma membrane
aqp-6	GO:0005886;GO:0016020;GO:0043025;GO:0097730	GO:0005886;GO:0005929;GO:0016020	cilium;membrane;plasma membrane
aqp-7	GO:0005886;GO:0016020;GO:0016323	GO:0005886;GO:0016020	membrane;plasma membrane
aqp-8	GO:0005886;GO:0009986;GO:0016020;GO:0016323	GO:0005886;GO:0016020	membrane;plasma membrane
ard-1	GO:0005739	GO:0005739	mitochondrion
arf-1	GO:0000139;GO:0016020;GO:0005737;GO:0005783;GO:0005794;GO:0005886	GO:0005737;GO:0005783;GO:0005794;GO:0005886;GO:0016020	Golgi apparatus;cytoplasm;endoplasmic reticulum;membrane;plasma membrane
arf-6	GO:0005737;GO:0005886;GO:0012505;GO:0098592;GO:0016323;GO:0055038	GO:0005737;GO:0005886;GO:0016020	cytoplasm;membrane;plasma membrane
argk-1	GO:0005615		
argn-1	GO:0005737;GO:0005829	GO:0005737;GO:0005829	cytoplasm;cytosol
arid-1	GO:0005634;GO:0017053	GO:0005634;GO:0032991	nucleus;protein-containing complex
arl-13	GO:0005886;GO:0005929;GO:0097730;GO:0016020;GO:0031528;GO:0060170;GO:0042995;GO:0061917;GO:0097543	GO:0005886;GO:0005929;GO:0016020;GO:0042995	cell projection;cilium;membrane;plasma membrane
arl-3	GO:0005737;GO:0005794;GO:0015630	GO:0005737;GO:0005794;GO:0005856	Golgi apparatus;cytoplasm;cytoskeleton
arl-6	GO:0005737;GO:0005829;GO:0005930;GO:0030425	GO:0005737;GO:0005829;GO:0043005	cytoplasm;cytosol;neuron projection
arp-1	GO:0005737;GO:0005856;GO:0005869	GO:0005737;GO:0005856;GO:0032991	cytoplasm;cytoskeleton;protein-containing complex
arr-1	GO:0005737;GO:0030425;GO:0042995;GO:0043204;GO:0062049	GO:0005737;GO:0032991;GO:0042995;GO:0043005	cell projection;cytoplasm;neuron projection;protein-containing complex
arrd-24	GO:0005737	GO:0005737	cytoplasm
arrd-6	GO:0005737	GO:0005737	cytoplasm
arrd-7	GO:0005737	GO:0005737	cytoplasm
arrd-8	GO:0005737	GO:0005737	cytoplasm
art-1	GO:0005783;GO:0005789;GO:0016020	GO:0005783;GO:0016020	endoplasmic reticulum;membrane
arv-1	GO:0005783;GO:0005789;GO:0016020;GO:0005794;GO:0032541	GO:0005783;GO:0005794;GO:0016020	Golgi apparatus;endoplasmic reticulum;membrane
arx-1	GO:0005737;GO:0005856;GO:0005885;GO:0031252	GO:0005737;GO:0005856;GO:0032991	cytoplasm;cytoskeleton;protein-containing complex
arx-2	GO:0005737;GO:0005938;GO:0005856;GO:0005885	GO:0005737;GO:0005856;GO:0032991	cytoplasm;cytoskeleton;protein-containing complex
arx-3	GO:0005737;GO:0005856;GO:0015629;GO:0005885	GO:0005737;GO:0005856;GO:0032991	cytoplasm;cytoskeleton;protein-containing complex
arx-4	GO:0005737;GO:0005856;GO:0015629;GO:0005885	GO:0005737;GO:0005856;GO:0032991	cytoplasm;cytoskeleton;protein-containing complex
arx-5	GO:0005737;GO:0005856;GO:0005885;GO:0055120	GO:0005737;GO:0005856;GO:0032991	cytoplasm;cytoskeleton;protein-containing complex
arx-6	GO:0005737;GO:0005856;GO:0015629;GO:0005885	GO:0005737;GO:0005856;GO:0032991	cytoplasm;cytoskeleton;protein-containing complex
arx-7	GO:0005737;GO:0005856;GO:0015629;GO:0030863;GO:0005885;GO:0032991	GO:0005737;GO:0005856;GO:0032991	cytoplasm;cytoskeleton;protein-containing complex
asah-1	GO:0005576;GO:0005764;GO:0016020	GO:0005576;GO:0005764;GO:0016020	extracellular region;lysosome;membrane
asah-2	GO:0005764;GO:0016020	GO:0005764;GO:0016020	lysosome;membrane
asb-1	GO:0005739;GO:0005743;GO:0016020;GO:0045259;GO:0097730	GO:0005739;GO:0005929;GO:0016020;GO:0032991	cilium;membrane;mitochondrion;protein-containing complex
asb-2	GO:0005739;GO:0005743;GO:0016020;GO:0045259	GO:0005739;GO:0016020;GO:0032991	membrane;mitochondrion;protein-containing complex
ascc-1	GO:0005634	GO:0005634	nucleus
asd-1	GO:0005634;GO:0005737	GO:0005634;GO:0005737	cytoplasm;nucleus
asfl-1	GO:0000785;GO:0005634	GO:0005634	nucleus
asg-1	GO:0005739;GO:0016020;GO:0031966;GO:0045259	GO:0005739;GO:0016020;GO:0032991	membrane;mitochondrion;protein-containing complex
asg-2	GO:0005739;GO:0016020;GO:0031966;GO:0045259;GO:0097730	GO:0005739;GO:0005929;GO:0016020;GO:0032991	cilium;membrane;mitochondrion;protein-containing complex
ash-2	GO:0005634;GO:0044666;GO:0048188	GO:0005634;GO:0032991	nucleus;protein-containing complex
asic-1	GO:0005886;GO:0016020;GO:0045211;GO:0030425;GO:0042995;GO:0045202	GO:0005886;GO:0016020;GO:0042995;GO:0043005;GO:0045202	cell projection;membrane;neuron projection;plasma membrane;synapse
asic-2	GO:0005886;GO:0016020	GO:0005886;GO:0016020	membrane;plasma membrane
asm-1	GO:0005576;GO:0005615;GO:0005764;GO:0016020	GO:0005576;GO:0005764;GO:0016020	extracellular region;lysosome;membrane
asm-2	GO:0005576;GO:0005615;GO:0005764;GO:0016020	GO:0005576;GO:0005764;GO:0016020	extracellular region;lysosome;membrane
asm-3	GO:0005576;GO:0005615;GO:0005764;GO:0016020	GO:0005576;GO:0005764;GO:0016020	extracellular region;lysosome;membrane
asna-1	GO:0005737;GO:0005783;GO:0030424;GO:0043025;GO:0043529	GO:0005737;GO:0005783;GO:0032991;GO:0043005	cytoplasm;endoplasmic reticulum;neuron projection;protein-containing complex
asns-1	GO:0005829	GO:0005829	cytosol
asns-2	GO:0005829	GO:0005829	cytosol
asp-1	GO:0005576;GO:0005737;GO:0005764;GO:0098591	GO:0005576;GO:0005737;GO:0005764	cytoplasm;extracellular region;lysosome
asp-12	GO:0005576;GO:0005764	GO:0005576;GO:0005764	extracellular region;lysosome
asp-15	GO:0005576;GO:0005764	GO:0005576;GO:0005764	extracellular region;lysosome
asp-16	GO:0005576;GO:0005764	GO:0005576;GO:0005764	extracellular region;lysosome
asp-17	GO:0005576;GO:0005764	GO:0005576;GO:0005764	extracellular region;lysosome
asp-18	GO:0005576;GO:0005764	GO:0005576;GO:0005764	extracellular region;lysosome
asp-3	GO:0005576;GO:0005737;GO:0005764	GO:0005576;GO:0005737;GO:0005764	cytoplasm;extracellular region;lysosome
asp-4	GO:0005576;GO:0005737;GO:0005764	GO:0005576;GO:0005737;GO:0005764	cytoplasm;extracellular region;lysosome
asp-5	GO:0005576;GO:0005764	GO:0005576;GO:0005764	extracellular region;lysosome
asp-7	GO:0005576;GO:0005764	GO:0005576;GO:0005764	extracellular region;lysosome
aspm-1	GO:0000922;GO:0051233;GO:0005737;GO:0005819	GO:0005737;GO:0043226	cytoplasm;organelle
asps-1	GO:0005634;GO:0005737;GO:0012506	GO:0005634;GO:0005737;GO:0016020	cytoplasm;membrane;nucleus
ast-1	GO:0005634;GO:0042995;GO:0043005	GO:0005634;GO:0042995;GO:0043005	cell projection;neuron projection;nucleus
atad-3	GO:0005739;GO:0005743;GO:0016020;GO:0042645	GO:0005739;GO:0016020;GO:0043226	membrane;mitochondrion;organelle
atf-2	GO:0005634	GO:0005634	nucleus
atf-4	GO:0005634	GO:0005634	nucleus
atf-6	GO:0005634;GO:0016020	GO:0005634;GO:0016020	membrane;nucleus
atf-7	GO:0000785;GO:0005634;GO:0005694	GO:0005634;GO:0005694	chromosome;nucleus
atf-8	GO:0005634	GO:0005634	nucleus
atg-16.1	GO:0000421;GO:0034045;GO:0005737;GO:0034274	GO:0005737;GO:0016020;GO:0032991	cytoplasm;membrane;protein-containing complex
atg-16.2	GO:0000421;GO:0016020;GO:0034045;GO:0005737;GO:0005886;GO:0034274	GO:0005737;GO:0005886;GO:0016020;GO:0032991	cytoplasm;membrane;plasma membrane;protein-containing complex
atg-18	GO:0005737;GO:0005829;GO:0016020;GO:0030670;GO:0034045;GO:0031410;GO:0045335	GO:0005737;GO:0005829;GO:0016020;GO:0031410	cytoplasm;cytoplasmic vesicle;cytosol;membrane
atg-4.1	GO:0005737	GO:0005737	cytoplasm
atg-4.2	GO:0005737	GO:0005737	cytoplasm
atg-5	GO:0005737;GO:0005776;GO:0005829;GO:0016020;GO:0034045;GO:0034274;GO:1990234;GO:0061908	GO:0005737;GO:0005773;GO:0005829;GO:0016020;GO:0032991	cytoplasm;cytosol;membrane;protein-containing complex;vacuole
atg-7	GO:0000407;GO:0005737	GO:0005737	cytoplasm
atg-9	GO:0000407;GO:0098793;GO:0005737;GO:0005776;GO:0016020;GO:0034045	GO:0005737;GO:0005773;GO:0016020	cytoplasm;membrane;vacuole
atgl-1	GO:0005737;GO:0005811;GO:0005886;GO:0016020	GO:0005737;GO:0005811;GO:0005886;GO:0016020	cytoplasm;lipid droplet;membrane;plasma membrane
atgp-1	GO:0005886;GO:0016020	GO:0005886;GO:0016020	membrane;plasma membrane
atgp-2	GO:0005886;GO:0016020;GO:1990184	GO:0005886;GO:0016020;GO:0032991	membrane;plasma membrane;protein-containing complex
atic-1	GO:0005737;GO:0005829	GO:0005737;GO:0005829	cytoplasm;cytosol
atl-1	GO:0000794;GO:0005634;GO:0005694	GO:0000228;GO:0005634;GO:0005694	chromosome;nuclear chromosome;nucleus
atln-1	GO:0005783;GO:0005789;GO:0016020;GO:0098827	GO:0005783;GO:0016020	endoplasmic reticulum;membrane
atm-1	GO:0000785;GO:0005634	GO:0005634	nucleus
atn-1	GO:0005865;GO:0030018;GO:0055120;GO:0097433;GO:0005886;GO:0030054;GO:0030864;GO:0042995	GO:0005856;GO:0005886;GO:0030054;GO:0042995	cell junction;cell projection;cytoskeleton;plasma membrane
atp-1	GO:0005739;GO:0005743;GO:0016020;GO:0045259	GO:0005739;GO:0016020;GO:0032991	membrane;mitochondrion;protein-containing complex
atp-2	GO:0005739;GO:0005743;GO:0016020;GO:0005929;GO:0097730;GO:0042995;GO:0045259	GO:0005739;GO:0005929;GO:0016020;GO:0032991;GO:0042995	cell projection;cilium;membrane;mitochondrion;protein-containing complex
atp-3	GO:0005739;GO:0005743;GO:0016020	GO:0005739;GO:0016020	membrane;mitochondrion
atp-4	GO:0005739;GO:0005743;GO:0016020;GO:0045259	GO:0005739;GO:0016020;GO:0032991	membrane;mitochondrion;protein-containing complex
atp-5	GO:0005739;GO:0005743;GO:0016020;GO:0045259	GO:0005739;GO:0016020;GO:0032991	membrane;mitochondrion;protein-containing complex
atx-2	GO:0005634;GO:0005737;GO:0010494	GO:0005634;GO:0005737;GO:0043226	cytoplasm;nucleus;organelle
atx-3	GO:0005634;GO:0005730;GO:0005737;GO:0045202	GO:0005634;GO:0005730;GO:0005737;GO:0045202	cytoplasm;nucleolus;nucleus;synapse
ave-1	GO:0009898		
avr-14	GO:0005886;GO:0016020;GO:0098794	GO:0005886;GO:0016020	membrane;plasma membrane
avr-15	GO:0005886;GO:0016020;GO:0098794	GO:0005886;GO:0016020	membrane;plasma membrane
baf-1	GO:0000779;GO:0000793;GO:0005634;GO:0005635;GO:0005654;GO:0005737	GO:0005634;GO:0005635;GO:0005654;GO:0005694;GO:0005737	chromosome;cytoplasm;nuclear envelope;nucleoplasm;nucleus
bag-1	GO:0005634;GO:0005737;GO:0005829;GO:0016020	GO:0005634;GO:0005737;GO:0005829;GO:0016020	cytoplasm;cytosol;membrane;nucleus
bah-1	GO:0016020	GO:0016020	membrane
bah-3			
bas-1	GO:0005737	GO:0005737	cytoplasm
basl-1	GO:0005737	GO:0005737	cytoplasm
bbs-1	GO:0005737;GO:0005813;GO:0036064;GO:0005856;GO:0005929;GO:0005930;GO:0034464;GO:0042995;GO:0043005	GO:0005737;GO:0005815;GO:0005856;GO:0005929;GO:0032991;GO:0042995;GO:0043005	cell projection;cilium;cytoplasm;cytoskeleton;microtubule organizing center;neuron projection;protein-containing complex
bbs-2	GO:0005737;GO:0005856;GO:0005929;GO:0031514;GO:0016020;GO:0034464;GO:0036064;GO:0042995;GO:0043005	GO:0005737;GO:0005815;GO:0005856;GO:0005929;GO:0016020;GO:0032991;GO:0042995;GO:0043005	cell projection;cilium;cytoplasm;cytoskeleton;membrane;microtubule organizing center;neuron projection;protein-containing complex
bbs-4	GO:0000242;GO:0005737;GO:0005813;GO:0036064;GO:0005856;GO:0005886;GO:0005929;GO:0016020;GO:0060170;GO:0034464;GO:0042995	GO:0005737;GO:0005815;GO:0005856;GO:0005886;GO:0005929;GO:0016020;GO:0032991;GO:0042995	cell projection;cilium;cytoplasm;cytoskeleton;membrane;microtubule organizing center;plasma membrane;protein-containing complex
bbs-5	GO:0005737;GO:0005856;GO:0005886;GO:0005929;GO:0097730;GO:0005930;GO:0034451;GO:0097546;GO:0016020;GO:0060170;GO:0034464;GO:0036064;GO:0042995	GO:0005737;GO:0005815;GO:0005856;GO:0005886;GO:0005929;GO:0016020;GO:0032991;GO:0042995	cell projection;cilium;cytoplasm;cytoskeleton;membrane;microtubule organizing center;plasma membrane;protein-containing complex
bbs-8	GO:0005737;GO:0005856;GO:0005929;GO:0097730;GO:0034464;GO:0036064;GO:0042995;GO:0043005;GO:0044292;GO:0097546	GO:0005737;GO:0005815;GO:0005856;GO:0005929;GO:0032991;GO:0042995;GO:0043005	cell projection;cilium;cytoplasm;cytoskeleton;microtubule organizing center;neuron projection;protein-containing complex
bbs-9	GO:0005929;GO:0016020;GO:0034464;GO:0036064	GO:0005815;GO:0005929;GO:0016020;GO:0032991	cilium;membrane;microtubule organizing center;protein-containing complex
bcas-2	GO:0000974;GO:0005681;GO:0071013;GO:0005634	GO:0005634;GO:0032991	nucleus;protein-containing complex
bcat-1	GO:0005737;GO:0005739	GO:0005737;GO:0005739	cytoplasm;mitochondrion
bcc-1	GO:0005737	GO:0005737	cytoplasm
bckd-1A	GO:0005739;GO:0005759;GO:0160157	GO:0005739;GO:0032991	mitochondrion;protein-containing complex
bckd-1B	GO:0005739;GO:0005759;GO:0160157	GO:0005739;GO:0032991	mitochondrion;protein-containing complex
bcl-11	GO:0005634	GO:0005634	nucleus
bcmo-1			
bcmo-2			
bcs-1	GO:0005739;GO:0005743;GO:0016020	GO:0005739;GO:0016020	membrane;mitochondrion
bec-1	GO:0000407;GO:0043204;GO:0005634;GO:0005737;GO:0005768;GO:0030424;GO:0030425;GO:0031410;GO:0034271;GO:0034272;GO:0042995	GO:0005634;GO:0005737;GO:0005768;GO:0031410;GO:0032991;GO:0042995;GO:0043005	cell projection;cytoplasm;cytoplasmic vesicle;endosome;neuron projection;nucleus;protein-containing complex
ben-1	GO:0005737;GO:0005856;GO:0005874	GO:0005737;GO:0005856	cytoplasm;cytoskeleton
best-1	GO:0005886;GO:0016020;GO:0098857;GO:0034707;GO:0098793	GO:0005886;GO:0016020;GO:0032991	membrane;plasma membrane;protein-containing complex
best-10	GO:0005886;GO:0016020;GO:0034707	GO:0005886;GO:0016020;GO:0032991	membrane;plasma membrane;protein-containing complex
best-11	GO:0005886;GO:0016020;GO:0034707	GO:0005886;GO:0016020;GO:0032991	membrane;plasma membrane;protein-containing complex
best-12	GO:0005886;GO:0016020;GO:0034707	GO:0005886;GO:0016020;GO:0032991	membrane;plasma membrane;protein-containing complex
best-13	GO:0005886;GO:0016020;GO:0034707	GO:0005886;GO:0016020;GO:0032991	membrane;plasma membrane;protein-containing complex
best-14	GO:0005886;GO:0016020	GO:0005886;GO:0016020	membrane;plasma membrane
best-15	GO:0005886;GO:0016020;GO:0034707	GO:0005886;GO:0016020;GO:0032991	membrane;plasma membrane;protein-containing complex
best-16	GO:0005886;GO:0016020;GO:0034707	GO:0005886;GO:0016020;GO:0032991	membrane;plasma membrane;protein-containing complex
best-17	GO:0005886;GO:0016020;GO:0034707	GO:0005886;GO:0016020;GO:0032991	membrane;plasma membrane;protein-containing complex
best-18	GO:0005886;GO:0016020;GO:0034707	GO:0005886;GO:0016020;GO:0032991	membrane;plasma membrane;protein-containing complex
best-19	GO:0005886;GO:0016020;GO:0034707	GO:0005886;GO:0016020;GO:0032991	membrane;plasma membrane;protein-containing complex
best-2	GO:0005886;GO:0016020;GO:0034707	GO:0005886;GO:0016020;GO:0032991	membrane;plasma membrane;protein-containing complex
best-20	GO:0005886;GO:0016020;GO:0034707	GO:0005886;GO:0016020;GO:0032991	membrane;plasma membrane;protein-containing complex
best-21	GO:0005886;GO:0016020;GO:0034707	GO:0005886;GO:0016020;GO:0032991	membrane;plasma membrane;protein-containing complex
best-22	GO:0005886;GO:0016020;GO:0034707	GO:0005886;GO:0016020;GO:0032991	membrane;plasma membrane;protein-containing complex
best-23	GO:0005886;GO:0016020;GO:0034707	GO:0005886;GO:0016020;GO:0032991	membrane;plasma membrane;protein-containing complex
best-24	GO:0005886;GO:0016020;GO:0034707	GO:0005886;GO:0016020;GO:0032991	membrane;plasma membrane;protein-containing complex
best-25	GO:0005886;GO:0016020;GO:0034707	GO:0005886;GO:0016020;GO:0032991	membrane;plasma membrane;protein-containing complex
best-26	GO:0005886;GO:0016020;GO:0034707	GO:0005886;GO:0016020;GO:0032991	membrane;plasma membrane;protein-containing complex
best-3	GO:0005886;GO:0016020;GO:0034707	GO:0005886;GO:0016020;GO:0032991	membrane;plasma membrane;protein-containing complex
best-4	GO:0005886;GO:0016020;GO:0034707	GO:0005886;GO:0016020;GO:0032991	membrane;plasma membrane;protein-containing complex
best-5	GO:0005886;GO:0016020;GO:0034707	GO:0005886;GO:0016020;GO:0032991	membrane;plasma membrane;protein-containing complex
best-7	GO:0005886;GO:0016020;GO:0034707	GO:0005886;GO:0016020;GO:0032991	membrane;plasma membrane;protein-containing complex
best-8	GO:0005886;GO:0016020;GO:0034707	GO:0005886;GO:0016020;GO:0032991	membrane;plasma membrane;protein-containing complex
best-9	GO:0005886;GO:0016020;GO:0034707	GO:0005886;GO:0016020;GO:0032991	membrane;plasma membrane;protein-containing complex
bet-1	GO:0000785;GO:0070090;GO:0005634;GO:0005694	GO:0005634;GO:0005694	chromosome;nucleus
bet-2	GO:0000785;GO:0005634	GO:0005634	nucleus
bgal-1	GO:0005576;GO:0005764;GO:0005773;GO:0016020	GO:0005576;GO:0005764;GO:0005773;GO:0016020	extracellular region;lysosome;membrane;vacuole
bgal-2	GO:0005773	GO:0005773	vacuole
bgnt-1.1	GO:0016020	GO:0016020	membrane
bgnt-1.2			
bgnt-1.3			
bgnt-1.4	GO:0016020	GO:0016020	membrane
bgnt-1.5			
bgnt-1.6			
bgnt-1.7			
bgnt-1.8			
bicd-1	GO:0005634;GO:0005635;GO:0005794;GO:0005829;GO:0005875;GO:0030425;GO:0042995;GO:0043025;GO:0043204	GO:0005634;GO:0005635;GO:0005794;GO:0005829;GO:0032991;GO:0042995;GO:0043005	Golgi apparatus;cell projection;cytosol;neuron projection;nuclear envelope;nucleus;protein-containing complex
bir-1	GO:0000776;GO:0005819;GO:0000793;GO:0005694;GO:0005737;GO:0005856;GO:0015630;GO:0030496;GO:0051233;GO:0032133	GO:0005694;GO:0005737;GO:0005856;GO:0032991;GO:0043226	chromosome;cytoplasm;cytoskeleton;organelle;protein-containing complex
bir-2	GO:0000776;GO:0005737;GO:0032133;GO:0051233	GO:0005737;GO:0032991;GO:0043226	cytoplasm;organelle;protein-containing complex
bli-3	GO:0005886;GO:0016020;GO:0043020;GO:1990204	GO:0005886;GO:0016020;GO:0032991	membrane;plasma membrane;protein-containing complex
blmp-1	GO:0005634;GO:0005737	GO:0005634;GO:0005737	cytoplasm;nucleus
blos-1	GO:0005737;GO:0005739;GO:0005758;GO:0005759;GO:0005829;GO:0031082;GO:0031083	GO:0005737;GO:0005739;GO:0005829;GO:0032991	cytoplasm;cytosol;mitochondrion;protein-containing complex
blos-2	GO:0000930;GO:0031082;GO:0031083;GO:0099078	GO:0032991	protein-containing complex
blos-8	GO:0005764;GO:0005765;GO:0016020;GO:0099078	GO:0005764;GO:0016020;GO:0032991	lysosome;membrane;protein-containing complex
bmk-1	GO:0000922;GO:0005874;GO:0005876;GO:0051233;GO:0005634;GO:0005737;GO:0005819;GO:0072686;GO:0005856	GO:0005634;GO:0005737;GO:0005856;GO:0043226	cytoplasm;cytoskeleton;nucleus;organelle
bmy-1	GO:0005783	GO:0005783	endoplasmic reticulum
bnc-1	GO:0005634	GO:0005634	nucleus
bpl-1	GO:0005737	GO:0005737	cytoplasm
bra-1	GO:0005634;GO:0005694;GO:0030424;GO:0030425	GO:0005634;GO:0005694;GO:0043005	chromosome;neuron projection;nucleus
bra-2	GO:0005634;GO:0005694	GO:0005634;GO:0005694	chromosome;nucleus
brc-1	GO:0005634;GO:0005694;GO:0005737;GO:0031436	GO:0005634;GO:0005694;GO:0005737;GO:0032991	chromosome;cytoplasm;nucleus;protein-containing complex
brd-1	GO:0005634;GO:0005694;GO:0005737;GO:0031436;GO:0070531	GO:0005634;GO:0005694;GO:0005737;GO:0032991	chromosome;cytoplasm;nucleus;protein-containing complex
bre-1	GO:0005783;GO:0030017;GO:0055120	GO:0005783	endoplasmic reticulum
bre-4	GO:0005794;GO:0016020	GO:0005794;GO:0016020	Golgi apparatus;membrane
brf-1	GO:0000126;GO:0097550;GO:0005634	GO:0005634;GO:0032991	nucleus;protein-containing complex
bris-1	GO:0005737	GO:0005737	cytoplasm
bro-1	GO:0005634;GO:0005737;GO:0016513	GO:0005634;GO:0005737;GO:0032991	cytoplasm;nucleus;protein-containing complex
bub-1	GO:0000775;GO:0000776;GO:0000940;GO:0032991;GO:1990298;GO:0005634;GO:0005694;GO:0005737;GO:0005938	GO:0005634;GO:0005694;GO:0005737;GO:0032991;GO:0043226	chromosome;cytoplasm;nucleus;organelle;protein-containing complex
bub-3	GO:0000775;GO:0000776;GO:0005634;GO:0005654;GO:0005694;GO:0033597;GO:1990298	GO:0005634;GO:0005654;GO:0005694;GO:0032991;GO:0043226	chromosome;nucleoplasm;nucleus;organelle;protein-containing complex
bud-31	GO:0005634;GO:0005681	GO:0005634;GO:0032991	nucleus;protein-containing complex
bus-5			
cah-1	GO:0005576	GO:0005576	extracellular region
cah-2	GO:0005576	GO:0005576	extracellular region
cah-3	GO:0005737	GO:0005737	cytoplasm
cah-4	GO:0005737	GO:0005737	cytoplasm
cah-5	GO:0005576;GO:0005737	GO:0005576;GO:0005737	cytoplasm;extracellular region
cah-6	GO:0005737;GO:0016020	GO:0005737;GO:0016020	cytoplasm;membrane
cal-1	GO:0005737;GO:0005813	GO:0005737;GO:0005815	cytoplasm;microtubule organizing center
cal-3	GO:0005737;GO:0005813	GO:0005737;GO:0005815	cytoplasm;microtubule organizing center
cal-5			
calm-1			
calu-1	GO:0005783;GO:0005788	GO:0005783	endoplasmic reticulum
cam-1	GO:0005886;GO:0016020;GO:0030424;GO:0030425;GO:0043005;GO:0031594;GO:0045202;GO:0032809;GO:0043204;GO:0042995;GO:0043235	GO:0005886;GO:0016020;GO:0032991;GO:0042995;GO:0043005;GO:0045202	cell projection;membrane;neuron projection;plasma membrane;protein-containing complex;synapse
camt-1	GO:0000785;GO:0005634	GO:0005634	nucleus
cand-1	GO:0005634	GO:0005634	nucleus
cap-1	GO:0005737;GO:0005856;GO:0015629;GO:0030863;GO:0005869;GO:0008290;GO:0032991	GO:0005737;GO:0005856;GO:0032991	cytoplasm;cytoskeleton;protein-containing complex
cap-2	GO:0005737;GO:0005856;GO:0015629;GO:0005869;GO:0008290	GO:0005737;GO:0005856;GO:0032991	cytoplasm;cytoskeleton;protein-containing complex
capg-2	GO:0000796;GO:0005634	GO:0005634;GO:0032991	nucleus;protein-containing complex
cars-1			
cas-1	GO:0005737	GO:0005737	cytoplasm
cas-2	GO:0005737	GO:0005737	cytoplasm
cat-1	GO:0008021;GO:0016020;GO:0030672;GO:0043195	GO:0016020;GO:0031410	cytoplasmic vesicle;membrane
cat-2	GO:0005737;GO:0030424;GO:0042995;GO:0043204;GO:0048471;GO:0045202	GO:0005737;GO:0042995;GO:0043005;GO:0045202	cell projection;cytoplasm;neuron projection;synapse
cat-4	GO:0005737	GO:0005737	cytoplasm
catp-5	GO:0005886;GO:0016020;GO:0016324	GO:0005886;GO:0016020	membrane;plasma membrane
catp-6	GO:0005764;GO:0005774;GO:0016020;GO:0005886;GO:0031410	GO:0005764;GO:0005886;GO:0016020;GO:0031410	cytoplasmic vesicle;lysosome;membrane;plasma membrane
catp-7	GO:0016020	GO:0016020	membrane
cav-1	GO:0000139;GO:0005901;GO:0016020;GO:0045121;GO:0005794;GO:0005886;GO:0005938;GO:0009898;GO:0048471;GO:0030133;GO:0060473	GO:0005737;GO:0005794;GO:0005886;GO:0016020;GO:0031410	Golgi apparatus;cytoplasm;cytoplasmic vesicle;membrane;plasma membrane
cav-2	GO:0000139;GO:0005901;GO:0016020;GO:0016324;GO:0005794;GO:0005886	GO:0005794;GO:0005886;GO:0016020	Golgi apparatus;membrane;plasma membrane
cblc-1	GO:0005737	GO:0005737	cytoplasm
cbp-1	GO:0000123;GO:0005667;GO:0017053;GO:0005634;GO:0005737	GO:0005634;GO:0005737;GO:0032991	cytoplasm;nucleus;protein-containing complex
cbs-1	GO:0005737	GO:0005737	cytoplasm
cbs-2	GO:0005737	GO:0005737	cytoplasm
cca-1	GO:0001518;GO:0005891;GO:0034702;GO:0005886;GO:0016020;GO:0043005	GO:0005886;GO:0016020;GO:0032991;GO:0043005	membrane;neuron projection;plasma membrane;protein-containing complex
ccb-1	GO:0005891;GO:0034702;GO:0048786	GO:0032991	protein-containing complex
ccb-2	GO:0005891;GO:0045202	GO:0032991;GO:0045202	protein-containing complex;synapse
ccch-1	GO:0005829;GO:0016529;GO:0043186	GO:0005783;GO:0005829;GO:0043226	cytosol;endoplasmic reticulum;organelle
ccch-2	GO:0005829;GO:0043186	GO:0005829;GO:0043226	cytosol;organelle
ccch-5	GO:0005829;GO:0043186	GO:0005829;GO:0043226	cytosol;organelle
ccct-1	GO:0005634	GO:0005634	nucleus
ccf-1	GO:0000932;GO:0043186;GO:0005634;GO:0005737;GO:0030014;GO:0030015	GO:0005634;GO:0005737;GO:0032991;GO:0043226	cytoplasm;nucleus;organelle;protein-containing complex
cchl-1	GO:0005739;GO:0005743;GO:0016020	GO:0005739;GO:0016020	membrane;mitochondrion
ccm-3	GO:0005737;GO:0005886;GO:0016020;GO:0016324;GO:0035838;GO:0098592;GO:0090443	GO:0005737;GO:0005886;GO:0016020;GO:0032991	cytoplasm;membrane;plasma membrane;protein-containing complex
ccpp-1	GO:0005737;GO:0005929;GO:0015630;GO:0030425;GO:0042995;GO:0043204	GO:0005737;GO:0005856;GO:0005929;GO:0042995;GO:0043005	cell projection;cilium;cytoplasm;cytoskeleton;neuron projection
ccr-4	GO:0005634;GO:0005737;GO:0030014;GO:0030015	GO:0005634;GO:0005737;GO:0032991	cytoplasm;nucleus;protein-containing complex
cct-2	GO:0005737;GO:0005829;GO:0005832	GO:0005737;GO:0005829;GO:0032991	cytoplasm;cytosol;protein-containing complex
cct-3	GO:0005737;GO:0005832;GO:0005874	GO:0005737;GO:0032991	cytoplasm;protein-containing complex
cct-4	GO:0005737;GO:0005832	GO:0005737;GO:0032991	cytoplasm;protein-containing complex
cct-5	GO:0005737;GO:0005832	GO:0005737;GO:0032991	cytoplasm;protein-containing complex
cct-6	GO:0005737;GO:0005832	GO:0005737;GO:0032991	cytoplasm;protein-containing complex
cct-7	GO:0005737;GO:0005832	GO:0005737;GO:0032991	cytoplasm;protein-containing complex
ccz-1	GO:0035658;GO:0045335	GO:0031410;GO:0032991	cytoplasmic vesicle;protein-containing complex
cdap-2			
cdc-14	GO:0000235;GO:0000922;GO:0005874;GO:0030496;GO:0051233;GO:1990023;GO:0005634;GO:0005730;GO:0005737;GO:0005813;GO:1902636;GO:0005819;GO:0072686;GO:0005856	GO:0005634;GO:0005730;GO:0005737;GO:0005815;GO:0005856;GO:0043226	cytoplasm;cytoskeleton;microtubule organizing center;nucleolus;nucleus;organelle
cdc-25.1	GO:0005634;GO:0005737	GO:0005634;GO:0005737	cytoplasm;nucleus
cdc-25.2	GO:0005634;GO:0005737	GO:0005634;GO:0005737	cytoplasm;nucleus
cdc-25.3	GO:0005634;GO:0005737	GO:0005634;GO:0005737	cytoplasm;nucleus
cdc-25.4	GO:0005634;GO:0005737	GO:0005634;GO:0005737	cytoplasm;nucleus
cdc-42	GO:0005737;GO:0005938;GO:0005768;GO:0055037;GO:0005813;GO:0005829;GO:0005886;GO:0016020;GO:0048471;GO:0071944	GO:0005737;GO:0005768;GO:0005815;GO:0005829;GO:0005886;GO:0016020	cytoplasm;cytosol;endosome;membrane;microtubule organizing center;plasma membrane
cdc-48.1	GO:0005634;GO:0005654;GO:0005737;GO:0005789;GO:0005829;GO:0034098;GO:0098796;GO:0048471	GO:0005634;GO:0005654;GO:0005737;GO:0005829;GO:0016020;GO:0032991	cytoplasm;cytosol;membrane;nucleoplasm;nucleus;protein-containing complex
cdc-48.2	GO:0005634;GO:0005737;GO:0005789;GO:0005829;GO:0034098;GO:0098796	GO:0005634;GO:0005737;GO:0005829;GO:0016020;GO:0032991	cytoplasm;cytosol;membrane;nucleus;protein-containing complex
cdc-5L	GO:0000974;GO:0005681;GO:0005634	GO:0005634;GO:0032991	nucleus;protein-containing complex
cdc-6	GO:0000794;GO:0005634;GO:0005730;GO:0005737	GO:0000228;GO:0005634;GO:0005730;GO:0005737	cytoplasm;nuclear chromosome;nucleolus;nucleus
cdc-73	GO:0005634;GO:0016593	GO:0005634;GO:0032991	nucleus;protein-containing complex
cdd-1	GO:0005737;GO:0005829	GO:0005737;GO:0005829	cytoplasm;cytosol
cdd-2	GO:0005737;GO:0005829	GO:0005737;GO:0005829	cytoplasm;cytosol
cdf-1	GO:0005886;GO:0016020;GO:0016323	GO:0005886;GO:0016020	membrane;plasma membrane
cdf-2	GO:0005886;GO:0016020;GO:0044841	GO:0005886;GO:0016020	membrane;plasma membrane
cdgs-1	GO:0005789;GO:0016020	GO:0016020	membrane
cdh-1	GO:0005886;GO:0005912;GO:0016020	GO:0005886;GO:0016020;GO:0030054	cell junction;membrane;plasma membrane
cdh-4	GO:0005886;GO:0005911;GO:0016020	GO:0005886;GO:0016020;GO:0030054	cell junction;membrane;plasma membrane
cdh-5	GO:0005886;GO:0005912;GO:0016020	GO:0005886;GO:0016020;GO:0030054	cell junction;membrane;plasma membrane
cdh-8	GO:0005886;GO:0005912;GO:0016020	GO:0005886;GO:0016020;GO:0030054	cell junction;membrane;plasma membrane
cdk-1	GO:0005634;GO:0005694;GO:0005737;GO:0005813;GO:0005856	GO:0005634;GO:0005694;GO:0005737;GO:0005815;GO:0005856	chromosome;cytoplasm;cytoskeleton;microtubule organizing center;nucleus
cdk-12	GO:0000791;GO:0005634;GO:0008024	GO:0005634;GO:0032991	nucleus;protein-containing complex
cdk-4	GO:0000307;GO:0097128;GO:0005634;GO:0005737	GO:0005634;GO:0005737;GO:0032991	cytoplasm;nucleus;protein-containing complex
cdk-5	GO:0005634;GO:0005737;GO:1904115;GO:0016533;GO:0030424;GO:0030425;GO:0042995;GO:0045202	GO:0005634;GO:0005737;GO:0032991;GO:0042995;GO:0043005;GO:0045202	cell projection;cytoplasm;neuron projection;nucleus;protein-containing complex;synapse
cdk-7	GO:0005634;GO:0005675;GO:0070985;GO:0005737	GO:0005634;GO:0005737;GO:0032991	cytoplasm;nucleus;protein-containing complex
cdk-8	GO:0005634	GO:0005634	nucleus
cdk-9	GO:0000791;GO:0005634	GO:0005634	nucleus
cdka-1	GO:0005737;GO:1904115;GO:0016533;GO:0030424;GO:0030425;GO:0030426;GO:0042995;GO:0045202	GO:0005737;GO:0032991;GO:0042995;GO:0043005;GO:0045202	cell projection;cytoplasm;neuron projection;protein-containing complex;synapse
cdkr-3	GO:0012505		
cdo-1			
cdt-1	GO:0000785;GO:0005634;GO:0005737	GO:0005634;GO:0005737	cytoplasm;nucleus
cebp-1	GO:0005634;GO:0005737;GO:0030424;GO:0042995;GO:0045202;GO:0090575	GO:0005634;GO:0005737;GO:0032991;GO:0042995;GO:0043005;GO:0045202	cell projection;cytoplasm;neuron projection;nucleus;protein-containing complex;synapse
cebp-2	GO:0005634	GO:0005634	nucleus
cec-1	GO:0005634;GO:0005694;GO:0005721	GO:0005634;GO:0005694	chromosome;nucleus
ced-1	GO:0001891;GO:0009986;GO:0005886;GO:0016020;GO:0030670;GO:0031260;GO:0031410	GO:0005886;GO:0016020;GO:0031410	cytoplasmic vesicle;membrane;plasma membrane
ced-10	GO:0005856;GO:0005886;GO:0009898;GO:0043025;GO:0016020;GO:0031410;GO:0042995	GO:0005856;GO:0005886;GO:0016020;GO:0031410;GO:0042995	cell projection;cytoplasmic vesicle;cytoskeleton;membrane;plasma membrane
ced-2	GO:0005737;GO:0005886	GO:0005737;GO:0005886	cytoplasm;plasma membrane
ced-3	GO:0005634;GO:0005737;GO:0005739;GO:0008303;GO:0016020;GO:0031965;GO:0043025;GO:0043204;GO:0048471;GO:0098793;GO:0045202	GO:0005634;GO:0005737;GO:0005739;GO:0016020;GO:0032991;GO:0045202	cytoplasm;membrane;mitochondrion;nucleus;protein-containing complex;synapse
ced-5	GO:0005737;GO:0005886;GO:0032045;GO:0098793	GO:0005737;GO:0005886;GO:0032991	cytoplasm;plasma membrane;protein-containing complex
ced-9	GO:0005737;GO:0005739;GO:0005741;GO:0016020;GO:0031090;GO:0031966;GO:0012505;GO:0043025;GO:0043204;GO:0048471;GO:0098793;GO:0045202	GO:0005737;GO:0005739;GO:0016020;GO:0045202	cytoplasm;membrane;mitochondrion;synapse
cee-1	GO:0005829;GO:0071818	GO:0005829;GO:0032991	cytosol;protein-containing complex
ceh-10	GO:0005634	GO:0005634	nucleus
ceh-12	GO:0005634	GO:0005634	nucleus
ceh-13	GO:0005634;GO:0005737	GO:0005634;GO:0005737	cytoplasm;nucleus
ceh-14	GO:0005634	GO:0005634	nucleus
ceh-16	GO:0005634;GO:0005737	GO:0005634;GO:0005737	cytoplasm;nucleus
ceh-17	GO:0005634	GO:0005634	nucleus
ceh-2	GO:0005634	GO:0005634	nucleus
ceh-20	GO:0005634;GO:0090575	GO:0005634;GO:0032991	nucleus;protein-containing complex
ceh-22	GO:0005634	GO:0005634	nucleus
ceh-24	GO:0005634	GO:0005634	nucleus
ceh-27	GO:0005634	GO:0005634	nucleus
ceh-28	GO:0000785;GO:0005634	GO:0005634	nucleus
ceh-30	GO:0005634	GO:0005634	nucleus
ceh-31	GO:0005634	GO:0005634	nucleus
ceh-32	GO:0005634;GO:0005667	GO:0005634;GO:0032991	nucleus;protein-containing complex
ceh-33	GO:0005634;GO:0005667	GO:0005634;GO:0032991	nucleus;protein-containing complex
ceh-34	GO:0005634;GO:0005667	GO:0005634;GO:0032991	nucleus;protein-containing complex
ceh-37	GO:0000781;GO:0005634;GO:0005694	GO:0005634;GO:0005694	chromosome;nucleus
ceh-40	GO:0005634	GO:0005634	nucleus
ceh-43	GO:0005634	GO:0005634	nucleus
ceh-5	GO:0005634	GO:0005634	nucleus
ceh-53	GO:0005634	GO:0005634	nucleus
ceh-54	GO:0005634	GO:0005634	nucleus
ceh-6	GO:0005634;GO:0005737;GO:0005829	GO:0005634;GO:0005737;GO:0005829	cytoplasm;cytosol;nucleus
ceh-60	GO:0000785;GO:0005634	GO:0005634	nucleus
ceh-63	GO:0005634	GO:0005634	nucleus
ceh-8	GO:0005634	GO:0005634	nucleus
ceh-89	GO:0005634	GO:0005634	nucleus
cep-1	GO:0005634;GO:0005654;GO:0005730;GO:0017053	GO:0005634;GO:0005654;GO:0005730;GO:0032991	nucleolus;nucleoplasm;nucleus;protein-containing complex
ceph-41	GO:0005737;GO:0005813;GO:0005856;GO:0005929;GO:0042995	GO:0005737;GO:0005815;GO:0005856;GO:0005929;GO:0042995	cell projection;cilium;cytoplasm;cytoskeleton;microtubule organizing center
cept-1	GO:0005737;GO:0005789;GO:0016020;GO:0005794;GO:0012505	GO:0005737;GO:0005794;GO:0016020	Golgi apparatus;cytoplasm;membrane
cept-2	GO:0005737;GO:0005789;GO:0016020;GO:0005794;GO:0012505	GO:0005737;GO:0005794;GO:0016020	Golgi apparatus;cytoplasm;membrane
cerk-1	GO:0016020	GO:0016020	membrane
cert-1	GO:0005737;GO:0005783;GO:0005794	GO:0005737;GO:0005783;GO:0005794	Golgi apparatus;cytoplasm;endoplasmic reticulum
ces-2	GO:0005634	GO:0005634	nucleus
cest-1.1	GO:0016020	GO:0016020	membrane
cest-1.2	GO:0016020	GO:0016020	membrane
cest-2.1	GO:0016020	GO:0016020	membrane
cest-2.2	GO:0016020	GO:0016020	membrane
cest-2.3	GO:0016020	GO:0016020	membrane
cest-35.2			
cest-7	GO:0016020	GO:0016020	membrane
cey-1	GO:0005634;GO:0005783	GO:0005634;GO:0005783	endoplasmic reticulum;nucleus
cey-2	GO:0005634;GO:1990904	GO:0005634;GO:0032991	nucleus;protein-containing complex
cey-3	GO:0005634;GO:1990904	GO:0005634;GO:0032991	nucleus;protein-containing complex
cey-4	GO:0005634;GO:1990904	GO:0005634;GO:0032991	nucleus;protein-containing complex
cfh-1			
cfz-2	GO:0005886;GO:0016020	GO:0005886;GO:0016020	membrane;plasma membrane
cgt-1	GO:0016020	GO:0016020	membrane
cgt-2	GO:0016020	GO:0016020	membrane
cgt-3	GO:0005886;GO:0016020	GO:0005886;GO:0016020	membrane;plasma membrane
cha-1	GO:0005737;GO:0005829;GO:0005886;GO:0031090;GO:0043005;GO:0043025;GO:0045202;GO:0060076	GO:0005737;GO:0005829;GO:0005886;GO:0016020;GO:0043005;GO:0045202	cytoplasm;cytosol;membrane;neuron projection;plasma membrane;synapse
chaf-1	GO:0005634;GO:0033186	GO:0005634;GO:0032991	nucleus;protein-containing complex
chaf-2	GO:0005634;GO:0033186	GO:0005634;GO:0032991	nucleus;protein-containing complex
chc-1	GO:0005737;GO:0005938;GO:0005886;GO:0005905;GO:0016020;GO:0016324;GO:0030659;GO:0009898;GO:0030130;GO:0030132;GO:0071439;GO:0030139;GO:0031410;GO:0045334;GO:0072686	GO:0005737;GO:0005886;GO:0016020;GO:0031410;GO:0032991;GO:0043226	cytoplasm;cytoplasmic vesicle;membrane;organelle;plasma membrane;protein-containing complex
chca-1	GO:0016020	GO:0016020	membrane
chch-3	GO:0005739;GO:0005743;GO:0016020;GO:0061617	GO:0005739;GO:0016020;GO:0032991	membrane;mitochondrion;protein-containing complex
chd-1	GO:0000785;GO:0005634	GO:0005634	nucleus
chd-3	GO:0000118;GO:0016581;GO:0000785;GO:0005634	GO:0005634;GO:0032991	nucleus;protein-containing complex
chd-7	GO:0000785;GO:0005634	GO:0005634	nucleus
che-10	GO:0005737;GO:0005813;GO:0036064;GO:0005856;GO:0005929;GO:0035869;GO:0042995	GO:0005737;GO:0005815;GO:0005856;GO:0005929;GO:0042995	cell projection;cilium;cytoplasm;cytoskeleton;microtubule organizing center
che-11	GO:0005929;GO:0097730;GO:0005930;GO:0030991;GO:0036064;GO:0042995	GO:0005815;GO:0005929;GO:0032991;GO:0042995	cell projection;cilium;microtubule organizing center;protein-containing complex
che-12	GO:0005881;GO:0043025;GO:0043204;GO:0005929;GO:0030425;GO:0042995	GO:0005929;GO:0042995;GO:0043005	cell projection;cilium;neuron projection
che-13	GO:0005737;GO:0005794;GO:0005815;GO:0036064;GO:0005856;GO:0005929;GO:0005930;GO:0035869;GO:0030992;GO:0042995	GO:0005737;GO:0005794;GO:0005815;GO:0005856;GO:0005929;GO:0032991;GO:0042995	Golgi apparatus;cell projection;cilium;cytoplasm;cytoskeleton;microtubule organizing center;protein-containing complex
che-2	GO:0005929;GO:0097730;GO:0030992;GO:0036064;GO:0042995	GO:0005815;GO:0005929;GO:0032991;GO:0042995	cell projection;cilium;microtubule organizing center;protein-containing complex
che-3	GO:0005737;GO:0005856;GO:0005868;GO:0030286;GO:0005874;GO:0005930;GO:0005886;GO:0005929;GO:0097729;GO:0097730;GO:0016020;GO:0060170;GO:0042995	GO:0005737;GO:0005856;GO:0005886;GO:0005929;GO:0016020;GO:0032991;GO:0042995	cell projection;cilium;cytoplasm;cytoskeleton;membrane;plasma membrane;protein-containing complex
che-6	GO:0005886;GO:0016020;GO:0017071;GO:0043025	GO:0005886;GO:0016020;GO:0032991	membrane;plasma membrane;protein-containing complex
che-7	GO:0005886;GO:0005921;GO:0070161;GO:0016020	GO:0005886;GO:0016020;GO:0030054	cell junction;membrane;plasma membrane
chhy-1			
chil-11			
chil-13	GO:0016020	GO:0016020	membrane
chil-15	GO:0016020	GO:0016020	membrane
chil-17	GO:0016020	GO:0016020	membrane
chil-18	GO:0016020	GO:0016020	membrane
chil-2			
chil-23	GO:0016020	GO:0016020	membrane
chil-24			
chil-8			
chin-1	GO:0005938	GO:0005737	cytoplasm
chk-1	GO:0005634;GO:0005737;GO:0048471	GO:0005634;GO:0005737	cytoplasm;nucleus
chk-2	GO:0005634;GO:0005737	GO:0005634;GO:0005737	cytoplasm;nucleus
chkr-2	GO:0005634;GO:0005737	GO:0005634;GO:0005737	cytoplasm;nucleus
chl-1	GO:0005634	GO:0005634	nucleus
chn-1	GO:0005737;GO:0030018	GO:0005737	cytoplasm
cho-1	GO:0005886;GO:0008021;GO:0016020;GO:0030424;GO:0043005;GO:0043025;GO:0045202	GO:0005886;GO:0016020;GO:0031410;GO:0043005;GO:0045202	cytoplasmic vesicle;membrane;neuron projection;plasma membrane;synapse
chp-1			
chpf-1	GO:0005634;GO:0005737;GO:0005886;GO:0016020	GO:0005634;GO:0005737;GO:0005886;GO:0016020	cytoplasm;membrane;nucleus;plasma membrane
chpf-2	GO:0005634;GO:0005737;GO:0005886;GO:0016020	GO:0005634;GO:0005737;GO:0005886;GO:0016020	cytoplasm;membrane;nucleus;plasma membrane
cht-1	GO:0005576	GO:0005576	extracellular region
chtl-1	GO:0016020	GO:0016020	membrane
chup-1	GO:0005764;GO:0005768;GO:0005794;GO:0005886;GO:0016020;GO:0031410	GO:0005764;GO:0005768;GO:0005794;GO:0005886;GO:0016020;GO:0031410	Golgi apparatus;cytoplasmic vesicle;endosome;lysosome;membrane;plasma membrane
cid-1	GO:0000794;GO:0005737;GO:0043186;GO:0048471	GO:0000228;GO:0005737;GO:0043226	cytoplasm;nuclear chromosome;organelle
cin-4	GO:0005634	GO:0005634	nucleus
cisd-1	GO:0005739;GO:0005741;GO:0005789;GO:0016020;GO:0005783;GO:0043231	GO:0005739;GO:0005783;GO:0016020;GO:0043226	endoplasmic reticulum;membrane;mitochondrion;organelle
citk-2	GO:0005737;GO:0005856	GO:0005737;GO:0005856	cytoplasm;cytoskeleton
cka-1	GO:0005737;GO:0005938	GO:0005737	cytoplasm
cka-2	GO:0005737	GO:0005737	cytoplasm
ckb-1	GO:0005737	GO:0005737	cytoplasm
ckb-2	GO:0005737	GO:0005737	cytoplasm
ckb-3	GO:0005737	GO:0005737	cytoplasm
ckb-4	GO:0005737	GO:0005737	cytoplasm
ckc-1	GO:0005737	GO:0005737	cytoplasm
cki-1	GO:0005634	GO:0005634	nucleus
cki-2	GO:0005634	GO:0005634	nucleus
ckk-1	GO:0005634;GO:0005737	GO:0005634;GO:0005737	cytoplasm;nucleus
ckr-1	GO:0005886;GO:0016020	GO:0005886;GO:0016020	membrane;plasma membrane
ckr-2	GO:0005886;GO:0016020	GO:0005886;GO:0016020	membrane;plasma membrane
cku-70	GO:0005634;GO:0043564	GO:0005634;GO:0032991	nucleus;protein-containing complex
cku-80	GO:0005634;GO:0043564	GO:0005634;GO:0032991	nucleus;protein-containing complex
clc-5	GO:0005886;GO:0016020	GO:0005886;GO:0016020	membrane;plasma membrane
cle-1	GO:0005576;GO:0005581;GO:0005587;GO:0005604;GO:0031012;GO:0030054;GO:0045202	GO:0005576;GO:0030054;GO:0031012;GO:0032991;GO:0045202	cell junction;extracellular matrix;extracellular region;protein-containing complex;synapse
clec-150	GO:0009897		
clec-178			
clec-196	GO:0009897		
clec-224	GO:0009897		
clec-83			
clec-86	GO:0009897		
clec-87	GO:0009897		
clec-91	GO:0005576;GO:0009897	GO:0005576	extracellular region
clh-2	GO:0005886;GO:0016020	GO:0005886;GO:0016020	membrane;plasma membrane
clh-3	GO:0005886;GO:0016020	GO:0005886;GO:0016020	membrane;plasma membrane
clh-4	GO:0005886;GO:0016020	GO:0005886;GO:0016020	membrane;plasma membrane
clh-5	GO:0005769;GO:0005794;GO:0005886;GO:0008021;GO:0010008;GO:0016020	GO:0005768;GO:0005794;GO:0005886;GO:0016020;GO:0031410	Golgi apparatus;cytoplasmic vesicle;endosome;membrane;plasma membrane
clh-6	GO:0005765;GO:0016020;GO:0005886;GO:0034707	GO:0005886;GO:0016020;GO:0032991	membrane;plasma membrane;protein-containing complex
clhm-1	GO:0005886;GO:0016020;GO:0034702;GO:0097730	GO:0005886;GO:0005929;GO:0016020;GO:0032991	cilium;membrane;plasma membrane;protein-containing complex
clk-1	GO:0005634;GO:0005739;GO:0005743;GO:0016020;GO:0031314	GO:0005634;GO:0005739;GO:0016020	membrane;mitochondrion;nucleus
cln-3.1	GO:0005737;GO:0005764;GO:0005765;GO:0016020;GO:0005773;GO:0012505	GO:0005737;GO:0005764;GO:0005773;GO:0016020	cytoplasm;lysosome;membrane;vacuole
cln-3.2	GO:0005764;GO:0005765;GO:0016020;GO:0005773;GO:0012505	GO:0005764;GO:0005773;GO:0016020	lysosome;membrane;vacuole
cln-3.3	GO:0005764;GO:0005765;GO:0016020;GO:0005773;GO:0012505	GO:0005764;GO:0005773;GO:0016020	lysosome;membrane;vacuole
clp-1	GO:0005737;GO:0030017;GO:0031430	GO:0005737	cytoplasm
clp-3	GO:0005737	GO:0005737	cytoplasm
clp-4	GO:0005737	GO:0005737	cytoplasm
clp-6	GO:0005737	GO:0005737	cytoplasm
clp-7	GO:0005737	GO:0005737	cytoplasm
clpf-1	GO:0005634	GO:0005634	nucleus
clpp-1	GO:0005739;GO:0005759;GO:0009368	GO:0005739;GO:0032991	mitochondrion;protein-containing complex
clpr-1			
clpr-3			
clpr-4			
clr-1	GO:0005886;GO:0016020;GO:0045202;GO:0098794	GO:0005886;GO:0016020;GO:0045202	membrane;plasma membrane;synapse
cmd-1	GO:0005737;GO:0005813;GO:0005955;GO:0031965;GO:0071944;GO:0072686	GO:0005737;GO:0005815;GO:0016020;GO:0032991;GO:0043226	cytoplasm;membrane;microtubule organizing center;organelle;protein-containing complex
cnb-1	GO:0005737;GO:0005783;GO:0005955;GO:0030017;GO:0055120	GO:0005737;GO:0005783;GO:0032991	cytoplasm;endoplasmic reticulum;protein-containing complex
cnd-1	GO:0005634	GO:0005634	nucleus
cng-1	GO:0005886;GO:0016020;GO:0017071;GO:0034703;GO:0043025	GO:0005886;GO:0016020;GO:0032991	membrane;plasma membrane;protein-containing complex
cng-2	GO:0005886;GO:0016020;GO:0017071;GO:0043025	GO:0005886;GO:0016020;GO:0032991	membrane;plasma membrane;protein-containing complex
cng-3	GO:0005886;GO:0016020;GO:0017071;GO:0097730	GO:0005886;GO:0005929;GO:0016020;GO:0032991	cilium;membrane;plasma membrane;protein-containing complex
cnk-1	GO:0005737;GO:0016020	GO:0005737;GO:0016020	cytoplasm;membrane
cnnm-1	GO:0005886;GO:0016020;GO:0016323	GO:0005886;GO:0016020	membrane;plasma membrane
cnnm-2	GO:0005886;GO:0016020	GO:0005886;GO:0016020	membrane;plasma membrane
cnnm-3	GO:0005886;GO:0016020;GO:0016323	GO:0005886;GO:0016020	membrane;plasma membrane
cnp-2			
cnt-1	GO:0005737;GO:0005768;GO:0005886;GO:0009898;GO:0098592;GO:0016020;GO:0016323;GO:0016324;GO:0031901;GO:0055038	GO:0005737;GO:0005768;GO:0005886;GO:0016020	cytoplasm;endosome;membrane;plasma membrane
cnt-2			
cnx-1	GO:0005737;GO:0005783;GO:0005789;GO:0016020;GO:0031410;GO:0048471	GO:0005737;GO:0005783;GO:0016020;GO:0031410	cytoplasm;cytoplasmic vesicle;endoplasmic reticulum;membrane
coa-3	GO:0005739;GO:0005743;GO:0016020;GO:0031966	GO:0005739;GO:0016020	membrane;mitochondrion
coa-5	GO:0005739	GO:0005739	mitochondrion
coa-7	GO:0005758		
cof-2	GO:0005576;GO:0005615;GO:0016020	GO:0005576;GO:0016020	extracellular region;membrane
cog-1	GO:0005634	GO:0005634	nucleus
cogc-1	GO:0000139;GO:0016020;GO:0005794;GO:0017119	GO:0005794;GO:0016020;GO:0032991	Golgi apparatus;membrane;protein-containing complex
cogc-2	GO:0000139;GO:0016020;GO:0005794;GO:0017119	GO:0005794;GO:0016020;GO:0032991	Golgi apparatus;membrane;protein-containing complex
cogc-3	GO:0000139;GO:0016020;GO:0005783;GO:0005794;GO:0005801;GO:0017119	GO:0005783;GO:0005794;GO:0016020;GO:0032991;GO:0043226	Golgi apparatus;endoplasmic reticulum;membrane;organelle;protein-containing complex
cogc-4	GO:0000139;GO:0016020;GO:0005794;GO:0017119	GO:0005794;GO:0016020;GO:0032991	Golgi apparatus;membrane;protein-containing complex
cogc-5	GO:0017119	GO:0032991	protein-containing complex
cogc-6	GO:0000139;GO:0016020;GO:0005794;GO:0017119	GO:0005794;GO:0016020;GO:0032991	Golgi apparatus;membrane;protein-containing complex
cogc-8	GO:0000139;GO:0016020;GO:0005794;GO:0017119	GO:0005794;GO:0016020;GO:0032991	Golgi apparatus;membrane;protein-containing complex
coh-1	GO:0005634;GO:0005694;GO:0008278	GO:0005634;GO:0005694;GO:0032991	chromosome;nucleus;protein-containing complex
col-104	GO:0005581;GO:0016020	GO:0016020;GO:0032991	membrane;protein-containing complex
col-121	GO:0005581;GO:0016020	GO:0016020;GO:0032991	membrane;protein-containing complex
col-135	GO:0005581;GO:0005587;GO:0031012	GO:0031012;GO:0032991	extracellular matrix;protein-containing complex
col-48	GO:0005581;GO:0016020	GO:0016020;GO:0032991	membrane;protein-containing complex
col-78	GO:0016020	GO:0016020	membrane
col-99	GO:0005581;GO:0005615;GO:0005886;GO:0031012;GO:0031594	GO:0005886;GO:0031012;GO:0032991;GO:0045202	extracellular matrix;plasma membrane;protein-containing complex;synapse
com-1			
cone-1	GO:0000139;GO:0016020;GO:0005794	GO:0005794;GO:0016020	Golgi apparatus;membrane
copa-1	GO:0000139;GO:0016020;GO:0030663;GO:0005737;GO:0005794;GO:0030117;GO:0030126	GO:0005737;GO:0005794;GO:0016020;GO:0032991	Golgi apparatus;cytoplasm;membrane;protein-containing complex
copb-2	GO:0000139;GO:0016020;GO:0030663;GO:0005737;GO:0005794;GO:0030117;GO:0030126;GO:0031410	GO:0005737;GO:0005794;GO:0016020;GO:0031410;GO:0032991	Golgi apparatus;cytoplasm;cytoplasmic vesicle;membrane;protein-containing complex
copg-1	GO:0000139;GO:0016020;GO:0030663;GO:0005737;GO:0005783;GO:0005793;GO:0005794;GO:0030117;GO:0030126;GO:0031410	GO:0005737;GO:0005783;GO:0005794;GO:0016020;GO:0031410;GO:0032991;GO:0043226	Golgi apparatus;cytoplasm;cytoplasmic vesicle;endoplasmic reticulum;membrane;organelle;protein-containing complex
coq-1	GO:0005739;GO:0031314;GO:0032476;GO:0032478	GO:0005739;GO:0032991	mitochondrion;protein-containing complex
coq-2	GO:0005739;GO:0005743;GO:0016020;GO:0031966	GO:0005739;GO:0016020	membrane;mitochondrion
coq-4	GO:0005739;GO:0005743;GO:0016020;GO:0031314	GO:0005739;GO:0016020	membrane;mitochondrion
coq-5	GO:0005739;GO:0005743;GO:0016020;GO:0031314	GO:0005739;GO:0016020	membrane;mitochondrion
coq-6	GO:0005739;GO:0005743;GO:0016020;GO:0031314	GO:0005739;GO:0016020	membrane;mitochondrion
coq-8	GO:0005739	GO:0005739	mitochondrion
cor-1	GO:0005737;GO:0005856	GO:0005737;GO:0005856	cytoplasm;cytoskeleton
cox-10	GO:0005739;GO:0016020;GO:0031966	GO:0005739;GO:0016020	membrane;mitochondrion
cox-11	GO:0005739;GO:0005743;GO:0016020	GO:0005739;GO:0016020	membrane;mitochondrion
cox-15	GO:0005743;GO:0016020	GO:0016020	membrane
cox-16	GO:0005739;GO:0005743;GO:0016020;GO:0031966	GO:0005739;GO:0016020	membrane;mitochondrion
cox-4	GO:0005739;GO:0005743;GO:0045277	GO:0005739;GO:0016020;GO:0032991	membrane;mitochondrion;protein-containing complex
cox-5A	GO:0005739;GO:0005743;GO:0016020;GO:0045277	GO:0005739;GO:0016020;GO:0032991	membrane;mitochondrion;protein-containing complex
cox-5B	GO:0005739;GO:0005740;GO:0045277	GO:0005739;GO:0032991	mitochondrion;protein-containing complex
cox-6A	GO:0005739;GO:0005743;GO:0016020;GO:0045277	GO:0005739;GO:0016020;GO:0032991	membrane;mitochondrion;protein-containing complex
cox-6B	GO:0005739;GO:0016020;GO:0045277	GO:0005739;GO:0016020;GO:0032991	membrane;mitochondrion;protein-containing complex
cox-7C	GO:0005739;GO:0005743;GO:0016020;GO:0045277	GO:0005739;GO:0016020;GO:0032991	membrane;mitochondrion;protein-containing complex
cpb-1	GO:0005634;GO:0005737;GO:0043005;GO:0045202	GO:0005634;GO:0005737;GO:0043005;GO:0045202	cytoplasm;neuron projection;nucleus;synapse
cpb-2	GO:0005634;GO:0005737	GO:0005634;GO:0005737	cytoplasm;nucleus
cpb-3	GO:0005634;GO:0005737;GO:0043005;GO:0045202	GO:0005634;GO:0005737;GO:0043005;GO:0045202	cytoplasm;neuron projection;nucleus;synapse
cpd-2	GO:0005615		
cpf-2	GO:0005634;GO:0005847;GO:0016607	GO:0005634;GO:0032991;GO:0043226	nucleus;organelle;protein-containing complex
cpi-1	GO:0005615;GO:0005737;GO:0031982	GO:0005737;GO:0043226	cytoplasm;organelle
cpi-2	GO:0005576;GO:0005615;GO:0042718;GO:0005737;GO:0031982	GO:0005576;GO:0005737;GO:0043226	cytoplasm;extracellular region;organelle
cpin-1	GO:0005829	GO:0005829	cytosol
cpl-1	GO:0005576;GO:0005615;GO:0031983;GO:0042718;GO:0005737;GO:0005764;GO:0005767;GO:0005768;GO:0036019;GO:0031410;GO:0032010;GO:0045335	GO:0005576;GO:0005737;GO:0005764;GO:0005768;GO:0031410	cytoplasm;cytoplasmic vesicle;endosome;extracellular region;lysosome
cpr-1	GO:0005615;GO:0005764	GO:0005764	lysosome
cpr-2	GO:0005615;GO:0005764	GO:0005764	lysosome
cpr-3	GO:0005615;GO:0005764	GO:0005764	lysosome
cpr-4	GO:0005576;GO:0005615;GO:0005764	GO:0005576;GO:0005764	extracellular region;lysosome
cpr-5	GO:0005615;GO:0005764	GO:0005764	lysosome
cpr-6	GO:0005615;GO:0005764	GO:0005764	lysosome
cpr-8	GO:0005615;GO:0005764	GO:0005764	lysosome
cpr-9	GO:0005615;GO:0005764	GO:0005764	lysosome
cps-6	GO:0005634;GO:0005739;GO:0005743;GO:0005758	GO:0005634;GO:0005739;GO:0016020	membrane;mitochondrion;nucleus
cpsf-1	GO:0005634;GO:0005847	GO:0005634;GO:0032991	nucleus;protein-containing complex
cpt-1	GO:0005739;GO:0016020;GO:0031966	GO:0005739;GO:0016020	membrane;mitochondrion
cpt-2	GO:0005739	GO:0005739	mitochondrion
cpx-1	GO:0005737;GO:0005829;GO:0030424;GO:0031201;GO:0043195;GO:0045202	GO:0005737;GO:0005829;GO:0032991;GO:0043005;GO:0045202	cytoplasm;cytosol;neuron projection;protein-containing complex;synapse
crb-1	GO:0005576;GO:0005737;GO:0005886;GO:0016020;GO:0032991;GO:0045177	GO:0005576;GO:0005737;GO:0005886;GO:0016020;GO:0032991	cytoplasm;extracellular region;membrane;plasma membrane;protein-containing complex
crh-1	GO:0000785;GO:0005634;GO:0005667	GO:0005634;GO:0032991	nucleus;protein-containing complex
crh-2	GO:0005634	GO:0005634	nucleus
cri-2	GO:0005576;GO:0005615;GO:0031012	GO:0005576;GO:0031012	extracellular matrix;extracellular region
cri-3	GO:0005739;GO:0005759	GO:0005739	mitochondrion
crim-1	GO:0005576;GO:0016020	GO:0005576;GO:0016020	extracellular region;membrane
crld-1	GO:0005783;GO:0005788;GO:0005789;GO:0016020	GO:0005783;GO:0016020	endoplasmic reticulum;membrane
crls-1	GO:0005739;GO:0005743;GO:0016020	GO:0005739;GO:0016020	membrane;mitochondrion
crml-1	GO:0005886;GO:0030027	GO:0005886;GO:0042995	cell projection;plasma membrane
crn-1	GO:0005634;GO:0005654;GO:0005730;GO:0005739	GO:0005634;GO:0005654;GO:0005730;GO:0005739	mitochondrion;nucleolus;nucleoplasm;nucleus
crn-3	GO:0000176;GO:0000178;GO:0005634;GO:0005654;GO:0005730	GO:0005634;GO:0005654;GO:0005730;GO:0032991	nucleolus;nucleoplasm;nucleus;protein-containing complex
crn-6			
crn-7			
crt-1	GO:0005737;GO:0005783;GO:0005788;GO:0005789	GO:0005737;GO:0005783;GO:0016020	cytoplasm;endoplasmic reticulum;membrane
crtc-1	GO:0005634;GO:0005737;GO:0005829	GO:0005634;GO:0005737;GO:0005829	cytoplasm;cytosol;nucleus
csa-1	GO:0000109;GO:0031464	GO:0032991	protein-containing complex
csb-1	GO:0000785;GO:0005634	GO:0005634	nucleus
csk-1	GO:0005886;GO:0005911	GO:0005886;GO:0030054	cell junction;plasma membrane
csn-5	GO:0005634;GO:0005737;GO:0008180;GO:0031672	GO:0005634;GO:0005737;GO:0032991	cytoplasm;nucleus;protein-containing complex
csp-1	GO:0043073	GO:0005634	nucleus
csp-2	GO:0005737;GO:0097179	GO:0005737;GO:0032991	cytoplasm;protein-containing complex
csp-3	GO:0005737	GO:0005737	cytoplasm
csq-1	GO:0005634;GO:0005737;GO:0016324;GO:0016529;GO:0033018;GO:0042383	GO:0005634;GO:0005737;GO:0005783;GO:0005886;GO:0016020	cytoplasm;endoplasmic reticulum;membrane;nucleus;plasma membrane
cst-1	GO:0005737	GO:0005737	cytoplasm
cst-2	GO:0005737	GO:0005737	cytoplasm
ctbp-1	GO:0005634	GO:0005634	nucleus
ctf-4	GO:0031298;GO:0043596	GO:0032991	protein-containing complex
cth-1	GO:0005737	GO:0005737	cytoplasm
cth-2	GO:0005737;GO:0005783	GO:0005737;GO:0005783	cytoplasm;endoplasmic reticulum
ctl-1	GO:0005737;GO:0005739;GO:0005777	GO:0005737;GO:0005739;GO:0005777	cytoplasm;mitochondrion;peroxisome
ctl-2	GO:0005737;GO:0005739;GO:0005777	GO:0005737;GO:0005739;GO:0005777	cytoplasm;mitochondrion;peroxisome
ctl-3	GO:0005737;GO:0005739;GO:0005777	GO:0005737;GO:0005739;GO:0005777	cytoplasm;mitochondrion;peroxisome
ctn-1	GO:0005737;GO:0005886;GO:0055120;GO:0071944	GO:0005737;GO:0005886	cytoplasm;plasma membrane
ctnb-1	GO:0005634;GO:0005681	GO:0005634;GO:0032991	nucleus;protein-containing complex
ctns-1	GO:0005764;GO:0005765;GO:0016020;GO:0031410;GO:0045335	GO:0005764;GO:0016020;GO:0031410	cytoplasmic vesicle;lysosome;membrane
ctps-1	GO:0005737;GO:0097268	GO:0005737	cytoplasm
cts-1	GO:0005739;GO:0005759	GO:0005739	mitochondrion
ctsa-1.1			
ctsa-1.2			
ctsa-2	GO:0045121	GO:0016020	membrane
ctsa-3.1	GO:0045121	GO:0016020	membrane
ctsa-3.2			
ctsa-4.1			
ctsa-4.2	GO:0016020;GO:0045121	GO:0016020	membrane
cua-1	GO:0005774;GO:0016020;GO:0005794;GO:0005802;GO:0005886	GO:0005794;GO:0005886;GO:0016020	Golgi apparatus;membrane;plasma membrane
cubn-1	GO:0005576	GO:0005576	extracellular region
cul-3	GO:0005634;GO:0005737;GO:0031463	GO:0005634;GO:0005737;GO:0032991	cytoplasm;nucleus;protein-containing complex
cul-4	GO:0080008	GO:0032991	protein-containing complex
cup-14	GO:0005768;GO:0005770	GO:0005768	endosome
cup-15	GO:0005829;GO:0016020	GO:0005829;GO:0016020	cytosol;membrane
cup-5	GO:0005764;GO:0005765;GO:0010008;GO:0016020;GO:0005768;GO:0036019;GO:0005886;GO:0031410	GO:0005764;GO:0005768;GO:0005886;GO:0016020;GO:0031410	cytoplasmic vesicle;endosome;lysosome;membrane;plasma membrane
cwf-19L1	GO:0071014	GO:0032991	protein-containing complex
cwn-1	GO:0005576;GO:0005615;GO:0005737;GO:0005886;GO:0016020	GO:0005576;GO:0005737;GO:0005886;GO:0016020	cytoplasm;extracellular region;membrane;plasma membrane
cwn-2	GO:0005576;GO:0005615	GO:0005576	extracellular region
cya-1	GO:0005634;GO:0005737;GO:0005815;GO:0097124	GO:0005634;GO:0005737;GO:0005815;GO:0032991	cytoplasm;microtubule organizing center;nucleus;protein-containing complex
cyb-1	GO:0000307;GO:0005634;GO:0005737;GO:0005815	GO:0005634;GO:0005737;GO:0005815;GO:0032991	cytoplasm;microtubule organizing center;nucleus;protein-containing complex
cyb-2.1	GO:0000307;GO:0005634;GO:0005737;GO:0005815	GO:0005634;GO:0005737;GO:0005815;GO:0032991	cytoplasm;microtubule organizing center;nucleus;protein-containing complex
cyb-2.2	GO:0000307;GO:0005634;GO:0005737;GO:0005815	GO:0005634;GO:0005737;GO:0005815;GO:0032991	cytoplasm;microtubule organizing center;nucleus;protein-containing complex
cyc-1	GO:0005739;GO:0005743;GO:0016020;GO:0045275	GO:0005739;GO:0016020;GO:0032991	membrane;mitochondrion;protein-containing complex
cyc-2.1	GO:0005739;GO:0005758;GO:0098803	GO:0005739;GO:0032991	mitochondrion;protein-containing complex
cyc-2.2	GO:0005739;GO:0005758	GO:0005739	mitochondrion
cyd-1	GO:0000307;GO:0097128;GO:0005634;GO:0005737;GO:0005815	GO:0005634;GO:0005737;GO:0005815;GO:0032991	cytoplasm;microtubule organizing center;nucleus;protein-containing complex
cye-1	GO:0000307;GO:0097134;GO:0000785;GO:0005634;GO:0005737;GO:0005814;GO:0005815;GO:0005856	GO:0005634;GO:0005737;GO:0005815;GO:0005856;GO:0032991;GO:0043226	cytoplasm;cytoskeleton;microtubule organizing center;nucleus;organelle;protein-containing complex
cyk-1	GO:0005826;GO:0005884;GO:0009898;GO:0032154	GO:0016020	membrane
cyk-4	GO:0005634;GO:0005819;GO:0005886;GO:0030496;GO:0051233;GO:1990023;GO:0032154;GO:0097149	GO:0005634;GO:0005886;GO:0016020;GO:0032991;GO:0043226	membrane;nucleus;organelle;plasma membrane;protein-containing complex
cyld-1	GO:0005737;GO:0005813;GO:0005829;GO:0048471	GO:0005737;GO:0005815;GO:0005829	cytoplasm;cytosol;microtubule organizing center
cyn-1	GO:0005737;GO:0005739;GO:0071013	GO:0005737;GO:0005739;GO:0032991	cytoplasm;mitochondrion;protein-containing complex
cyn-12	GO:0005634;GO:0071013	GO:0005634;GO:0032991	nucleus;protein-containing complex
cyn-16	GO:0005634;GO:0071013	GO:0005634;GO:0032991	nucleus;protein-containing complex
cyn-2	GO:0005737	GO:0005737	cytoplasm
cyn-3	GO:0005737	GO:0005737	cytoplasm
cyn-5	GO:0005737	GO:0005737	cytoplasm
cyn-6	GO:0005737	GO:0005737	cytoplasm
cyn-7	GO:0005737	GO:0005737	cytoplasm
cyp-13A1			
cyp-13A10	GO:0005575;GO:0016020	GO:0016020	membrane
cyp-13A11			
cyp-13A12			
cyp-13A2			
cyp-13A3			
cyp-13A4			
cyp-13A5			
cyp-13A6			
cyp-13A7			
cyp-13A8			
cyp-13B1	GO:0005575		
cyp-13B2			
cyp-14A1	GO:0016020	GO:0016020	membrane
cyp-14A2			
cyp-14A3			
cyp-14A4			
cyp-14A5			
cyp-23A1	GO:0005737;GO:0016020	GO:0005737;GO:0016020	cytoplasm;membrane
cyp-25A1	GO:0016020	GO:0016020	membrane
cyp-25A2			
cyp-25A3	GO:0016020	GO:0016020	membrane
cyp-25A4	GO:0016020	GO:0016020	membrane
cyp-29A3			
cyp-29A4			
cyp-31A2			
cyp-31A3	GO:0016020	GO:0016020	membrane
cyp-31A5			
cyp-32A1			
cyp-33A1	GO:0005737	GO:0005737	cytoplasm
cyp-33B1	GO:0005737	GO:0005737	cytoplasm
cyp-33C1	GO:0005737	GO:0005737	cytoplasm
cyp-33C11	GO:0005737	GO:0005737	cytoplasm
cyp-33C12	GO:0005737	GO:0005737	cytoplasm
cyp-33C2	GO:0005737	GO:0005737	cytoplasm
cyp-33C3	GO:0005737	GO:0005737	cytoplasm
cyp-33C4	GO:0005737	GO:0005737	cytoplasm
cyp-33C5	GO:0005737	GO:0005737	cytoplasm
cyp-33C6	GO:0005737	GO:0005737	cytoplasm
cyp-33C7	GO:0005737	GO:0005737	cytoplasm
cyp-33C8	GO:0005737	GO:0005737	cytoplasm
cyp-33C9	GO:0005737	GO:0005737	cytoplasm
cyp-33D1	GO:0005737	GO:0005737	cytoplasm
cyp-33D3	GO:0005737;GO:0016020	GO:0005737;GO:0016020	cytoplasm;membrane
cyp-33E1	GO:0005737	GO:0005737	cytoplasm
cyp-33E2	GO:0005737;GO:0043231	GO:0005737;GO:0043226	cytoplasm;organelle
cyp-34A1	GO:0005737	GO:0005737	cytoplasm
cyp-34A10	GO:0005737	GO:0005737	cytoplasm
cyp-34A2	GO:0005737	GO:0005737	cytoplasm
cyp-34A5	GO:0005737	GO:0005737	cytoplasm
cyp-34A6	GO:0005737	GO:0005737	cytoplasm
cyp-34A7	GO:0005737	GO:0005737	cytoplasm
cyp-34A8	GO:0005737	GO:0005737	cytoplasm
cyp-34A9	GO:0005737	GO:0005737	cytoplasm
cyp-35A1	GO:0005737	GO:0005737	cytoplasm
cyp-35A2	GO:0005737	GO:0005737	cytoplasm
cyp-35A3	GO:0005737	GO:0005737	cytoplasm
cyp-35A4	GO:0005737	GO:0005737	cytoplasm
cyp-35A5	GO:0005737	GO:0005737	cytoplasm
cyp-35B1	GO:0005737	GO:0005737	cytoplasm
cyp-35B2	GO:0005737	GO:0005737	cytoplasm
cyp-35B3	GO:0005737	GO:0005737	cytoplasm
cyp-35C1	GO:0005737	GO:0005737	cytoplasm
cyp-35D1	GO:0005737	GO:0005737	cytoplasm
cyp-36A1	GO:0005737;GO:0016020	GO:0005737;GO:0016020	cytoplasm;membrane
cyp-37A1	GO:0016020	GO:0016020	membrane
cyp-37B1	GO:0016020	GO:0016020	membrane
cyp-42A1	GO:0005783;GO:0005789;GO:0016020	GO:0005783;GO:0016020	endoplasmic reticulum;membrane
cyp-44A1			
cysl-2	GO:0005737	GO:0005737	cytoplasm
cytb-5.1	GO:0005783;GO:0005789;GO:0016020;GO:0048471	GO:0005783;GO:0016020	endoplasmic reticulum;membrane
daam-1			
daao-1	GO:0005737;GO:0005777;GO:0005782	GO:0005737;GO:0005777	cytoplasm;peroxisome
dab-1	GO:0005737;GO:0005938;GO:0005798;GO:0030136;GO:0005905;GO:0031982	GO:0005737;GO:0016020;GO:0031410;GO:0043226	cytoplasm;cytoplasmic vesicle;membrane;organelle
dach-1	GO:0005737	GO:0005737	cytoplasm
daf-1	GO:0005886;GO:0016020;GO:0048179	GO:0005886;GO:0016020;GO:0032991	membrane;plasma membrane;protein-containing complex
daf-10	GO:0005929;GO:0097730;GO:0030991;GO:0036064;GO:0042995	GO:0005815;GO:0005929;GO:0032991;GO:0042995	cell projection;cilium;microtubule organizing center;protein-containing complex
daf-12	GO:0005634	GO:0005634	nucleus
daf-15	GO:0005737;GO:0031931	GO:0005737;GO:0032991	cytoplasm;protein-containing complex
daf-16	GO:0005634;GO:0005737;GO:0005829	GO:0005634;GO:0005737;GO:0005829	cytoplasm;cytosol;nucleus
daf-18	GO:0005634;GO:0005737;GO:0005829;GO:0005886;GO:0009898;GO:0043025;GO:0043204;GO:0016020;GO:0030424;GO:0030425;GO:0042995;GO:0062049	GO:0005634;GO:0005737;GO:0005829;GO:0005886;GO:0016020;GO:0032991;GO:0042995;GO:0043005	cell projection;cytoplasm;cytosol;membrane;neuron projection;nucleus;plasma membrane;protein-containing complex
daf-19	GO:0005634	GO:0005634	nucleus
daf-2	GO:0005737;GO:0005886;GO:0005899;GO:0016020;GO:0030424;GO:0031410;GO:0042995;GO:0043025;GO:0097730	GO:0005737;GO:0005886;GO:0005929;GO:0016020;GO:0031410;GO:0032991;GO:0042995;GO:0043005	cell projection;cilium;cytoplasm;cytoplasmic vesicle;membrane;neuron projection;plasma membrane;protein-containing complex
daf-22	GO:0005777	GO:0005777	peroxisome
daf-31	GO:0031415	GO:0032991	protein-containing complex
daf-4	GO:0005886;GO:0016020;GO:0043235	GO:0005886;GO:0016020;GO:0032991	membrane;plasma membrane;protein-containing complex
daf-41	GO:0005634;GO:0005829;GO:0030016;GO:0101031	GO:0005634;GO:0005829;GO:0032991;GO:0043226	cytosol;nucleus;organelle;protein-containing complex
daf-7	GO:0005576;GO:0005615	GO:0005576	extracellular region
daf-9	GO:0005737;GO:0016020;GO:0043025;GO:0048471	GO:0005737;GO:0016020	cytoplasm;membrane
dagl-2	GO:0005886;GO:0016020	GO:0005886;GO:0016020	membrane;plasma membrane
dao-3	GO:0005829	GO:0005829	cytosol
dap-3	GO:0005739;GO:0005761;GO:0005840;GO:0005763;GO:0015935;GO:1990904	GO:0005739;GO:0005840;GO:0032991	mitochondrion;protein-containing complex;ribosome
dapk-1	GO:0005634;GO:0005737;GO:0005829;GO:0005856	GO:0005634;GO:0005737;GO:0005829;GO:0005856	cytoplasm;cytoskeleton;cytosol;nucleus
dars-2	GO:0005737;GO:0005739	GO:0005737;GO:0005739	cytoplasm;mitochondrion
dat-1	GO:0005886;GO:0016020;GO:0030673;GO:0032590;GO:0042734;GO:0097060;GO:0030424;GO:0032809	GO:0005886;GO:0016020;GO:0043005	membrane;neuron projection;plasma membrane
dbl-1	GO:0005576;GO:0005615	GO:0005576	extracellular region
dbn-1	GO:0005884;GO:0030427;GO:0014069;GO:0030027;GO:0030425;GO:0030864;GO:0045211	GO:0005856;GO:0016020;GO:0042995;GO:0043005;GO:0043226	cell projection;cytoskeleton;membrane;neuron projection;organelle
dbr-1	GO:0005634	GO:0005634	nucleus
dbt-1	GO:0005737;GO:0005739;GO:0005759;GO:0005829;GO:0005929;GO:0030425;GO:0043005;GO:0042995;GO:0160157	GO:0005737;GO:0005739;GO:0005829;GO:0005929;GO:0032991;GO:0042995;GO:0043005	cell projection;cilium;cytoplasm;cytosol;mitochondrion;neuron projection;protein-containing complex
dcp-66	GO:0005634;GO:0016581	GO:0005634;GO:0032991	nucleus;protein-containing complex
dcr-1	GO:0005634;GO:0005737;GO:0005829;GO:0070578	GO:0005634;GO:0005737;GO:0005829;GO:0032991	cytoplasm;cytosol;nucleus;protein-containing complex
dct-1	GO:0005634;GO:0005739;GO:0005740;GO:0005741;GO:0016020;GO:0031966;GO:0032991	GO:0005634;GO:0005739;GO:0016020;GO:0032991	membrane;mitochondrion;nucleus;protein-containing complex
dct-13	GO:0005829;GO:0043186	GO:0005829;GO:0043226	cytosol;organelle
dct-14	GO:0034464	GO:0032991	protein-containing complex
dct-15	GO:0016020	GO:0016020	membrane
ddb-1	GO:0005634;GO:0005737;GO:0035861	GO:0005634;GO:0005737	cytoplasm;nucleus
ddl-3	GO:0005739;GO:0005743	GO:0005739;GO:0016020	membrane;mitochondrion
ddo-1	GO:0005737;GO:0005777;GO:0005782	GO:0005737;GO:0005777	cytoplasm;peroxisome
ddo-2	GO:0005737;GO:0005782	GO:0005737	cytoplasm
ddo-3	GO:0005576;GO:0005737	GO:0005576;GO:0005737	cytoplasm;extracellular region
ddp-1	GO:0005739;GO:0005743;GO:0016020	GO:0005739;GO:0016020	membrane;mitochondrion
ddr-2	GO:0005886;GO:0016020;GO:0030424;GO:0042995;GO:0043204;GO:0043235	GO:0005886;GO:0016020;GO:0032991;GO:0042995;GO:0043005	cell projection;membrane;neuron projection;plasma membrane;protein-containing complex
ddx-17	GO:0005634;GO:0005737;GO:0043186;GO:1990904	GO:0005634;GO:0005737;GO:0032991;GO:0043226	cytoplasm;nucleus;organelle;protein-containing complex
deb-1	GO:0005737;GO:0005856;GO:0005886;GO:0005912;GO:0005925;GO:0044291;GO:0070161;GO:0016020;GO:0055120;GO:0071944;GO:0097433	GO:0005737;GO:0005856;GO:0005886;GO:0016020;GO:0030054	cell junction;cytoplasm;cytoskeleton;membrane;plasma membrane
deg-1	GO:0005886;GO:0016020	GO:0005886;GO:0016020	membrane;plasma membrane
deg-3	GO:0005886;GO:0016020;GO:0045211;GO:0043005;GO:0045202;GO:1902495	GO:0005886;GO:0016020;GO:0032991;GO:0043005;GO:0045202	membrane;neuron projection;plasma membrane;protein-containing complex;synapse
del-1	GO:0005886;GO:0016020	GO:0005886;GO:0016020	membrane;plasma membrane
del-4	GO:0005886;GO:0016020	GO:0005886;GO:0016020	membrane;plasma membrane
dep-1	GO:0016020	GO:0016020	membrane
depd-5	GO:0005765;GO:1990130	GO:0016020;GO:0032991	membrane;protein-containing complex
des-2	GO:0005886;GO:0016020;GO:0043005;GO:0045202;GO:0098794;GO:1902495	GO:0005886;GO:0016020;GO:0032991;GO:0043005;GO:0045202	membrane;neuron projection;plasma membrane;protein-containing complex;synapse
dgat-2	GO:0005783;GO:0005789;GO:0016020;GO:0005811	GO:0005783;GO:0005811;GO:0016020	endoplasmic reticulum;lipid droplet;membrane
dgk-2	GO:0016020	GO:0016020	membrane
dgk-3	GO:0005886	GO:0005886	plasma membrane
dgk-4	GO:0005737;GO:0005886	GO:0005737;GO:0005886	cytoplasm;plasma membrane
dgn-1	GO:0005576;GO:0005654;GO:0009925;GO:0016020;GO:0045211;GO:0016010;GO:0016011;GO:0042383;GO:0045202	GO:0005576;GO:0005654;GO:0005886;GO:0016020;GO:0032991;GO:0045202	extracellular region;membrane;nucleoplasm;plasma membrane;protein-containing complex;synapse
dgn-2	GO:0016010;GO:0016011;GO:0016020;GO:0042383	GO:0005886;GO:0016020;GO:0032991	membrane;plasma membrane;protein-containing complex
dgtr-1	GO:0005783;GO:0016529;GO:0005789;GO:0016020	GO:0005783;GO:0016020	endoplasmic reticulum;membrane
dhc-1	GO:0000776;GO:0005819;GO:0000922;GO:0005874;GO:0005881;GO:0012505;GO:0005635;GO:0005737;GO:0005938;GO:1904115;GO:0005856;GO:0015630;GO:0005868;GO:0030286;GO:0045202	GO:0005635;GO:0005737;GO:0005856;GO:0032991;GO:0043226;GO:0045202	cytoplasm;cytoskeleton;nuclear envelope;organelle;protein-containing complex;synapse
dhcr-24	GO:0000139;GO:0005789;GO:0016020;GO:0005737;GO:0005783;GO:0005794	GO:0005737;GO:0005783;GO:0005794;GO:0016020	Golgi apparatus;cytoplasm;endoplasmic reticulum;membrane
dhcr-7	GO:0005789;GO:0016020	GO:0016020	membrane
dhfr-1	GO:0005739	GO:0005739	mitochondrion
dhgd-1	GO:0005739	GO:0005739	mitochondrion
dhhc-13	GO:0016020	GO:0016020	membrane
dhhc-14	GO:0012505;GO:0016020	GO:0016020	membrane
dhhc-2	GO:0005783;GO:0005794;GO:0012505;GO:0016020	GO:0005783;GO:0005794;GO:0016020	Golgi apparatus;endoplasmic reticulum;membrane
dhhc-4	GO:0005783;GO:0005794;GO:0016020	GO:0005783;GO:0005794;GO:0016020	Golgi apparatus;endoplasmic reticulum;membrane
dhod-1	GO:0005737;GO:0005739;GO:0005743;GO:0016020	GO:0005737;GO:0005739;GO:0016020	cytoplasm;membrane;mitochondrion
dhp-1	GO:0005634;GO:0005737;GO:0005829	GO:0005634;GO:0005737;GO:0005829	cytoplasm;cytosol;nucleus
dhp-2	GO:0005737;GO:0005829	GO:0005737;GO:0005829	cytoplasm;cytosol
dhrr-1	GO:0005886;GO:0016020	GO:0005886;GO:0016020	membrane;plasma membrane
dhs-1			
dhs-11	GO:0005739;GO:0005759	GO:0005739	mitochondrion
dhs-12	GO:0005737	GO:0005737	cytoplasm
dhs-16	GO:0016020	GO:0016020	membrane
dhs-2	GO:0016020	GO:0016020	membrane
dhs-20			
dhs-21	GO:0005886;GO:0016020	GO:0005886;GO:0016020	membrane;plasma membrane
dhs-22	GO:0016020	GO:0016020	membrane
dhs-25	GO:0005739;GO:0005759	GO:0005739	mitochondrion
dhs-28	GO:0005737;GO:0005777	GO:0005737;GO:0005777	cytoplasm;peroxisome
dhs-31	GO:0005737	GO:0005737	cytoplasm
dhs-5	GO:0005783;GO:0016020	GO:0005783;GO:0016020	endoplasmic reticulum;membrane
dhs-7	GO:0005737	GO:0005737	cytoplasm
dhs-8			
dib-1	GO:0005634;GO:0005681;GO:0005682;GO:0046540	GO:0005634;GO:0032991	nucleus;protein-containing complex
dif-1	GO:0005739;GO:0005740;GO:0005743;GO:0016020	GO:0005739;GO:0016020	membrane;mitochondrion
din-1	GO:0005634	GO:0005634	nucleus
dip-2			
dis-3	GO:0000176;GO:0000177;GO:0000178;GO:0005634;GO:0005654	GO:0005634;GO:0005654;GO:0032991	nucleoplasm;nucleus;protein-containing complex
disl-2	GO:0000932;GO:0005737	GO:0005737;GO:0043226	cytoplasm;organelle
djr-1.1	GO:0005634;GO:0005737;GO:0005739	GO:0005634;GO:0005737;GO:0005739	cytoplasm;mitochondrion;nucleus
djr-1.2	GO:0005634;GO:0005737;GO:0005739	GO:0005634;GO:0005737;GO:0005739	cytoplasm;mitochondrion;nucleus
dkc-1	GO:0005634;GO:0005730;GO:0031429;GO:1990904	GO:0005634;GO:0005730;GO:0032991	nucleolus;nucleus;protein-containing complex
dkf-1	GO:0005737;GO:0005938;GO:0005829;GO:0005886;GO:0016020;GO:0030424;GO:0030425;GO:0043025;GO:0045202	GO:0005737;GO:0005829;GO:0005886;GO:0016020;GO:0043005;GO:0045202	cytoplasm;cytosol;membrane;neuron projection;plasma membrane;synapse
dkf-2	GO:0005737;GO:0005829;GO:0005886;GO:0009898;GO:0016020;GO:1902554	GO:0005737;GO:0005829;GO:0005886;GO:0016020;GO:0032991	cytoplasm;cytosol;membrane;plasma membrane;protein-containing complex
dlat-1	GO:0005739;GO:0005759;GO:0045254	GO:0005739;GO:0032991	mitochondrion;protein-containing complex
dlat-2	GO:0005739;GO:0045254	GO:0005739;GO:0032991	mitochondrion;protein-containing complex
dlc-1	GO:0005634;GO:0005635;GO:0005737;GO:0005856;GO:0015630;GO:0005868;GO:0005875;GO:0030286;GO:0005874	GO:0005634;GO:0005635;GO:0005737;GO:0005856;GO:0032991	cytoplasm;cytoskeleton;nuclear envelope;nucleus;protein-containing complex
dld-1	GO:0005737;GO:0005739;GO:0005759;GO:0045252;GO:0045254	GO:0005737;GO:0005739;GO:0032991	cytoplasm;mitochondrion;protein-containing complex
dlg-1	GO:0005737;GO:0005886;GO:0005912;GO:0043296;GO:0070161;GO:0016020;GO:0016323;GO:0016324;GO:0098839;GO:0016328;GO:0031594;GO:0043005	GO:0005737;GO:0005886;GO:0016020;GO:0030054;GO:0043005;GO:0045202	cell junction;cytoplasm;membrane;neuron projection;plasma membrane;synapse
dlst-1	GO:0005739;GO:0045252	GO:0005739;GO:0032991	mitochondrion;protein-containing complex
dmd-4	GO:0005634	GO:0005634	nucleus
dmd-7	GO:0005634	GO:0005634	nucleus
dmd-9	GO:0005634	GO:0005634	nucleus
dna-2	GO:0005634;GO:0005737	GO:0005634;GO:0005737	cytoplasm;nucleus
dnbp-1	GO:0005737	GO:0005737	cytoplasm
dnc-1	GO:0000235;GO:0000922;GO:0005874;GO:0030496;GO:0035371;GO:0051233;GO:0000776;GO:0005814;GO:0005819;GO:0005737;GO:0005938;GO:0005813;GO:0005856;GO:0005869;GO:0005875;GO:0030286;GO:0030424	GO:0005737;GO:0005815;GO:0005856;GO:0032991;GO:0043005;GO:0043226	cytoplasm;cytoskeleton;microtubule organizing center;neuron projection;organelle;protein-containing complex
dnc-2	GO:0000242;GO:0005874;GO:0005876;GO:0000776;GO:0005634;GO:0005737;GO:0005813;GO:0005856;GO:0005869;GO:0030286;GO:0016020	GO:0005634;GO:0005737;GO:0005815;GO:0005856;GO:0016020;GO:0032991;GO:0043226	cytoplasm;cytoskeleton;membrane;microtubule organizing center;nucleus;organelle;protein-containing complex
dnj-1	GO:0005783;GO:0005789;GO:0016020	GO:0005783;GO:0016020	endoplasmic reticulum;membrane
dnj-12	GO:0005737;GO:0005829	GO:0005737;GO:0005829	cytoplasm;cytosol
dnj-13	GO:0005829;GO:0005929;GO:0031514;GO:0036126;GO:0042995	GO:0005829;GO:0005929;GO:0042995	cell projection;cilium;cytosol
dnj-14	GO:0005737;GO:0016020;GO:0061177	GO:0005737;GO:0016020	cytoplasm;membrane
dnj-15	GO:0005739	GO:0005739	mitochondrion
dnj-18	GO:0005739;GO:0016020	GO:0005739;GO:0016020	membrane;mitochondrion
dnj-19	GO:0005737;GO:0005829	GO:0005737;GO:0005829	cytoplasm;cytosol
dnj-20	GO:0005783	GO:0005783	endoplasmic reticulum
dnj-21	GO:0001405;GO:0005739;GO:0005743;GO:0016020	GO:0005739;GO:0016020;GO:0032991	membrane;mitochondrion;protein-containing complex
dnj-24	GO:0005634;GO:0005737	GO:0005634;GO:0005737	cytoplasm;nucleus
dnj-25	GO:0005737;GO:0031982	GO:0005737;GO:0043226	cytoplasm;organelle
dnj-26	GO:0005789;GO:0016020	GO:0016020	membrane
dnj-29	GO:0005783;GO:0005789;GO:0016020;GO:0012505;GO:0031207	GO:0005783;GO:0016020;GO:0032991	endoplasmic reticulum;membrane;protein-containing complex
dnsn-1	GO:0005634	GO:0005634	nucleus
dog-1	GO:0005634	GO:0005634	nucleus
dohh-1	GO:0005737	GO:0005737	cytoplasm
dolk-1	GO:0005783;GO:0005789;GO:0016020	GO:0005783;GO:0016020	endoplasmic reticulum;membrane
dop-1	GO:0005886;GO:0016020;GO:0030425;GO:0045202	GO:0005886;GO:0016020;GO:0043005;GO:0045202	membrane;neuron projection;plasma membrane;synapse
dop-2	GO:0005886;GO:0016020;GO:0030425;GO:0045202	GO:0005886;GO:0016020;GO:0043005;GO:0045202	membrane;neuron projection;plasma membrane;synapse
dop-3	GO:0005886;GO:0016020;GO:0030672;GO:0045211	GO:0005886;GO:0016020	membrane;plasma membrane
dop-4	GO:0005886;GO:0016020;GO:0045211;GO:0030425	GO:0005886;GO:0016020;GO:0043005	membrane;neuron projection;plasma membrane
dot-1.1	GO:0000781;GO:0005634;GO:0005694;GO:0035097	GO:0005634;GO:0005694;GO:0032991	chromosome;nucleus;protein-containing complex
dot-1.2	GO:0000781;GO:0005634;GO:0035097	GO:0005634;GO:0032991	nucleus;protein-containing complex
dot-1.3	GO:0000781;GO:0005634;GO:0035097	GO:0005634;GO:0032991	nucleus;protein-containing complex
dot-1.4	GO:0000781;GO:0005634;GO:0035097	GO:0005634;GO:0032991	nucleus;protein-containing complex
dot-1.5	GO:0000781;GO:0005634;GO:0035097	GO:0005634;GO:0032991	nucleus;protein-containing complex
doxa-1	GO:0005789;GO:0016020;GO:0005886;GO:1990204	GO:0005886;GO:0016020;GO:0032991	membrane;plasma membrane;protein-containing complex
dpf-1	GO:0005886;GO:0012505;GO:0016020	GO:0005886;GO:0016020	membrane;plasma membrane
dpf-2	GO:0005886;GO:0016020	GO:0005886;GO:0016020	membrane;plasma membrane
dpf-3			
dpff-1	GO:0005634;GO:0005737;GO:0071565	GO:0005634;GO:0005737;GO:0032991	cytoplasm;nucleus;protein-containing complex
dph-1	GO:0120513	GO:0032991	protein-containing complex
dph-2	GO:0120513	GO:0032991	protein-containing complex
dph-5			
dpl-1	GO:0005634;GO:0005667;GO:0035189;GO:0070176;GO:0090575	GO:0005634;GO:0032991	nucleus;protein-containing complex
dpm-1	GO:0005783;GO:0005789	GO:0005783;GO:0016020	endoplasmic reticulum;membrane
dpm-3	GO:0005783;GO:0005789;GO:0016020;GO:0033185	GO:0005783;GO:0016020;GO:0032991	endoplasmic reticulum;membrane;protein-containing complex
dpy-10	GO:0005576;GO:0005581	GO:0005576;GO:0032991	extracellular region;protein-containing complex
dpy-17	GO:0005576;GO:0005581	GO:0005576;GO:0032991	extracellular region;protein-containing complex
dpy-18	GO:0005783;GO:0005788	GO:0005783	endoplasmic reticulum
dpy-19	GO:0005737;GO:0005783;GO:0005789;GO:0016020;GO:0048471	GO:0005737;GO:0005783;GO:0016020	cytoplasm;endoplasmic reticulum;membrane
dpy-2	GO:0005581	GO:0032991	protein-containing complex
dpy-22	GO:0005634;GO:0016592	GO:0005634;GO:0032991	nucleus;protein-containing complex
dpy-23	GO:0005886;GO:0005905;GO:0016020;GO:1990075;GO:0008021;GO:0031410;GO:0030122;GO:0030131;GO:0045202	GO:0005886;GO:0016020;GO:0031410;GO:0032991;GO:0045202	cytoplasmic vesicle;membrane;plasma membrane;protein-containing complex;synapse
dpy-28	GO:0000779;GO:0000794;GO:0000796;GO:0046536;GO:0000805;GO:0005694;GO:0005634;GO:0043073;GO:0005654	GO:0000228;GO:0005634;GO:0005654;GO:0005694;GO:0032991	chromosome;nuclear chromosome;nucleoplasm;nucleus;protein-containing complex
dpy-3	GO:0005581;GO:0016020	GO:0016020;GO:0032991	membrane;protein-containing complex
dpy-30	GO:0005634	GO:0005634	nucleus
dpy-7	GO:0005581;GO:0060102;GO:0060108	GO:0031012;GO:0032991	extracellular matrix;protein-containing complex
dpy-8	GO:0005581;GO:0016020	GO:0016020;GO:0032991	membrane;protein-containing complex
dpy-9	GO:0005581;GO:0016020	GO:0016020;GO:0032991	membrane;protein-containing complex
dpyd-1	GO:0005737;GO:0005829	GO:0005737;GO:0005829	cytoplasm;cytosol
drag-1	GO:0005886;GO:0016020;GO:0043235;GO:0098552	GO:0005886;GO:0016020;GO:0032991	membrane;plasma membrane;protein-containing complex
drd-5	GO:0016020	GO:0016020	membrane
dre-1	GO:0005634;GO:0005737	GO:0005634;GO:0005737	cytoplasm;nucleus
drh-1	GO:0005737	GO:0005737	cytoplasm
drh-3	GO:0000794;GO:0005737;GO:0043186;GO:0070090	GO:0000228;GO:0005737;GO:0043226	cytoplasm;nuclear chromosome;organelle
drp-1	GO:0005737;GO:0005739;GO:0005741;GO:0016020;GO:0005829;GO:0005874	GO:0005737;GO:0005739;GO:0005829;GO:0016020	cytoplasm;cytosol;membrane;mitochondrion
drr-2	GO:0033290	GO:0032991	protein-containing complex
drsh-1	GO:0005634;GO:0070877	GO:0005634;GO:0032991	nucleus;protein-containing complex
dsbn-1	GO:0031082;GO:0031083	GO:0032991	protein-containing complex
dsc-1	GO:0005634;GO:0005737;GO:0030424;GO:0042995	GO:0005634;GO:0005737;GO:0042995;GO:0043005	cell projection;cytoplasm;neuron projection;nucleus
dsc-4	GO:0005783;GO:0005794;GO:0016323	GO:0005783;GO:0005794;GO:0016020	Golgi apparatus;endoplasmic reticulum;membrane
dsh-1	GO:0005737;GO:0005938;GO:0005829;GO:0016020	GO:0005737;GO:0005829;GO:0016020	cytoplasm;cytosol;membrane
dsh-2	GO:0005737;GO:0005938;GO:0005829;GO:0016020	GO:0005737;GO:0005829;GO:0016020	cytoplasm;cytosol;membrane
duo-1			
duox-2	GO:0005886;GO:0016020;GO:0043020	GO:0005886;GO:0016020;GO:0032991	membrane;plasma membrane;protein-containing complex
dut-1			
dvc-1	GO:0005634;GO:0005694	GO:0005634;GO:0005694	chromosome;nucleus
dve-1	GO:0000785;GO:0005634;GO:0005667;GO:0005737;GO:0005829	GO:0005634;GO:0005737;GO:0005829;GO:0032991	cytoplasm;cytosol;nucleus;protein-containing complex
dyb-1	GO:0005737;GO:0005886;GO:0016010;GO:0016014;GO:0045202	GO:0005737;GO:0005886;GO:0032991;GO:0045202	cytoplasm;plasma membrane;protein-containing complex;synapse
dyc-1	GO:0016010;GO:0030424;GO:0055120	GO:0032991;GO:0043005	neuron projection;protein-containing complex
dyci-1	GO:0005737;GO:0005868	GO:0005737;GO:0032991	cytoplasm;protein-containing complex
dyf-11	GO:0005737;GO:0005856;GO:0005929;GO:0005930;GO:0030992;GO:0036064;GO:0042995	GO:0005737;GO:0005815;GO:0005856;GO:0005929;GO:0032991;GO:0042995	cell projection;cilium;cytoplasm;cytoskeleton;microtubule organizing center;protein-containing complex
dyf-18	GO:0005634	GO:0005634	nucleus
dyf-2			
dyf-5	GO:0005634;GO:0005737;GO:0005929;GO:0097730;GO:0030424;GO:0030425;GO:0042995;GO:0043025;GO:0043204	GO:0005634;GO:0005737;GO:0005929;GO:0042995;GO:0043005	cell projection;cilium;cytoplasm;neuron projection;nucleus
dyla-1	GO:0005737;GO:0005930;GO:0097546;GO:0030286	GO:0005737;GO:0032991	cytoplasm;protein-containing complex
dylt-2	GO:0005737;GO:0005868;GO:0005930	GO:0005737;GO:0032991	cytoplasm;protein-containing complex
dyn-1	GO:0001891;GO:0005874;GO:0005876;GO:0030496;GO:0045177;GO:0048786;GO:0005737;GO:0005819;GO:0005856;GO:0005886;GO:0016020;GO:0030670;GO:0032154;GO:1990075;GO:0030424;GO:0031143;GO:0031410;GO:0045335;GO:0045202	GO:0005737;GO:0005856;GO:0005886;GO:0016020;GO:0031410;GO:0042995;GO:0043005;GO:0043226;GO:0045202	cell projection;cytoplasm;cytoplasmic vesicle;cytoskeleton;membrane;neuron projection;organelle;plasma membrane;synapse
dyrb-1	GO:0005694;GO:0005737;GO:0005938;GO:0005813;GO:0005819;GO:0005856;GO:0005868;GO:0030286;GO:0005874;GO:0005876;GO:0048471	GO:0005694;GO:0005737;GO:0005815;GO:0005856;GO:0032991;GO:0043226	chromosome;cytoplasm;cytoskeleton;microtubule organizing center;organelle;protein-containing complex
dys-1	GO:0005737;GO:0005856;GO:0005886;GO:0042383;GO:0016010;GO:0016014;GO:0016020;GO:0045202;GO:0055120	GO:0005737;GO:0005856;GO:0005886;GO:0016020;GO:0032991;GO:0045202	cytoplasm;cytoskeleton;membrane;plasma membrane;protein-containing complex;synapse
eaf-1	GO:0005634;GO:0005654;GO:0008023;GO:0032783	GO:0005634;GO:0005654;GO:0032991	nucleoplasm;nucleus;protein-containing complex
ears-1	GO:0005737;GO:0005829;GO:0017101;GO:0017102	GO:0005737;GO:0005829;GO:0032991	cytoplasm;cytosol;protein-containing complex
ears-2	GO:0005737;GO:0005739	GO:0005737;GO:0005739	cytoplasm;mitochondrion
eat-16	GO:0005737;GO:0005886;GO:0016020;GO:0043005	GO:0005737;GO:0005886;GO:0016020;GO:0043005	cytoplasm;membrane;neuron projection;plasma membrane
eat-2	GO:0005886;GO:0005892;GO:0016020;GO:0045211;GO:0031594;GO:0045202;GO:0043005	GO:0005886;GO:0016020;GO:0032991;GO:0043005;GO:0045202	membrane;neuron projection;plasma membrane;protein-containing complex;synapse
eat-3	GO:0005737;GO:0005739;GO:0005743;GO:0016020;GO:0031966;GO:0005758;GO:0005874	GO:0005737;GO:0005739;GO:0016020	cytoplasm;membrane;mitochondrion
eat-4	GO:0005886;GO:0016020;GO:0030672;GO:0045202;GO:0060076	GO:0005886;GO:0016020;GO:0045202	membrane;plasma membrane;synapse
eat-5	GO:0005886;GO:0005921;GO:0070161;GO:0016020	GO:0005886;GO:0016020;GO:0030054	cell junction;membrane;plasma membrane
eat-6	GO:0005886;GO:0016020	GO:0005886;GO:0016020	membrane;plasma membrane
ebp-1	GO:0000235;GO:0005874;GO:0005881;GO:0035371;GO:0051233;GO:0005813;GO:0005815;GO:0005856;GO:0005938	GO:0005737;GO:0005815;GO:0005856	cytoplasm;cytoskeleton;microtubule organizing center
ebp-2	GO:0000776;GO:0005737;GO:0005938;GO:0005813;GO:0005815;GO:0005856;GO:0005874;GO:0005881;GO:0035371;GO:0051233;GO:0097730	GO:0005737;GO:0005815;GO:0005856;GO:0005929;GO:0043226	cilium;cytoplasm;cytoskeleton;microtubule organizing center;organelle
ebp-3	GO:0005815;GO:0005856;GO:0005874;GO:0005881;GO:0035371;GO:0051233	GO:0005815;GO:0005856	cytoskeleton;microtubule organizing center
ech-1.1	GO:0005739;GO:0005743;GO:0016020;GO:0005759;GO:0016507	GO:0005739;GO:0016020;GO:0032991	membrane;mitochondrion;protein-containing complex
ech-1.2	GO:0005739;GO:0005743;GO:0016020;GO:0005759;GO:0016507	GO:0005739;GO:0016020;GO:0032991	membrane;mitochondrion;protein-containing complex
ech-5	GO:0005739	GO:0005739	mitochondrion
ech-6	GO:0005739;GO:0005759	GO:0005739	mitochondrion
ech-7	GO:0005739	GO:0005739	mitochondrion
ech-8	GO:0005777	GO:0005777	peroxisome
ech-9	GO:0005777	GO:0005777	peroxisome
eco-1	GO:0000785;GO:0005634	GO:0005634	nucleus
edc-3	GO:0000932	GO:0043226	organelle
eef-1A.1			
eef-1A.2	GO:0005737	GO:0005737	cytoplasm
eef-1G	GO:0005634;GO:0005737	GO:0005634;GO:0005737	cytoplasm;nucleus
eef-2	GO:0005737;GO:0005829;GO:1990904	GO:0005737;GO:0005829;GO:0032991	cytoplasm;cytosol;protein-containing complex
eel-1	GO:0005634;GO:0005737	GO:0005634;GO:0005737	cytoplasm;nucleus
efa-6	GO:0005737;GO:0005938;GO:0005886;GO:0016020;GO:0036449	GO:0005737;GO:0005886;GO:0016020	cytoplasm;membrane;plasma membrane
efhc-1	GO:0005737;GO:0005856;GO:0005930;GO:0042995;GO:0072686	GO:0005737;GO:0005856;GO:0042995;GO:0043226	cell projection;cytoplasm;cytoskeleton;organelle
efk-1			
efl-1	GO:0005634;GO:0005667;GO:0035189;GO:0070176;GO:0090575	GO:0005634;GO:0032991	nucleus;protein-containing complex
efl-2	GO:0005634;GO:0005667;GO:0035189;GO:0090575	GO:0005634;GO:0032991	nucleus;protein-containing complex
efn-2	GO:0005886;GO:0016020	GO:0005886;GO:0016020	membrane;plasma membrane
efn-3	GO:0005886;GO:0016020	GO:0005886;GO:0016020	membrane;plasma membrane
efn-4	GO:0005886;GO:0016020;GO:0030424;GO:0043025;GO:0098552	GO:0005886;GO:0016020;GO:0043005	membrane;neuron projection;plasma membrane
efsc-1			
eftu-2	GO:0005634;GO:0005829;GO:0046540;GO:0071007	GO:0005634;GO:0005829;GO:0032991	cytosol;nucleus;protein-containing complex
egl-10	GO:0005737;GO:0030425;GO:0043005;GO:0042995	GO:0005737;GO:0042995;GO:0043005	cell projection;cytoplasm;neuron projection
egl-13	GO:0005634	GO:0005634	nucleus
egl-15	GO:0005886;GO:0016020;GO:0043235	GO:0005886;GO:0016020;GO:0032991	membrane;plasma membrane;protein-containing complex
egl-17	GO:0005615;GO:0005737	GO:0005737	cytoplasm
egl-19	GO:0005886;GO:0005891;GO:0034702;GO:0016020;GO:0016323	GO:0005886;GO:0016020;GO:0032991	membrane;plasma membrane;protein-containing complex
egl-2	GO:0005886;GO:0008076;GO:0034702;GO:0016020;GO:0031528	GO:0005886;GO:0016020;GO:0032991	membrane;plasma membrane;protein-containing complex
egl-21	GO:0005615;GO:0043025;GO:0043204;GO:0098793;GO:0030424;GO:0031410;GO:0042995	GO:0031410;GO:0042995;GO:0043005	cell projection;cytoplasmic vesicle;neuron projection
egl-27	GO:0005634;GO:0016581	GO:0005634;GO:0032991	nucleus;protein-containing complex
egl-3	GO:0005576;GO:0005615;GO:0016020;GO:0030424;GO:0043005;GO:0031410;GO:0042995;GO:0045202	GO:0005576;GO:0016020;GO:0031410;GO:0042995;GO:0043005;GO:0045202	cell projection;cytoplasmic vesicle;extracellular region;membrane;neuron projection;synapse
egl-30	GO:0005737;GO:0005938;GO:0005834;GO:0005886;GO:0030424;GO:0043005;GO:0043025	GO:0005737;GO:0005886;GO:0032991;GO:0043005	cytoplasm;neuron projection;plasma membrane;protein-containing complex
egl-36	GO:0008076;GO:0034702;GO:0016020;GO:0032590;GO:0042734;GO:0045211;GO:0032809;GO:0043679	GO:0016020;GO:0032991	membrane;protein-containing complex
egl-38	GO:0000785;GO:0005634;GO:0005694	GO:0005634;GO:0005694	chromosome;nucleus
egl-4	GO:0005634;GO:0005737;GO:0005829	GO:0005634;GO:0005737;GO:0005829	cytoplasm;cytosol;nucleus
egl-43	GO:0005634	GO:0005634	nucleus
egl-44	GO:0005634;GO:0005667;GO:0090575	GO:0005634;GO:0032991	nucleus;protein-containing complex
egl-46	GO:0005634;GO:0017053	GO:0005634;GO:0032991	nucleus;protein-containing complex
egl-8	GO:0005886;GO:0005912;GO:0070161;GO:0030424;GO:0042995;GO:0043204;GO:0045202	GO:0005886;GO:0030054;GO:0042995;GO:0043005;GO:0045202	cell junction;cell projection;neuron projection;plasma membrane;synapse
egl-9	GO:0005634;GO:0005737;GO:0030424;GO:0030425;GO:0042995	GO:0005634;GO:0005737;GO:0042995;GO:0043005	cell projection;cytoplasm;neuron projection;nucleus
egrh-1	GO:0005634;GO:0005737;GO:0048471	GO:0005634;GO:0005737	cytoplasm;nucleus
egrh-2	GO:0005634;GO:0005737	GO:0005634;GO:0005737	cytoplasm;nucleus
egrh-3	GO:0005634;GO:0005737	GO:0005634;GO:0005737	cytoplasm;nucleus
eif-1.A	GO:0005737	GO:0005737	cytoplasm
eif-2A			
eif-2Balpha	GO:0005737;GO:0005829;GO:0005851	GO:0005737;GO:0005829;GO:0032991	cytoplasm;cytosol;protein-containing complex
eif-2Bbeta	GO:0005829;GO:0005851	GO:0005829;GO:0032991	cytosol;protein-containing complex
eif-2Bdelta	GO:0005737;GO:0005829;GO:0005851	GO:0005737;GO:0005829;GO:0032991	cytoplasm;cytosol;protein-containing complex
eif-2Bepsilon	GO:0005737;GO:0005851	GO:0005737;GO:0032991	cytoplasm;protein-containing complex
eif-2Bgamma	GO:0005737;GO:0005829;GO:0005851	GO:0005737;GO:0005829;GO:0032991	cytoplasm;cytosol;protein-containing complex
eif-2alpha	GO:0005850;GO:0033290	GO:0032991	protein-containing complex
eif-2beta	GO:0005737;GO:0005829;GO:0005850	GO:0005737;GO:0005829;GO:0032991	cytoplasm;cytosol;protein-containing complex
eif-2gamma	GO:0005850	GO:0032991	protein-containing complex
eif-3.E	GO:0005634;GO:0005737;GO:0005852;GO:0016282;GO:0033290;GO:0071540	GO:0005634;GO:0005737;GO:0032991	cytoplasm;nucleus;protein-containing complex
eif-3.F	GO:0005737;GO:0005852;GO:0016282;GO:0033290;GO:0071541	GO:0005737;GO:0032991	cytoplasm;protein-containing complex
eif-3.H	GO:0005737;GO:0005852;GO:0016282;GO:0033290	GO:0005737;GO:0032991	cytoplasm;protein-containing complex
eif-4A3	GO:0005634;GO:0005730;GO:0043186;GO:0071013	GO:0005634;GO:0005730;GO:0032991;GO:0043226	nucleolus;nucleus;organelle;protein-containing complex
eif-6	GO:0005634;GO:0005730;GO:0005737;GO:0005829	GO:0005634;GO:0005730;GO:0005737;GO:0005829	cytoplasm;cytosol;nucleolus;nucleus
elac-2	GO:0005634;GO:0005739	GO:0005634;GO:0005739	mitochondrion;nucleus
elk-2			
ell-1	GO:0005634;GO:0008023	GO:0005634;GO:0032991	nucleus;protein-containing complex
elmd-1			
elp-1	GO:0005737;GO:0005856;GO:0005874;GO:0043025;GO:0030425;GO:0031594;GO:0072686	GO:0005737;GO:0005856;GO:0043005;GO:0043226;GO:0045202	cytoplasm;cytoskeleton;neuron projection;organelle;synapse
elpc-1	GO:0005634;GO:0005737;GO:0005829;GO:0033588;GO:0043005;GO:0043025	GO:0005634;GO:0005737;GO:0005829;GO:0032991;GO:0043005	cytoplasm;cytosol;neuron projection;nucleus;protein-containing complex
elpc-2	GO:0005634;GO:0005737;GO:0033588	GO:0005634;GO:0005737;GO:0032991	cytoplasm;nucleus;protein-containing complex
elpc-3	GO:0005634;GO:0005737;GO:0033588	GO:0005634;GO:0005737;GO:0032991	cytoplasm;nucleus;protein-containing complex
elpc-4	GO:0005634;GO:0005737;GO:0008023;GO:0033588	GO:0005634;GO:0005737;GO:0032991	cytoplasm;nucleus;protein-containing complex
elt-1	GO:0005634;GO:0030424;GO:0042995;GO:0043204	GO:0005634;GO:0042995;GO:0043005	cell projection;neuron projection;nucleus
elt-2	GO:0005634	GO:0005634	nucleus
elt-4	GO:0005634	GO:0005634	nucleus
emb-8	GO:0005737;GO:0005783;GO:0005789;GO:0016020;GO:0005829	GO:0005737;GO:0005783;GO:0005829;GO:0016020	cytoplasm;cytosol;endoplasmic reticulum;membrane
emb-9	GO:0005576;GO:0005581;GO:0005587;GO:0005604;GO:0031012;GO:0071944	GO:0005576;GO:0031012;GO:0032991	extracellular matrix;extracellular region;protein-containing complex
emc-1	GO:0005783;GO:0005789;GO:0016020;GO:0072546	GO:0005783;GO:0016020;GO:0032991	endoplasmic reticulum;membrane;protein-containing complex
emc-3	GO:0016020;GO:0072546	GO:0016020;GO:0032991	membrane;protein-containing complex
emg-1	GO:0005634;GO:0005730;GO:0032040	GO:0005634;GO:0005730;GO:0032991	nucleolus;nucleus;protein-containing complex
emr-1	GO:0005634;GO:0005635;GO:0005637;GO:0016020	GO:0005634;GO:0005635;GO:0016020	membrane;nuclear envelope;nucleus
endu-2			
enol-1	GO:0000015;GO:0005737	GO:0005737;GO:0032991	cytoplasm;protein-containing complex
enpl-1	GO:0005783;GO:0005788;GO:0048471	GO:0005783	endoplasmic reticulum
enpp-1	GO:0016020	GO:0016020	membrane
ensh-1	GO:0005615;GO:0016020	GO:0016020	membrane
ent-1	GO:0005886;GO:0016020	GO:0005886;GO:0016020	membrane;plasma membrane
ent-2	GO:0005886;GO:0016020	GO:0005886;GO:0016020	membrane;plasma membrane
ent-3	GO:0005886;GO:0016020	GO:0005886;GO:0016020	membrane;plasma membrane
ent-4	GO:0005886;GO:0016020	GO:0005886;GO:0016020	membrane;plasma membrane
ent-5	GO:0005886;GO:0016020	GO:0005886;GO:0016020	membrane;plasma membrane
ent-7	GO:0005886;GO:0016020	GO:0005886;GO:0016020	membrane;plasma membrane
epac-1	GO:0005886	GO:0005886	plasma membrane
epg-5	GO:0005737;GO:0016020;GO:0030670;GO:0031410	GO:0005737;GO:0016020;GO:0031410	cytoplasm;cytoplasmic vesicle;membrane
epg-6	GO:0005737;GO:0005829;GO:0016020;GO:0034045	GO:0005737;GO:0005829;GO:0016020	cytoplasm;cytosol;membrane
epg-7	GO:0005737;GO:0034045;GO:1990316	GO:0005737;GO:0016020;GO:0032991	cytoplasm;membrane;protein-containing complex
epg-9	GO:0000407;GO:1990316	GO:0032991	protein-containing complex
epi-1	GO:0005576;GO:0005604	GO:0005576;GO:0031012	extracellular matrix;extracellular region
epn-1	GO:0001891;GO:0005737;GO:0005768;GO:0005886;GO:0030125;GO:0031143;GO:0031410;GO:0032009	GO:0005737;GO:0005768;GO:0005886;GO:0031410;GO:0032991;GO:0042995	cell projection;cytoplasm;cytoplasmic vesicle;endosome;plasma membrane;protein-containing complex
eps-8	GO:0005737;GO:0005886;GO:0005903;GO:0045177;GO:0030056	GO:0005737;GO:0005886;GO:0030054	cell junction;cytoplasm;plasma membrane
ept-1	GO:0005789;GO:0016020;GO:0005794	GO:0005794;GO:0016020	Golgi apparatus;membrane
eral-1	GO:0005739;GO:0005743;GO:0016020;GO:0005759	GO:0005739;GO:0016020	membrane;mitochondrion
ercc-1	GO:0000110;GO:0070522;GO:0005634	GO:0005634;GO:0032991	nucleus;protein-containing complex
erd-2.1	GO:0005783;GO:0005789;GO:0016020;GO:0005801	GO:0005783;GO:0016020;GO:0043226	endoplasmic reticulum;membrane;organelle
erd-2.2	GO:0005783;GO:0005789;GO:0016020	GO:0005783;GO:0016020	endoplasmic reticulum;membrane
ergi-1	GO:0000139;GO:0005789;GO:0016020;GO:0033116;GO:0005783;GO:0030134	GO:0005783;GO:0016020;GO:0031410	cytoplasmic vesicle;endoplasmic reticulum;membrane
ergi-3	GO:0000139;GO:0005789;GO:0016020;GO:0033116;GO:0005783;GO:0005794;GO:0030134	GO:0005783;GO:0005794;GO:0016020;GO:0031410	Golgi apparatus;cytoplasmic vesicle;endoplasmic reticulum;membrane
eri-7	GO:0016604	GO:0043226	organelle
erl-1	GO:0005783;GO:0005789;GO:0016020;GO:0032991	GO:0005783;GO:0016020;GO:0032991	endoplasmic reticulum;membrane;protein-containing complex
erm-1	GO:0005884;GO:0031974;GO:0045177;GO:0005886;GO:0005902;GO:0030175;GO:0005912;GO:0005938;GO:0045179;GO:0016020;GO:0016324	GO:0005737;GO:0005886;GO:0016020;GO:0030054;GO:0042995	cell junction;cell projection;cytoplasm;membrane;plasma membrane
ess-2	GO:0005634;GO:0071013	GO:0005634;GO:0032991	nucleus;protein-containing complex
etfa-1	GO:0005739;GO:0005759;GO:0045251	GO:0005739;GO:0032991	mitochondrion;protein-containing complex
etfb-1	GO:0005739;GO:0005759	GO:0005739	mitochondrion
ethe-1	GO:0005739	GO:0005739	mitochondrion
etr-1	GO:0005634;GO:0005737;GO:1990904	GO:0005634;GO:0005737;GO:0032991	cytoplasm;nucleus;protein-containing complex
ets-4	GO:0005634;GO:0090575	GO:0005634;GO:0032991	nucleus;protein-containing complex
ets-5	GO:0005634	GO:0005634	nucleus
ets-8	GO:0005634	GO:0005634	nucleus
evl-14	GO:0000785;GO:0005634	GO:0005634	nucleus
evl-18	GO:0005634;GO:0031261	GO:0005634;GO:0032991	nucleus;protein-containing complex
exc-14			
exc-15	GO:0005829	GO:0005829	cytosol
exc-4	GO:0005737;GO:0005764;GO:0005886;GO:0016020;GO:0016324;GO:0034702;GO:0034707;GO:0043296	GO:0005737;GO:0005764;GO:0005886;GO:0016020;GO:0030054;GO:0032991	cell junction;cytoplasm;lysosome;membrane;plasma membrane;protein-containing complex
exc-5	GO:0005737;GO:0045179;GO:0005856;GO:0015629;GO:0042995;GO:0044297;GO:0045177	GO:0005737;GO:0005856;GO:0042995	cell projection;cytoplasm;cytoskeleton
exc-6	GO:0005737;GO:0005856;GO:0005874;GO:0005884;GO:0031941	GO:0005737;GO:0005856;GO:0032991	cytoplasm;cytoskeleton;protein-containing complex
exc-7	GO:0005634;GO:0005829;GO:0016607;GO:1990904	GO:0005634;GO:0005829;GO:0032991;GO:0043226	cytosol;nucleus;organelle;protein-containing complex
exl-1	GO:0000139;GO:0005765;GO:0016020;GO:0016324;GO:0036195;GO:0005737;GO:0005764;GO:0005783;GO:0005794;GO:0034702;GO:0034707;GO:0055120	GO:0005737;GO:0005764;GO:0005783;GO:0005794;GO:0016020;GO:0032991	Golgi apparatus;cytoplasm;endoplasmic reticulum;lysosome;membrane;protein-containing complex
exo-1	GO:0005634	GO:0005634	nucleus
exo-3	GO:0005634	GO:0005634	nucleus
exoc-7	GO:0000145	GO:0032991	protein-containing complex
exos-1	GO:0000176;GO:0000178;GO:0005634;GO:0005654;GO:0005730;GO:0005737	GO:0005634;GO:0005654;GO:0005730;GO:0005737;GO:0032991	cytoplasm;nucleolus;nucleoplasm;nucleus;protein-containing complex
exos-2	GO:0000176;GO:0000177;GO:0000178;GO:0005634;GO:0005654;GO:0005730;GO:0005737	GO:0005634;GO:0005654;GO:0005730;GO:0005737;GO:0032991	cytoplasm;nucleolus;nucleoplasm;nucleus;protein-containing complex
exos-3	GO:0000176;GO:0000177;GO:0000178;GO:0005634;GO:0005730;GO:0005737	GO:0005634;GO:0005730;GO:0005737;GO:0032991	cytoplasm;nucleolus;nucleus;protein-containing complex
exos-4.1	GO:0000176;GO:0000177;GO:0000178;GO:1902494;GO:0005634;GO:0005654;GO:0005730;GO:0005737;GO:0031981	GO:0005634;GO:0005654;GO:0005730;GO:0005737;GO:0032991	cytoplasm;nucleolus;nucleoplasm;nucleus;protein-containing complex
exos-8	GO:0000176;GO:0000177;GO:0000178;GO:0005730;GO:0005737	GO:0005730;GO:0005737;GO:0032991	cytoplasm;nucleolus;protein-containing complex
exos-9	GO:0000176;GO:0000177;GO:0005634;GO:0005737	GO:0005634;GO:0005737;GO:0032991	cytoplasm;nucleus;protein-containing complex
eya-1	GO:0005634	GO:0005634	nucleus
faah-1			
faah-2			
faah-3			
faah-4			
faah-5	GO:0016020	GO:0016020	membrane
faah-6			
fah-1			
famh-161	GO:0005737;GO:0005856;GO:0005929;GO:0005930;GO:0035869;GO:0097546;GO:0042995	GO:0005737;GO:0005856;GO:0005929;GO:0042995	cell projection;cilium;cytoplasm;cytoskeleton
famk-1	GO:0000139;GO:0016020;GO:0005576;GO:0005794	GO:0005576;GO:0005794;GO:0016020	Golgi apparatus;extracellular region;membrane
fan-1	GO:0005634	GO:0005634	nucleus
fard-1	GO:0005777;GO:0016020	GO:0005777;GO:0016020	membrane;peroxisome
fars-2	GO:0005737;GO:0005739;GO:0005759	GO:0005737;GO:0005739	cytoplasm;mitochondrion
fasn-1			
fat-1	GO:0016020	GO:0016020	membrane
fat-3	GO:0016020;GO:0098793	GO:0016020	membrane
fat-4	GO:0016020	GO:0016020	membrane
fat-5	GO:0005789;GO:0016020	GO:0016020	membrane
fat-6	GO:0005789;GO:0016020	GO:0016020	membrane
fat-7	GO:0005789;GO:0016020	GO:0016020	membrane
fath-1	GO:0005783;GO:0005789;GO:0016020	GO:0005783;GO:0016020	endoplasmic reticulum;membrane
fax-1	GO:0005634;GO:0005737;GO:0030424;GO:0042995	GO:0005634;GO:0005737;GO:0042995;GO:0043005	cell projection;cytoplasm;neuron projection;nucleus
fbf-2	GO:0005634;GO:0005737;GO:0043186	GO:0005634;GO:0005737;GO:0043226	cytoplasm;nucleus;organelle
fbn-1	GO:0005576;GO:0016020	GO:0005576;GO:0016020	extracellular region;membrane
fbp-1	GO:0005634;GO:0005737;GO:0005829;GO:0030018;GO:0070161	GO:0005634;GO:0005737;GO:0005829;GO:0030054	cell junction;cytoplasm;cytosol;nucleus
fbxl-2			
fbxo-11.2			
fcd-2	GO:0000793;GO:0005634	GO:0005634;GO:0005694	chromosome;nucleus
fce-1	GO:0005783;GO:0005789;GO:0016020	GO:0005783;GO:0016020	endoplasmic reticulum;membrane
fcho-1	GO:0005737;GO:0005886;GO:0005905;GO:0030136	GO:0005737;GO:0005886;GO:0016020;GO:0031410	cytoplasm;cytoplasmic vesicle;membrane;plasma membrane
fdgt-1	GO:0005886;GO:0016020;GO:0016323	GO:0005886;GO:0016020	membrane;plasma membrane
fdps-1	GO:0005737	GO:0005737	cytoplasm
fecl-1	GO:0005739	GO:0005739	mitochondrion
feh-1	GO:0005634;GO:0005737;GO:0005856;GO:0005884	GO:0005634;GO:0005737;GO:0005856	cytoplasm;cytoskeleton;nucleus
fem-1	GO:0000151;GO:0008287;GO:0031462;GO:0032991;GO:0005737	GO:0005737;GO:0032991	cytoplasm;protein-containing complex
fer-1	GO:0005886;GO:0016020;GO:0031090;GO:0031260;GO:0032809	GO:0005886;GO:0016020	membrane;plasma membrane
fezf-1	GO:0005634	GO:0005634	nucleus
fhod-1	GO:0005737;GO:0005856;GO:0015629	GO:0005737;GO:0005856	cytoplasm;cytoskeleton
fic-1	GO:0005634;GO:0005635;GO:0005737;GO:0005783;GO:0005789;GO:0016020;GO:0031965	GO:0005634;GO:0005635;GO:0005737;GO:0005783;GO:0016020	cytoplasm;endoplasmic reticulum;membrane;nuclear envelope;nucleus
figl-1	GO:0005634;GO:0005737	GO:0005634;GO:0005737	cytoplasm;nucleus
figo-1	GO:0012505;GO:0016020	GO:0016020	membrane
fis-1	GO:0005739;GO:0005741;GO:0016020;GO:0005777;GO:0005778	GO:0005739;GO:0005777;GO:0016020;GO:0043226	membrane;mitochondrion;organelle;peroxisome
fis-2	GO:0005739;GO:0005741;GO:0016020;GO:0005777;GO:0005778	GO:0005739;GO:0005777;GO:0016020;GO:0043226	membrane;mitochondrion;organelle;peroxisome
fitm-2	GO:0005783;GO:0005789;GO:0016020	GO:0005783;GO:0016020	endoplasmic reticulum;membrane
fkb-1	GO:0005783	GO:0005783	endoplasmic reticulum
fkb-2	GO:0033017	GO:0016020	membrane
fkb-3	GO:0005783	GO:0005783	endoplasmic reticulum
fkb-4	GO:0005783	GO:0005783	endoplasmic reticulum
fkb-5	GO:0005783	GO:0005783	endoplasmic reticulum
fkb-6			
fkb-7	GO:0005783	GO:0005783	endoplasmic reticulum
fkh-2	GO:0005634	GO:0005634	nucleus
fkh-6	GO:0005634	GO:0005634	nucleus
fkh-7	GO:0005634	GO:0005634	nucleus
fkh-8	GO:0005634;GO:0005737	GO:0005634;GO:0005737	cytoplasm;nucleus
flad-1			
flcn-1	GO:0005634;GO:0005737;GO:0005764;GO:0005765;GO:0016020;GO:0005813;GO:0005819;GO:0005829;GO:0005856;GO:0005929;GO:0042995	GO:0005634;GO:0005737;GO:0005764;GO:0005815;GO:0005829;GO:0005856;GO:0005929;GO:0016020;GO:0042995;GO:0043226	cell projection;cilium;cytoplasm;cytoskeleton;cytosol;lysosome;membrane;microtubule organizing center;nucleus;organelle
fli-1	GO:0005634;GO:0005737;GO:0015629	GO:0005634;GO:0005737;GO:0005856	cytoplasm;cytoskeleton;nucleus
fln-1	GO:0005884		
fmi-1	GO:0005886;GO:0005912;GO:0016020;GO:0030424;GO:0030425;GO:0042995	GO:0005886;GO:0016020;GO:0030054;GO:0042995;GO:0043005	cell junction;cell projection;membrane;neuron projection;plasma membrane
fmo-1	GO:0005783;GO:0005789;GO:0016020	GO:0005783;GO:0016020	endoplasmic reticulum;membrane
fmo-2	GO:0005737;GO:0005783;GO:0005789;GO:0016020	GO:0005737;GO:0005783;GO:0016020	cytoplasm;endoplasmic reticulum;membrane
fmo-3	GO:0005783;GO:0005789;GO:0016020	GO:0005783;GO:0016020	endoplasmic reticulum;membrane
fmo-4	GO:0005783;GO:0005789;GO:0016020	GO:0005783;GO:0016020	endoplasmic reticulum;membrane
fmo-5	GO:0005783;GO:0005789;GO:0016020	GO:0005783;GO:0016020	endoplasmic reticulum;membrane
fnci-1			
fnip-2	GO:0005737	GO:0005737	cytoplasm
fntb-1	GO:0005965	GO:0032991	protein-containing complex
folt-1	GO:0005886;GO:0016020	GO:0005886;GO:0016020	membrane;plasma membrane
folt-2	GO:0005886;GO:0016020	GO:0005886;GO:0016020	membrane;plasma membrane
folt-3	GO:0005886;GO:0016020	GO:0005886;GO:0016020	membrane;plasma membrane
fox-1	GO:0005634;GO:0005737	GO:0005634;GO:0005737	cytoplasm;nucleus
fpn-1.1	GO:0016020	GO:0016020	membrane
fpn-1.2	GO:0016020	GO:0016020	membrane
frg-1	GO:0005634;GO:0005730;GO:0005737;GO:0015030;GO:0055120;GO:0071013	GO:0005634;GO:0005730;GO:0005737;GO:0032991;GO:0043226	cytoplasm;nucleolus;nucleus;organelle;protein-containing complex
frh-1	GO:0005739	GO:0005739	mitochondrion
frk-1	GO:0005634;GO:0005737;GO:0005886;GO:0005911;GO:0070161;GO:0016020	GO:0005634;GO:0005737;GO:0005886;GO:0016020;GO:0030054	cell junction;cytoplasm;membrane;nucleus;plasma membrane
frm-1	GO:0005856;GO:0005886;GO:0005912	GO:0005856;GO:0005886;GO:0030054	cell junction;cytoskeleton;plasma membrane
frm-2	GO:0005737;GO:0005856;GO:0005886;GO:0005912;GO:0070161	GO:0005737;GO:0005856;GO:0005886;GO:0030054	cell junction;cytoplasm;cytoskeleton;plasma membrane
frm-3	GO:0005886;GO:0005912	GO:0005886;GO:0030054	cell junction;plasma membrane
frm-4	GO:0005856;GO:0016020	GO:0005856;GO:0016020	cytoskeleton;membrane
frm-5.1			
frm-5.2			
frm-7	GO:0098592		
frm-8			
fshr-1	GO:0005886;GO:0016020	GO:0005886;GO:0016020	membrane;plasma membrane
ftn-1	GO:0005737	GO:0005737	cytoplasm
ftn-2	GO:0005737	GO:0005737	cytoplasm
ftt-2	GO:0005634;GO:0005737	GO:0005634;GO:0005737	cytoplasm;nucleus
fubl-1	GO:0005634;GO:0005737	GO:0005634;GO:0005737	cytoplasm;nucleus
fubl-2	GO:0005634;GO:0005737	GO:0005634;GO:0005737	cytoplasm;nucleus
fubl-3	GO:0005634;GO:0005737	GO:0005634;GO:0005737	cytoplasm;nucleus
fubl-4	GO:0005634;GO:0005737	GO:0005634;GO:0005737	cytoplasm;nucleus
fum-1	GO:0005737;GO:0005739;GO:0005759	GO:0005737;GO:0005739	cytoplasm;mitochondrion
fust-1	GO:0005634	GO:0005634	nucleus
fut-3	GO:0005794;GO:0016020;GO:0032580	GO:0005794;GO:0016020	Golgi apparatus;membrane
fut-4	GO:0005794;GO:0016020;GO:0032580	GO:0005794;GO:0016020	Golgi apparatus;membrane
fut-5	GO:0005794;GO:0016020;GO:0032580	GO:0005794;GO:0016020	Golgi apparatus;membrane
fut-6	GO:0005794;GO:0016020;GO:0032580	GO:0005794;GO:0016020	Golgi apparatus;membrane
fut-8	GO:0005794;GO:0016020;GO:0032580	GO:0005794;GO:0016020	Golgi apparatus;membrane
fzo-1	GO:0005739;GO:0005741;GO:0016020	GO:0005739;GO:0016020	membrane;mitochondrion
gab-1	GO:0005886;GO:0016020;GO:0045211;GO:0034707;GO:1902711;GO:0045202	GO:0005886;GO:0016020;GO:0032991;GO:0045202	membrane;plasma membrane;protein-containing complex;synapse
gad-3			
gakh-1	GO:0005737	GO:0005737	cytoplasm
gale-1	GO:0005829	GO:0005829	cytosol
gana-1	GO:0005737	GO:0005737	cytoplasm
gap-1	GO:0005737	GO:0005737	cytoplasm
gap-2	GO:0005737	GO:0005737	cytoplasm
gap-3	GO:0005737	GO:0005737	cytoplasm
gar-3	GO:0005886;GO:0016020;GO:0030425;GO:0045202	GO:0005886;GO:0016020;GO:0043005;GO:0045202	membrane;neuron projection;plasma membrane;synapse
gars-1	GO:0005576;GO:0005737;GO:0005739;GO:0030424;GO:0042995	GO:0005576;GO:0005737;GO:0005739;GO:0042995;GO:0043005	cell projection;cytoplasm;extracellular region;mitochondrion;neuron projection
gas-1	GO:0005739;GO:0005743;GO:0016020;GO:0043231;GO:0045271	GO:0005739;GO:0016020;GO:0032991;GO:0043226	membrane;mitochondrion;organelle;protein-containing complex
gasr-8	GO:0005794;GO:0005874;GO:0036064	GO:0005794;GO:0005815	Golgi apparatus;microtubule organizing center
gba-1	GO:0005764;GO:0005774	GO:0005764;GO:0016020	lysosome;membrane
gba-2	GO:0005764;GO:0005774	GO:0005764;GO:0016020	lysosome;membrane
gba-3	GO:0005764;GO:0005774	GO:0005764;GO:0016020	lysosome;membrane
gba-4	GO:0005764;GO:0005774	GO:0005764;GO:0016020	lysosome;membrane
gbb-1	GO:0005886;GO:0016020;GO:0038039;GO:1902712	GO:0005886;GO:0016020;GO:0032991	membrane;plasma membrane;protein-containing complex
gbb-2	GO:0005886;GO:0016020;GO:0038039;GO:1902712	GO:0005886;GO:0016020;GO:0032991	membrane;plasma membrane;protein-containing complex
gbf-1	GO:0000137;GO:0070971;GO:0098791;GO:0005793;GO:0005794	GO:0005794;GO:0043226	Golgi apparatus;organelle
gbh-2	GO:0005739	GO:0005739	mitochondrion
gck-1	GO:0005737;GO:0005886;GO:0016020;GO:0016324;GO:0098592	GO:0005737;GO:0005886;GO:0016020	cytoplasm;membrane;plasma membrane
gck-2	GO:0005737	GO:0005737	cytoplasm
gck-3	GO:0005634;GO:0005737	GO:0005634;GO:0005737	cytoplasm;nucleus
gclm-1	GO:0017109	GO:0032991	protein-containing complex
gcn-2	GO:0005634;GO:0005737;GO:0005829	GO:0005634;GO:0005737;GO:0005829	cytoplasm;cytosol;nucleus
gcna-1	GO:0000793;GO:0005694;GO:0005634;GO:0016605	GO:0005634;GO:0005694;GO:0043226	chromosome;nucleus;organelle
gcp-2.1	GO:0016020	GO:0016020	membrane
gcp-2.2	GO:0016020	GO:0016020	membrane
gcs-1	GO:0017109	GO:0032991	protein-containing complex
gcsh-1	GO:0005739;GO:0005960	GO:0005739;GO:0032991	mitochondrion;protein-containing complex
gcsh-2	GO:0005739;GO:0005960	GO:0005739;GO:0032991	mitochondrion;protein-containing complex
gcst-1	GO:0005739;GO:0005960	GO:0005739;GO:0032991	mitochondrion;protein-containing complex
gcy-1	GO:0005886;GO:0016020	GO:0005886;GO:0016020	membrane;plasma membrane
gcy-14	GO:0005886;GO:0005929;GO:0016020;GO:0042995	GO:0005886;GO:0005929;GO:0016020;GO:0042995	cell projection;cilium;membrane;plasma membrane
gcy-2			
gcy-20	GO:0005886;GO:0016020	GO:0005886;GO:0016020	membrane;plasma membrane
gcy-22	GO:0005886;GO:0016020	GO:0005886;GO:0016020	membrane;plasma membrane
gcy-27	GO:0005886;GO:0016020	GO:0005886;GO:0016020	membrane;plasma membrane
gcy-28	GO:0005886;GO:0016020;GO:0030424;GO:0030425;GO:0043005;GO:0042995;GO:0043204;GO:0044297	GO:0005886;GO:0016020;GO:0042995;GO:0043005	cell projection;membrane;neuron projection;plasma membrane
gcy-3	GO:0005886;GO:0016020	GO:0005886;GO:0016020	membrane;plasma membrane
gcy-34	GO:0005737;GO:0008074	GO:0005737;GO:0032991	cytoplasm;protein-containing complex
gcy-36	GO:0005737;GO:0008074;GO:0030425;GO:0043025	GO:0005737;GO:0032991;GO:0043005	cytoplasm;neuron projection;protein-containing complex
gdh-1	GO:0005739	GO:0005739	mitochondrion
gdi-1	GO:0005737;GO:0005829	GO:0005737;GO:0005829	cytoplasm;cytosol
gei-1			
gei-17	GO:0000785;GO:0070090		
gei-3	GO:0005634	GO:0005634	nucleus
gei-8	GO:0000785;GO:0005634;GO:0032991	GO:0005634;GO:0032991	nucleus;protein-containing complex
gex-2	GO:0005737;GO:0030054;GO:0031209;GO:0043005;GO:0045202	GO:0005737;GO:0030054;GO:0032991;GO:0043005;GO:0045202	cell junction;cytoplasm;neuron projection;protein-containing complex;synapse
gex-3	GO:0005737;GO:0030054;GO:0031209	GO:0005737;GO:0030054;GO:0032991	cell junction;cytoplasm;protein-containing complex
gfat-1			
gfat-2			
gfl-1	GO:0005634;GO:0035267	GO:0005634;GO:0032991	nucleus;protein-containing complex
gfm-1	GO:0005737;GO:0005739	GO:0005737;GO:0005739	cytoplasm;mitochondrion
gipc-1			
gipc-2			
git-1	GO:0030056;GO:0045202;GO:0048786	GO:0030054;GO:0045202	cell junction;synapse
glb-13			
glb-14			
glb-34			
glb-7			
glc-1	GO:0005886;GO:0016020;GO:0045211;GO:0045202	GO:0005886;GO:0016020;GO:0045202	membrane;plasma membrane;synapse
glc-2	GO:0005886;GO:0016020;GO:0045211;GO:0034707;GO:0045202	GO:0005886;GO:0016020;GO:0032991;GO:0045202	membrane;plasma membrane;protein-containing complex;synapse
glc-3	GO:0005886;GO:0016020;GO:0098794	GO:0005886;GO:0016020	membrane;plasma membrane
glc-4	GO:0005886;GO:0016020;GO:0098794	GO:0005886;GO:0016020	membrane;plasma membrane
glct-1	GO:0000139;GO:0016020;GO:0005794	GO:0005794;GO:0016020	Golgi apparatus;membrane
glct-2	GO:0000139;GO:0016020;GO:0005794	GO:0005794;GO:0016020	Golgi apparatus;membrane
glct-3	GO:0000139;GO:0016020;GO:0005794	GO:0005794;GO:0016020	Golgi apparatus;membrane
glct-4	GO:0000139;GO:0016020;GO:0005794	GO:0005794;GO:0016020	Golgi apparatus;membrane
glct-5	GO:0000139;GO:0016020;GO:0005794	GO:0005794;GO:0016020	Golgi apparatus;membrane
glct-6	GO:0000139;GO:0016020;GO:0005794	GO:0005794;GO:0016020	Golgi apparatus;membrane
gld-1	GO:0005634;GO:0005737;GO:0005829;GO:0043186	GO:0005634;GO:0005737;GO:0005829;GO:0043226	cytoplasm;cytosol;nucleus;organelle
gldc-1	GO:0005739;GO:0005960	GO:0005739;GO:0032991	mitochondrion;protein-containing complex
gldi-2	GO:0005886;GO:0012505;GO:0016020	GO:0005886;GO:0016020	membrane;plasma membrane
gldi-4	GO:0016235;GO:0044753	GO:0005773	vacuole
gldi-7	GO:0005886;GO:0016020	GO:0005886;GO:0016020	membrane;plasma membrane
gldi-9	GO:0005737;GO:0030054;GO:0055120	GO:0005737;GO:0030054	cell junction;cytoplasm
glit-1	GO:0005886;GO:0016020	GO:0005886;GO:0016020	membrane;plasma membrane
gln-1	GO:0005737	GO:0005737	cytoplasm
gln-2	GO:0005737	GO:0005737	cytoplasm
gln-3	GO:0005737	GO:0005737	cytoplasm
gln-5	GO:0005737	GO:0005737	cytoplasm
gln-6	GO:0005737	GO:0005737	cytoplasm
glna-1	GO:0005739	GO:0005739	mitochondrion
glna-2	GO:0005739	GO:0005739	mitochondrion
glna-3			
glo-1	GO:0005737;GO:0005739;GO:0005802;GO:0012505;GO:0016020;GO:0044841;GO:0042470;GO:0044840	GO:0005737;GO:0005739;GO:0016020;GO:0031410	cytoplasm;cytoplasmic vesicle;membrane;mitochondrion
glo-2	GO:0005737;GO:0005768;GO:0031082;GO:0031083	GO:0005737;GO:0005768;GO:0032991	cytoplasm;endosome;protein-containing complex
glo-4	GO:0005737;GO:0030424;GO:0045202	GO:0005737;GO:0043005;GO:0045202	cytoplasm;neuron projection;synapse
glp-1	GO:0005634;GO:0005737;GO:0005886;GO:0012505;GO:0016328;GO:0016020;GO:0030424;GO:0042995;GO:0090575	GO:0005634;GO:0005737;GO:0005886;GO:0016020;GO:0032991;GO:0042995;GO:0043005	cell projection;cytoplasm;membrane;neuron projection;nucleus;plasma membrane;protein-containing complex
glp-4	GO:0005829	GO:0005829	cytosol
glr-1	GO:0005768;GO:0055037;GO:0005783;GO:0005886;GO:0008328;GO:0009986;GO:0043025;GO:0043204;GO:0097038;GO:0014069;GO:0016020;GO:0032589;GO:0045211;GO:0098839;GO:0030425;GO:0043005;GO:0042995;GO:0045202	GO:0005768;GO:0005783;GO:0005886;GO:0016020;GO:0032991;GO:0042995;GO:0043005;GO:0043226;GO:0045202	cell projection;endoplasmic reticulum;endosome;membrane;neuron projection;organelle;plasma membrane;protein-containing complex;synapse
glr-2	GO:0005886;GO:0016020;GO:0045211;GO:0098839;GO:0045202	GO:0005886;GO:0016020;GO:0045202	membrane;plasma membrane;synapse
glr-3	GO:0005886;GO:0016020;GO:0045211;GO:0098839;GO:0045202	GO:0005886;GO:0016020;GO:0045202	membrane;plasma membrane;synapse
glr-5	GO:0005886;GO:0016020;GO:0045211;GO:0098839;GO:0045202	GO:0005886;GO:0016020;GO:0045202	membrane;plasma membrane;synapse
glr-7	GO:0005886;GO:0016020;GO:0045202	GO:0005886;GO:0016020;GO:0045202	membrane;plasma membrane;synapse
glrx-10			
glrx-5	GO:0005739;GO:0005759	GO:0005739	mitochondrion
glt-1	GO:0005886;GO:0016020;GO:0042995	GO:0005886;GO:0016020;GO:0042995	cell projection;membrane;plasma membrane
glt-3	GO:0005886;GO:0016020	GO:0005886;GO:0016020	membrane;plasma membrane
glt-4	GO:0005886;GO:0016020	GO:0005886;GO:0016020	membrane;plasma membrane
glt-5	GO:0005886;GO:0016020	GO:0005886;GO:0016020	membrane;plasma membrane
glt-6	GO:0005886;GO:0016020	GO:0005886;GO:0016020	membrane;plasma membrane
glt-7	GO:0005886;GO:0016020	GO:0005886;GO:0016020	membrane;plasma membrane
gly-1	GO:0016020	GO:0016020	membrane
gly-10	GO:0000139;GO:0016020;GO:0005794	GO:0005794;GO:0016020	Golgi apparatus;membrane
gly-15	GO:0016020	GO:0016020	membrane
gly-16	GO:0016020	GO:0016020	membrane
gly-17	GO:0016020	GO:0016020	membrane
gly-18	GO:0016020	GO:0016020	membrane
gly-19	GO:0016020	GO:0016020	membrane
gly-2	GO:0000139;GO:0016020;GO:0005634;GO:0005794;GO:0005795	GO:0005634;GO:0005794;GO:0016020	Golgi apparatus;membrane;nucleus
gly-20	GO:0000139;GO:0016020;GO:0005794;GO:0005795	GO:0005794;GO:0016020	Golgi apparatus;membrane
gly-3	GO:0000139;GO:0016020;GO:0005794	GO:0005794;GO:0016020	Golgi apparatus;membrane
gly-4	GO:0000139;GO:0016020;GO:0005794	GO:0005794;GO:0016020	Golgi apparatus;membrane
gly-5	GO:0000139;GO:0016020;GO:0005794	GO:0005794;GO:0016020	Golgi apparatus;membrane
gmd-2			
gmps-1	GO:0005829	GO:0005829	cytosol
gna-1			
gna-2	GO:0005770;GO:0005793;GO:0005794	GO:0005768;GO:0005794;GO:0043226	Golgi apparatus;endosome;organelle
gnrr-1	GO:0005886;GO:0016020	GO:0005886;GO:0016020	membrane;plasma membrane
gnrr-4	GO:0005886;GO:0016020	GO:0005886;GO:0016020	membrane;plasma membrane
goa-1	GO:0005737;GO:0005938;GO:0005834;GO:0045202	GO:0005737;GO:0032991;GO:0045202	cytoplasm;protein-containing complex;synapse
gon-1	GO:0005576;GO:0005604;GO:0031012;GO:0005737;GO:0005783;GO:0005794	GO:0005576;GO:0005737;GO:0005783;GO:0005794;GO:0031012	Golgi apparatus;cytoplasm;endoplasmic reticulum;extracellular matrix;extracellular region
gon-2	GO:0005886;GO:0016020	GO:0005886;GO:0016020	membrane;plasma membrane
gon-4	GO:0005634;GO:0043073	GO:0005634	nucleus
gop-1	GO:0005770;GO:0005794	GO:0005768;GO:0005794	Golgi apparatus;endosome
gop-3	GO:0005739;GO:0005741;GO:0016020;GO:0019867	GO:0005739;GO:0016020	membrane;mitochondrion
gopc-1	GO:0000139;GO:0016020;GO:0005737;GO:0005794;GO:0005886;GO:0014069;GO:0030140;GO:0030425;GO:0042995;GO:0045202	GO:0005737;GO:0005794;GO:0005886;GO:0016020;GO:0031410;GO:0042995;GO:0043005;GO:0043226;GO:0045202	Golgi apparatus;cell projection;cytoplasm;cytoplasmic vesicle;membrane;neuron projection;organelle;plasma membrane;synapse
gos-28	GO:0000139;GO:0016020;GO:0005794;GO:0005797;GO:0005801;GO:0031201	GO:0005794;GO:0016020;GO:0032991;GO:0043226	Golgi apparatus;membrane;organelle;protein-containing complex
got-1.2	GO:0005737;GO:0005829	GO:0005737;GO:0005829	cytoplasm;cytosol
got-2.1	GO:0005739	GO:0005739	mitochondrion
got-2.2	GO:0005739	GO:0005739	mitochondrion
gpa-1	GO:0005737;GO:0005834	GO:0005737;GO:0032991	cytoplasm;protein-containing complex
gpa-15	GO:0005737;GO:0005834;GO:0097730	GO:0005737;GO:0005929;GO:0032991	cilium;cytoplasm;protein-containing complex
gpa-16	GO:0005737;GO:0005938;GO:0005834	GO:0005737;GO:0032991	cytoplasm;protein-containing complex
gpa-2	GO:0005737;GO:0005834;GO:0030424;GO:0043025;GO:0097730	GO:0005737;GO:0005929;GO:0032991;GO:0043005	cilium;cytoplasm;neuron projection;protein-containing complex
gpa-3	GO:0005737;GO:0005834;GO:0030424;GO:0043025;GO:0097730	GO:0005737;GO:0005929;GO:0032991;GO:0043005	cilium;cytoplasm;neuron projection;protein-containing complex
gpa-4	GO:0005737;GO:0005834;GO:0005929;GO:0097730	GO:0005737;GO:0005929;GO:0032991	cilium;cytoplasm;protein-containing complex
gpa-7	GO:0005634;GO:0005737;GO:0005829;GO:0005834	GO:0005634;GO:0005737;GO:0005829;GO:0032991	cytoplasm;cytosol;nucleus;protein-containing complex
gpap-1	GO:0005794;GO:0012505;GO:0016020	GO:0005794;GO:0016020	Golgi apparatus;membrane
gpb-1	GO:0005737;GO:0005834	GO:0005737;GO:0032991	cytoplasm;protein-containing complex
gpb-2	GO:0005737;GO:0005834;GO:0043025;GO:0045202	GO:0005737;GO:0032991;GO:0045202	cytoplasm;protein-containing complex;synapse
gpc-1	GO:0005834;GO:0005886;GO:0016020	GO:0005886;GO:0016020;GO:0032991	membrane;plasma membrane;protein-containing complex
gpch-1	GO:0005634	GO:0005634	nucleus
gpd-1	GO:0005737;GO:0005829	GO:0005737;GO:0005829	cytoplasm;cytosol
gpd-2	GO:0005737;GO:0005829	GO:0005737;GO:0005829	cytoplasm;cytosol
gpd-3	GO:0005737;GO:0005829	GO:0005737;GO:0005829	cytoplasm;cytosol
gpd-4	GO:0005737;GO:0005829	GO:0005737;GO:0005829	cytoplasm;cytosol
gpdh-1	GO:0005829	GO:0005829	cytosol
gpdh-2	GO:0005737;GO:0005829	GO:0005737;GO:0005829	cytoplasm;cytosol
gpdh-3	GO:0005739	GO:0005739	mitochondrion
gpi-1	GO:0005829	GO:0005829	cytosol
gpn-1	GO:0005886;GO:0009986;GO:0098552;GO:0016020;GO:0031012	GO:0005886;GO:0016020;GO:0031012	extracellular matrix;membrane;plasma membrane
gpr-158	GO:0005886;GO:0016020	GO:0005886;GO:0016020	membrane;plasma membrane
gpx-1	GO:0005634;GO:0005737;GO:0005829	GO:0005634;GO:0005737;GO:0005829	cytoplasm;cytosol;nucleus
gpx-2	GO:0005737	GO:0005737	cytoplasm
gpx-3	GO:0005576;GO:0005615	GO:0005576	extracellular region
gpx-4	GO:0005576;GO:0005615	GO:0005576	extracellular region
gpx-5	GO:0005576;GO:0005615	GO:0005576	extracellular region
gpx-6	GO:0005615		
gpx-7	GO:0005737;GO:0005829	GO:0005737;GO:0005829	cytoplasm;cytosol
gras-1	GO:0005634;GO:0005737;GO:0005886;GO:0016020;GO:0048471	GO:0005634;GO:0005737;GO:0005886;GO:0016020	cytoplasm;membrane;nucleus;plasma membrane
grd-1	GO:0031012	GO:0031012	extracellular matrix
grd-11	GO:0031012	GO:0031012	extracellular matrix
grd-2	GO:0005576;GO:0031012	GO:0005576;GO:0031012	extracellular matrix;extracellular region
grdn-1	GO:0005737;GO:0005813;GO:0036064;GO:0005814;GO:0005856;GO:0042995	GO:0005737;GO:0005815;GO:0005856;GO:0042995;GO:0043226	cell projection;cytoplasm;cytoskeleton;microtubule organizing center;organelle
grh-1	GO:0000785;GO:0005634	GO:0005634	nucleus
grk-1	GO:0005737	GO:0005737	cytoplasm
grk-2			
gro-1	GO:0005634;GO:0005737;GO:0005739	GO:0005634;GO:0005737;GO:0005739	cytoplasm;mitochondrion;nucleus
grwd-1	GO:0005634;GO:0005730	GO:0005634;GO:0005730	nucleolus;nucleus
gsa-1	GO:0005737;GO:0005834;GO:0005886	GO:0005737;GO:0005886;GO:0032991	cytoplasm;plasma membrane;protein-containing complex
gsk-3	GO:0005634;GO:0005737;GO:0005829	GO:0005634;GO:0005737;GO:0005829	cytoplasm;cytosol;nucleus
gsnl-1	GO:0005737;GO:0005856;GO:0015629;GO:0055120	GO:0005737;GO:0005856	cytoplasm;cytoskeleton
gsp-1	GO:0005634;GO:0005737	GO:0005634;GO:0005737	cytoplasm;nucleus
gsp-2	GO:0005634;GO:0005694;GO:0005737;GO:0031965	GO:0005634;GO:0005694;GO:0005737;GO:0016020	chromosome;cytoplasm;membrane;nucleus
gsp-3	GO:0000785;GO:0005634;GO:0005694;GO:0005737;GO:0031143;GO:0042995	GO:0005634;GO:0005694;GO:0005737;GO:0042995	cell projection;chromosome;cytoplasm;nucleus
gsp-4	GO:0000785;GO:0005634;GO:0005694;GO:0005737;GO:0031143;GO:0042995	GO:0005634;GO:0005694;GO:0005737;GO:0042995	cell projection;chromosome;cytoplasm;nucleus
gspd-1	GO:0005737;GO:0005829	GO:0005737;GO:0005829	cytoplasm;cytosol
gsr-1	GO:0005737;GO:0005739;GO:0005829	GO:0005737;GO:0005739;GO:0005829	cytoplasm;cytosol;mitochondrion
gss-1	GO:0005829	GO:0005829	cytosol
gst-1	GO:0005829	GO:0005829	cytosol
gst-10	GO:0005829	GO:0005829	cytosol
gst-11			
gst-12	GO:0005737	GO:0005737	cytoplasm
gst-13	GO:0005737	GO:0005737	cytoplasm
gst-14	GO:0005737	GO:0005737	cytoplasm
gst-15	GO:0005737	GO:0005737	cytoplasm
gst-16	GO:0005737	GO:0005737	cytoplasm
gst-17	GO:0005737	GO:0005737	cytoplasm
gst-18	GO:0005737	GO:0005737	cytoplasm
gst-19	GO:0005737	GO:0005737	cytoplasm
gst-2	GO:0005575;GO:0005737	GO:0005737	cytoplasm
gst-20	GO:0005737	GO:0005737	cytoplasm
gst-21	GO:0005737	GO:0005737	cytoplasm
gst-22	GO:0005737	GO:0005737	cytoplasm
gst-23	GO:0005829	GO:0005829	cytosol
gst-24	GO:0005737	GO:0005737	cytoplasm
gst-25	GO:0005829	GO:0005829	cytosol
gst-26	GO:0005737	GO:0005737	cytoplasm
gst-27	GO:0005737	GO:0005737	cytoplasm
gst-28	GO:0005737	GO:0005737	cytoplasm
gst-29	GO:0005737	GO:0005737	cytoplasm
gst-3	GO:0005575;GO:0005737	GO:0005737	cytoplasm
gst-30	GO:0005737	GO:0005737	cytoplasm
gst-31	GO:0005737	GO:0005737	cytoplasm
gst-32	GO:0005737	GO:0005737	cytoplasm
gst-33	GO:0005737	GO:0005737	cytoplasm
gst-34	GO:0005737	GO:0005737	cytoplasm
gst-35	GO:0005737	GO:0005737	cytoplasm
gst-37	GO:0005737	GO:0005737	cytoplasm
gst-38	GO:0005737	GO:0005737	cytoplasm
gst-39	GO:0005737	GO:0005737	cytoplasm
gst-4	GO:0005737;GO:0043292	GO:0005737;GO:0043226	cytoplasm;organelle
gst-41	GO:0005829	GO:0005829	cytosol
gst-44	GO:0005737	GO:0005737	cytoplasm
gst-5	GO:0005737	GO:0005737	cytoplasm
gst-6	GO:0005737	GO:0005737	cytoplasm
gst-7	GO:0005737	GO:0005737	cytoplasm
gst-8	GO:0005575;GO:0005737	GO:0005737	cytoplasm
gst-9	GO:0005575;GO:0005737	GO:0005737	cytoplasm
gstk-1	GO:0005737;GO:0005739;GO:0005777	GO:0005737;GO:0005739;GO:0005777	cytoplasm;mitochondrion;peroxisome
gstk-2	GO:0005737;GO:0005739;GO:0005777	GO:0005737;GO:0005739;GO:0005777	cytoplasm;mitochondrion;peroxisome
gsto-1	GO:0005737	GO:0005737	cytoplasm
gsto-2	GO:0005737	GO:0005737	cytoplasm
gsto-3	GO:0005737	GO:0005737	cytoplasm
gsy-1	GO:0005737	GO:0005737	cytoplasm
gta-1	GO:0005739;GO:0005759	GO:0005739	mitochondrion
gtf-2E2	GO:0005634;GO:0005673	GO:0005634;GO:0032991	nucleus;protein-containing complex
gtf-2H5	GO:0000439;GO:0005675;GO:0005634;GO:0005694	GO:0005634;GO:0005694;GO:0032991	chromosome;nucleus;protein-containing complex
gtl-1	GO:0005886;GO:0016020	GO:0005886;GO:0016020	membrane;plasma membrane
gtl-2	GO:0005886;GO:0009925;GO:0016020	GO:0005886;GO:0016020	membrane;plasma membrane
guk-1	GO:0005829	GO:0005829	cytosol
gyf-1	GO:0005829	GO:0005829	cytosol
gyg-1	GO:0005634;GO:0005737;GO:0055120	GO:0005634;GO:0005737	cytoplasm;nucleus
gyg-2	GO:0005737	GO:0005737	cytoplasm
haao-1	GO:0005737	GO:0005737	cytoplasm
hach-1	GO:0005739	GO:0005739	mitochondrion
hadb-1	GO:0005739;GO:0016507	GO:0005739;GO:0032991	mitochondrion;protein-containing complex
haf-7	GO:0016020	GO:0016020	membrane
haf-8	GO:0016020	GO:0016020	membrane
haly-1	GO:0005737	GO:0005737	cytoplasm
ham-1	GO:0005634;GO:0005737;GO:0005938	GO:0005634;GO:0005737	cytoplasm;nucleus
ham-3	GO:0005634;GO:0016514	GO:0005634;GO:0032991	nucleus;protein-containing complex
hap-1	GO:0005737	GO:0005737	cytoplasm
har-1	GO:0005634;GO:0005737;GO:0005739;GO:0055120	GO:0005634;GO:0005737;GO:0005739	cytoplasm;mitochondrion;nucleus
hars-1	GO:0005737;GO:0005739;GO:0005829	GO:0005737;GO:0005739;GO:0005829	cytoplasm;cytosol;mitochondrion
hbs-1	GO:0005737	GO:0005737	cytoplasm
hcf-1	GO:0005634;GO:0005667;GO:0035097	GO:0005634;GO:0032991	nucleus;protein-containing complex
hcp-6	GO:0000775;GO:0000779;GO:0000793;GO:0005694;GO:0000796;GO:0005634;GO:0005654	GO:0005634;GO:0005654;GO:0005694;GO:0032991	chromosome;nucleoplasm;nucleus;protein-containing complex
hda-1	GO:0000118;GO:0016581;GO:0000785;GO:0005634;GO:0043073;GO:0005694;GO:0005737	GO:0005634;GO:0005694;GO:0005737;GO:0032991	chromosome;cytoplasm;nucleus;protein-containing complex
hda-2	GO:0000118;GO:0016581;GO:0005634	GO:0005634;GO:0032991	nucleus;protein-containing complex
hda-3	GO:0000118;GO:0016581;GO:0005634	GO:0005634;GO:0032991	nucleus;protein-containing complex
hda-4	GO:0000118;GO:0005634;GO:0005737	GO:0005634;GO:0005737;GO:0032991	cytoplasm;nucleus;protein-containing complex
hda-6	GO:0000118;GO:0005634;GO:0005737	GO:0005634;GO:0005737;GO:0032991	cytoplasm;nucleus;protein-containing complex
hecd-1	GO:0016607	GO:0043226	organelle
hecw-1	GO:0005737	GO:0005737	cytoplasm
heh-1	GO:0005576	GO:0005576	extracellular region
hel-1	GO:0005634;GO:0005667;GO:0005681	GO:0005634;GO:0032991	nucleus;protein-containing complex
hex-1	GO:0005764;GO:0016020	GO:0005764;GO:0016020	lysosome;membrane
hgo-1	GO:0005737;GO:0055120	GO:0005737	cytoplasm
hhat-1	GO:0005783;GO:0016020	GO:0005783;GO:0016020	endoplasmic reticulum;membrane
hhat-2	GO:0005783;GO:0016020	GO:0005783;GO:0016020	endoplasmic reticulum;membrane
hid-1	GO:0000138;GO:0005797;GO:0005829;GO:0016020;GO:0043005	GO:0005829;GO:0016020;GO:0043005	cytosol;membrane;neuron projection
hif-1	GO:0005634;GO:0005667	GO:0005634;GO:0032991	nucleus;protein-containing complex
hil-3	GO:0000786;GO:0005634;GO:0005694	GO:0005634;GO:0005694;GO:0032991	chromosome;nucleus;protein-containing complex
hil-4	GO:0000786;GO:0005634;GO:0005694	GO:0005634;GO:0005694;GO:0032991	chromosome;nucleus;protein-containing complex
hil-5	GO:0000786;GO:0005634;GO:0005694	GO:0005634;GO:0005694;GO:0032991	chromosome;nucleus;protein-containing complex
hil-6	GO:0000786;GO:0005634;GO:0005694	GO:0005634;GO:0005694;GO:0032991	chromosome;nucleus;protein-containing complex
him-1	GO:0000444;GO:0008278;GO:0032991;GO:0000785;GO:0005634;GO:0005694	GO:0005634;GO:0005694;GO:0032991	chromosome;nucleus;protein-containing complex
him-10	GO:0000775;GO:0005874;GO:0000776;GO:0005634;GO:0005694;GO:0031262	GO:0005634;GO:0005694;GO:0032991;GO:0043226	chromosome;nucleus;organelle;protein-containing complex
him-14	GO:0005634	GO:0005634	nucleus
him-4	GO:0005576;GO:0005604;GO:0031012;GO:0005886;GO:0005912;GO:0016020	GO:0005576;GO:0005886;GO:0016020;GO:0030054;GO:0031012	cell junction;extracellular matrix;extracellular region;membrane;plasma membrane
him-6	GO:0005634;GO:0005694;GO:0005737	GO:0005634;GO:0005694;GO:0005737	chromosome;cytoplasm;nucleus
hint-1	GO:0005634;GO:0005737	GO:0005634;GO:0005737	cytoplasm;nucleus
hira-1	GO:0000417;GO:0000785;GO:0005634	GO:0005634;GO:0032991	nucleus;protein-containing complex
his-12	GO:0000786	GO:0032991	protein-containing complex
his-16	GO:0000786	GO:0032991	protein-containing complex
his-19	GO:0000786	GO:0032991	protein-containing complex
his-21	GO:0000786	GO:0032991	protein-containing complex
his-3	GO:0000786	GO:0032991	protein-containing complex
his-30	GO:0000786	GO:0032991	protein-containing complex
his-33	GO:0000786	GO:0032991	protein-containing complex
his-35	GO:0000786;GO:0005634;GO:0005694	GO:0005634;GO:0005694;GO:0032991	chromosome;nucleus;protein-containing complex
his-43	GO:0000786	GO:0032991	protein-containing complex
his-47	GO:0000786	GO:0032991	protein-containing complex
his-51	GO:0000786	GO:0032991	protein-containing complex
his-53	GO:0000786	GO:0032991	protein-containing complex
his-57	GO:0000786;GO:0005634;GO:0005694	GO:0005634;GO:0005694;GO:0032991	chromosome;nucleus;protein-containing complex
his-61	GO:0000786	GO:0032991	protein-containing complex
his-65	GO:0000786	GO:0032991	protein-containing complex
his-68	GO:0000786	GO:0032991	protein-containing complex
his-7	GO:0000786;GO:0005634;GO:0005694	GO:0005634;GO:0005694;GO:0032991	chromosome;nucleus;protein-containing complex
his-71	GO:0000786;GO:0005634;GO:0005694	GO:0005634;GO:0005694;GO:0032991	chromosome;nucleus;protein-containing complex
his-72	GO:0000786;GO:0005634;GO:0005694	GO:0005634;GO:0005694;GO:0032991	chromosome;nucleus;protein-containing complex
hlh-1	GO:0005634	GO:0005634	nucleus
hlh-10	GO:0005634;GO:0005737	GO:0005634;GO:0005737	cytoplasm;nucleus
hlh-13	GO:0005634;GO:0005737	GO:0005634;GO:0005737	cytoplasm;nucleus
hlh-14	GO:0005634;GO:0090575	GO:0005634;GO:0032991	nucleus;protein-containing complex
hlh-15	GO:0005634	GO:0005634	nucleus
hlh-2	GO:0005634;GO:0005737;GO:0090575	GO:0005634;GO:0005737;GO:0032991	cytoplasm;nucleus;protein-containing complex
hlh-3	GO:0005634;GO:0090575	GO:0005634;GO:0032991	nucleus;protein-containing complex
hlh-30	GO:0005634;GO:0005737	GO:0005634;GO:0005737	cytoplasm;nucleus
hlh-34	GO:0005634	GO:0005634	nucleus
hlh-8	GO:0005634	GO:0005634	nucleus
hmg-1.2	GO:0005634	GO:0005634	nucleus
hmg-11			
hmg-3	GO:0005634;GO:0005694;GO:0035101	GO:0005634;GO:0005694;GO:0032991	chromosome;nucleus;protein-containing complex
hmg-4	GO:0005634;GO:0005694;GO:0035101	GO:0005634;GO:0005694;GO:0032991	chromosome;nucleus;protein-containing complex
hmg-5	GO:0000781;GO:0005634;GO:0005694;GO:0005739;GO:0042645	GO:0005634;GO:0005694;GO:0005739;GO:0043226	chromosome;mitochondrion;nucleus;organelle
hmgr-1	GO:0005778;GO:0005783;GO:0005789	GO:0005783;GO:0016020;GO:0043226	endoplasmic reticulum;membrane;organelle
hmgs-1			
hmp-1	GO:0005737;GO:0005912;GO:0043296;GO:0070161;GO:0016342;GO:0071944	GO:0005737;GO:0030054;GO:0032991	cell junction;cytoplasm;protein-containing complex
hmp-2	GO:0005634;GO:0005737;GO:0005912;GO:0070161;GO:0016342	GO:0005634;GO:0005737;GO:0030054;GO:0032991	cell junction;cytoplasm;nucleus;protein-containing complex
hmr-1	GO:0005886;GO:0005911;GO:0005912;GO:0070161;GO:0016020;GO:0016342;GO:0030425;GO:0150002;GO:0042995	GO:0005886;GO:0016020;GO:0030054;GO:0032991;GO:0042995;GO:0043005	cell junction;cell projection;membrane;neuron projection;plasma membrane;protein-containing complex
hmt-1	GO:0005768;GO:0005769;GO:0005770;GO:0055037;GO:0005773;GO:0005774;GO:0016020	GO:0005768;GO:0005773;GO:0016020	endosome;membrane;vacuole
hog-1	GO:0031012	GO:0031012	extracellular matrix
hop-1	GO:0000139;GO:0005789;GO:0016020;GO:0005783;GO:0005794;GO:0070765	GO:0005783;GO:0005794;GO:0016020;GO:0032991	Golgi apparatus;endoplasmic reticulum;membrane;protein-containing complex
hosl-1	GO:0005829	GO:0005829	cytosol
hpd-1	GO:0000139;GO:0005789	GO:0016020	membrane
hpk-1	GO:0005634;GO:0005737	GO:0005634;GO:0005737	cytoplasm;nucleus
hpl-1	GO:0000792;GO:0005721;GO:0005634	GO:0005634	nucleus
hpl-2	GO:0005634;GO:0005694;GO:0034399	GO:0005634;GO:0005694	chromosome;nucleus
hpo-12	GO:0005743;GO:0016020	GO:0016020	membrane
hpo-13	GO:0016020	GO:0016020	membrane
hpo-15	GO:0005737	GO:0005737	cytoplasm
hpo-18	GO:0005743;GO:0045259	GO:0016020;GO:0032991	membrane;protein-containing complex
hpo-19	GO:0005739;GO:0016020	GO:0005739;GO:0016020	membrane;mitochondrion
hpo-29	GO:0005737;GO:0031415	GO:0005737;GO:0032991	cytoplasm;protein-containing complex
hpo-31	GO:0005739	GO:0005739	mitochondrion
hpo-8	GO:0005789;GO:0016020	GO:0016020	membrane
hpo-9	GO:0005737	GO:0005737	cytoplasm
hprt-1	GO:0005737;GO:0005829	GO:0005737;GO:0005829	cytoplasm;cytosol
hrdl-1	GO:0000151;GO:0005783;GO:0005829;GO:0016020	GO:0005783;GO:0005829;GO:0016020;GO:0032991	cytosol;endoplasmic reticulum;membrane;protein-containing complex
hrg-10	GO:0005794	GO:0005794	Golgi apparatus
hrg-9	GO:0005794	GO:0005794	Golgi apparatus
hrpa-1	GO:0000781;GO:0098687;GO:0005634;GO:0005694;GO:0071013;GO:1990904	GO:0005634;GO:0005694;GO:0032991	chromosome;nucleus;protein-containing complex
hrpc-1			
hrpf-2	GO:0005654;GO:1990904	GO:0005654;GO:0032991	nucleoplasm;protein-containing complex
hrpk-1	GO:0005634;GO:0005737	GO:0005634;GO:0005737	cytoplasm;nucleus
hrpl-1	GO:0005634	GO:0005634	nucleus
hrpu-1	GO:0005634	GO:0005634	nucleus
hsd-1	GO:0016020	GO:0016020	membrane
hsd-2	GO:0016020	GO:0016020	membrane
hsd-3			
hse-5	GO:0005576;GO:0005604;GO:0005794;GO:0005886;GO:0016020	GO:0005576;GO:0005794;GO:0005886;GO:0016020;GO:0031012	Golgi apparatus;extracellular matrix;extracellular region;membrane;plasma membrane
hsf-1	GO:0000785;GO:0005634;GO:0005737;GO:0016604;GO:0097165;GO:0071203	GO:0005634;GO:0005737;GO:0032991;GO:0043226	cytoplasm;nucleus;organelle;protein-containing complex
hsp-1	GO:0005634;GO:0005737;GO:0005829;GO:0005886	GO:0005634;GO:0005737;GO:0005829;GO:0005886	cytoplasm;cytosol;nucleus;plasma membrane
hsp-110	GO:0005634;GO:0005829	GO:0005634;GO:0005829	cytosol;nucleus
hsp-12.1	GO:0005634;GO:0005737;GO:0055120	GO:0005634;GO:0005737	cytoplasm;nucleus
hsp-12.2	GO:0005634;GO:0005737	GO:0005634;GO:0005737	cytoplasm;nucleus
hsp-12.3	GO:0005634;GO:0005737	GO:0005634;GO:0005737	cytoplasm;nucleus
hsp-12.6	GO:0005634;GO:0005737	GO:0005634;GO:0005737	cytoplasm;nucleus
hsp-16.1			
hsp-16.11	GO:0005634;GO:0005737;GO:0005797	GO:0005634;GO:0005737	cytoplasm;nucleus
hsp-16.2	GO:0005634;GO:0005737	GO:0005634;GO:0005737	cytoplasm;nucleus
hsp-16.20	GO:0005634;GO:0005737	GO:0005634;GO:0005737	cytoplasm;nucleus
hsp-16.21	GO:0005634;GO:0005737	GO:0005634;GO:0005737	cytoplasm;nucleus
hsp-16.41	GO:0005634;GO:0005737	GO:0005634;GO:0005737	cytoplasm;nucleus
hsp-16.48			
hsp-16.49	GO:0005634;GO:0005737	GO:0005634;GO:0005737	cytoplasm;nucleus
hsp-17	GO:0005634;GO:0005737	GO:0005634;GO:0005737	cytoplasm;nucleus
hsp-25	GO:0005634;GO:0005737;GO:0031430;GO:0055120	GO:0005634;GO:0005737	cytoplasm;nucleus
hsp-3	GO:0005634;GO:0005737;GO:0005783;GO:0005788;GO:0016020;GO:0034663	GO:0005634;GO:0005737;GO:0005783;GO:0016020;GO:0032991	cytoplasm;endoplasmic reticulum;membrane;nucleus;protein-containing complex
hsp-4	GO:0005634;GO:0005737;GO:0005783;GO:0005791;GO:0005788;GO:0016020;GO:0034663	GO:0005634;GO:0005737;GO:0005783;GO:0016020;GO:0032991	cytoplasm;endoplasmic reticulum;membrane;nucleus;protein-containing complex
hsp-43	GO:0005634;GO:0005737	GO:0005634;GO:0005737	cytoplasm;nucleus
hsp-6	GO:0005737;GO:0005739	GO:0005737;GO:0005739	cytoplasm;mitochondrion
hsp-60	GO:0005739;GO:0005743;GO:0005759	GO:0005739;GO:0016020	membrane;mitochondrion
hsp-90	GO:0005737;GO:0005829;GO:0005886;GO:0008287;GO:0032991;GO:0101031;GO:1990565;GO:0045121;GO:0048471	GO:0005737;GO:0005829;GO:0005886;GO:0016020;GO:0032991	cytoplasm;cytosol;membrane;plasma membrane;protein-containing complex
hsr-9	GO:0005634	GO:0005634	nucleus
hst-1	GO:0000139;GO:0016020;GO:0005794	GO:0005794;GO:0016020	Golgi apparatus;membrane
hst-3.2	GO:0005796		
hst-6	GO:0016020	GO:0016020	membrane
htt-1	GO:0031410	GO:0031410	cytoplasmic vesicle
hum-1	GO:0005737;GO:0005886;GO:0005902;GO:0015629;GO:0016459	GO:0005737;GO:0005856;GO:0005886;GO:0032991;GO:0042995	cell projection;cytoplasm;cytoskeleton;plasma membrane;protein-containing complex
hum-2	GO:0005737;GO:0015629;GO:0016020;GO:0016459	GO:0005737;GO:0005856;GO:0016020;GO:0032991	cytoplasm;cytoskeleton;membrane;protein-containing complex
hum-4	GO:0005737;GO:0005856;GO:0015629;GO:0016020;GO:0016459;GO:0098858;GO:0120025	GO:0005737;GO:0005856;GO:0016020;GO:0032991;GO:0042995	cell projection;cytoplasm;cytoskeleton;membrane;protein-containing complex
hum-6	GO:0005737;GO:0005856;GO:0015629;GO:0005902;GO:0016020;GO:0016459;GO:0016461;GO:0031476	GO:0005737;GO:0005856;GO:0016020;GO:0032991;GO:0042995	cell projection;cytoplasm;cytoskeleton;membrane;protein-containing complex
hum-7	GO:0005737;GO:0005884;GO:0016459	GO:0005737;GO:0032991	cytoplasm;protein-containing complex
hum-8	GO:0005737;GO:0005886;GO:0015629;GO:0016459;GO:0030139	GO:0005737;GO:0005856;GO:0005886;GO:0031410;GO:0032991	cytoplasm;cytoplasmic vesicle;cytoskeleton;plasma membrane;protein-containing complex
hxk-1	GO:0005739;GO:0005829	GO:0005739;GO:0005829	cytosol;mitochondrion
hxk-2	GO:0005739;GO:0005829	GO:0005739;GO:0005829	cytosol;mitochondrion
hxk-3	GO:0005739;GO:0005829	GO:0005739;GO:0005829	cytosol;mitochondrion
hyl-1	GO:0005789;GO:0016020;GO:0030424	GO:0016020;GO:0043005	membrane;neuron projection
hyl-2	GO:0016020	GO:0016020	membrane
hyls-1	GO:0005737;GO:0005814;GO:0005856;GO:0005929;GO:0097730;GO:0042995	GO:0005737;GO:0005856;GO:0005929;GO:0042995;GO:0043226	cell projection;cilium;cytoplasm;cytoskeleton;organelle
iars-2	GO:0005739	GO:0005739	mitochondrion
icpp-55	GO:0005739	GO:0005739	mitochondrion
ida-1	GO:0016020;GO:0030659;GO:0030140;GO:0030141;GO:0031045;GO:0031410;GO:0030424;GO:0030425;GO:0042995;GO:0043204;GO:0045202	GO:0016020;GO:0031410;GO:0042995;GO:0043005;GO:0045202	cell projection;cytoplasmic vesicle;membrane;neuron projection;synapse
idh-1	GO:0005739;GO:0005777;GO:0005829	GO:0005739;GO:0005777;GO:0005829	cytosol;mitochondrion;peroxisome
idh-2	GO:0005739	GO:0005739	mitochondrion
idha-1	GO:0005739	GO:0005739	mitochondrion
idhb-1	GO:0005739	GO:0005739	mitochondrion
idhg-1	GO:0005739	GO:0005739	mitochondrion
idhg-2	GO:0005739	GO:0005739	mitochondrion
idi-1	GO:0005737	GO:0005737	cytoplasm
ifa-1	GO:0005652;GO:0005882;GO:0005737	GO:0005737	cytoplasm
ifa-3	GO:0005652;GO:0005882;GO:0005737	GO:0005737	cytoplasm
ifa-4	GO:0005652;GO:0005882;GO:0005737	GO:0005737	cytoplasm
ifb-1	GO:0005652;GO:0005882;GO:0005737;GO:0016324	GO:0005737;GO:0016020	cytoplasm;membrane
ifb-2	GO:0005652;GO:0005882;GO:0005737;GO:0045179;GO:0030054;GO:1990357	GO:0005737;GO:0005856;GO:0030054	cell junction;cytoplasm;cytoskeleton
ifbp-1	GO:0005634	GO:0005634	nucleus
ifc-1	GO:0005652;GO:0005882;GO:0005737	GO:0005737	cytoplasm
ifc-2	GO:0005652;GO:0005882;GO:0005737;GO:0030054;GO:0030057	GO:0005737;GO:0030054	cell junction;cytoplasm
ifd-1	GO:0005652;GO:0005882;GO:0005737	GO:0005737	cytoplasm
ifd-2	GO:0005652;GO:0005882;GO:0005737	GO:0005737	cytoplasm
ife-1	GO:0005737;GO:0016281;GO:0043186	GO:0005737;GO:0032991;GO:0043226	cytoplasm;organelle;protein-containing complex
ife-2	GO:0010494;GO:0016281	GO:0032991;GO:0043226	organelle;protein-containing complex
ife-3	GO:0005737;GO:0016281;GO:0034518;GO:0070992;GO:0048471	GO:0005737;GO:0032991	cytoplasm;protein-containing complex
ife-5	GO:0016281	GO:0032991	protein-containing complex
iff-1	GO:0005737	GO:0005737	cytoplasm
iff-2	GO:0005737	GO:0005737	cytoplasm
ifg-1	GO:0005829;GO:0016281	GO:0005829;GO:0032991	cytosol;protein-containing complex
ift-139	GO:0005737;GO:0005856;GO:0005929;GO:0030425;GO:0030991;GO:0042995	GO:0005737;GO:0005856;GO:0005929;GO:0032991;GO:0042995;GO:0043005	cell projection;cilium;cytoplasm;cytoskeleton;neuron projection;protein-containing complex
ift-74	GO:0005929;GO:0097730;GO:0030992	GO:0005929;GO:0032991	cilium;protein-containing complex
ift-81	GO:0005737;GO:0005815;GO:0036064;GO:0005856;GO:0005929;GO:0097730;GO:0030992;GO:0042995	GO:0005737;GO:0005815;GO:0005856;GO:0005929;GO:0032991;GO:0042995	cell projection;cilium;cytoplasm;cytoskeleton;microtubule organizing center;protein-containing complex
ifta-1	GO:0005737;GO:0005856;GO:0005929;GO:0097730;GO:0005930;GO:0030991;GO:0036064;GO:0042995	GO:0005737;GO:0005815;GO:0005856;GO:0005929;GO:0032991;GO:0042995	cell projection;cilium;cytoplasm;cytoskeleton;microtubule organizing center;protein-containing complex
igcm-2	GO:0005886;GO:0005911;GO:0016020	GO:0005886;GO:0016020;GO:0030054	cell junction;membrane;plasma membrane
igcm-4	GO:0016020	GO:0016020	membrane
igdb-2	GO:0005886;GO:0016020;GO:0031430	GO:0005886;GO:0016020	membrane;plasma membrane
iglr-1	GO:0016020	GO:0016020	membrane
ilcr-1	GO:0005886;GO:0016020;GO:0043235;GO:0098797	GO:0005886;GO:0016020;GO:0032991	membrane;plasma membrane;protein-containing complex
ilcr-2	GO:0005886;GO:0016020;GO:0043235;GO:0098797	GO:0005886;GO:0016020;GO:0032991	membrane;plasma membrane;protein-containing complex
ile-1	GO:0000139;GO:0005789;GO:0016020;GO:0033116;GO:0005793;GO:0012505;GO:0030134	GO:0016020;GO:0031410;GO:0043226	cytoplasmic vesicle;membrane;organelle
ile-2	GO:0000139;GO:0005789;GO:0016020;GO:0005793;GO:0005794;GO:0012505;GO:0030134	GO:0005794;GO:0016020;GO:0031410;GO:0043226	Golgi apparatus;cytoplasmic vesicle;membrane;organelle
ima-3	GO:0005634;GO:0005635;GO:0005643;GO:0005654;GO:0005737	GO:0005634;GO:0005635;GO:0005654;GO:0005737;GO:0032991	cytoplasm;nuclear envelope;nucleoplasm;nucleus;protein-containing complex
imb-2	GO:0005634;GO:0005737	GO:0005634;GO:0005737	cytoplasm;nucleus
imb-3	GO:0005634;GO:0005737	GO:0005634;GO:0005737	cytoplasm;nucleus
imp-1	GO:0005765;GO:0005789;GO:0016020;GO:0030660;GO:0005886;GO:0012505;GO:0098553;GO:0098554	GO:0005886;GO:0016020	membrane;plasma membrane
imph-1	GO:0005634;GO:0005737;GO:0005829	GO:0005634;GO:0005737;GO:0005829	cytoplasm;cytosol;nucleus
ina-1	GO:0001891;GO:0009986;GO:0005886;GO:0008305;GO:0016020;GO:0030670;GO:0031410;GO:0042995	GO:0005886;GO:0016020;GO:0031410;GO:0032991;GO:0042995	cell projection;cytoplasmic vesicle;membrane;plasma membrane;protein-containing complex
inf-1	GO:0010494;GO:0043186	GO:0043226	organelle
ing-3	GO:0005634;GO:0035267	GO:0005634;GO:0032991	nucleus;protein-containing complex
inos-1	GO:0005737	GO:0005737	cytoplasm
inpp-1	GO:0001726;GO:0005737;GO:0005886;GO:0043005	GO:0005737;GO:0005886;GO:0042995;GO:0043005	cell projection;cytoplasm;neuron projection;plasma membrane
inpp-5K	GO:0005634;GO:0005737;GO:0016020;GO:0030424;GO:0030425;GO:0043025;GO:0098793;GO:0097730	GO:0005634;GO:0005737;GO:0005929;GO:0016020;GO:0043005	cilium;cytoplasm;membrane;neuron projection;nucleus
ins-1	GO:0005576;GO:0031410;GO:0043005;GO:0043025;GO:0045202	GO:0005576;GO:0031410;GO:0043005;GO:0045202	cytoplasmic vesicle;extracellular region;neuron projection;synapse
insc-1	GO:0045179	GO:0005737	cytoplasm
inso-1	GO:0005737;GO:0030054;GO:0031463;GO:0055120	GO:0005737;GO:0030054;GO:0032991	cell junction;cytoplasm;protein-containing complex
ints-1	GO:0032039	GO:0032991	protein-containing complex
ints-11	GO:0005634;GO:0005737	GO:0005634;GO:0005737	cytoplasm;nucleus
inx-1	GO:0005886;GO:0005921;GO:0070161;GO:0016020	GO:0005886;GO:0016020;GO:0030054	cell junction;membrane;plasma membrane
inx-10	GO:0005886;GO:0005921;GO:0070161;GO:0016020	GO:0005886;GO:0016020;GO:0030054	cell junction;membrane;plasma membrane
inx-11	GO:0005886;GO:0005921;GO:0070161;GO:0016020	GO:0005886;GO:0016020;GO:0030054	cell junction;membrane;plasma membrane
inx-12	GO:0005886;GO:0005921;GO:0070161;GO:0016020	GO:0005886;GO:0016020;GO:0030054	cell junction;membrane;plasma membrane
inx-13	GO:0005886;GO:0005921;GO:0070161;GO:0016020	GO:0005886;GO:0016020;GO:0030054	cell junction;membrane;plasma membrane
inx-15	GO:0005886;GO:0005921;GO:0070161;GO:0016020	GO:0005886;GO:0016020;GO:0030054	cell junction;membrane;plasma membrane
inx-16	GO:0005886;GO:0005921;GO:0070161;GO:0016020	GO:0005886;GO:0016020;GO:0030054	cell junction;membrane;plasma membrane
inx-17	GO:0005886;GO:0005921;GO:0070161;GO:0016020	GO:0005886;GO:0016020;GO:0030054	cell junction;membrane;plasma membrane
inx-18	GO:0005886;GO:0005921;GO:0070161;GO:0016020	GO:0005886;GO:0016020;GO:0030054	cell junction;membrane;plasma membrane
inx-19	GO:0005886;GO:0005921;GO:0070161;GO:0016020;GO:0032809	GO:0005886;GO:0016020;GO:0030054	cell junction;membrane;plasma membrane
inx-2	GO:0005886;GO:0005921;GO:0070161;GO:0016020	GO:0005886;GO:0016020;GO:0030054	cell junction;membrane;plasma membrane
inx-20	GO:0005886;GO:0005921;GO:0070161;GO:0016020	GO:0005886;GO:0016020;GO:0030054	cell junction;membrane;plasma membrane
inx-3	GO:0005737;GO:0005886;GO:0005921;GO:0070161;GO:0016020	GO:0005737;GO:0005886;GO:0016020;GO:0030054	cell junction;cytoplasm;membrane;plasma membrane
inx-5	GO:0005886;GO:0005921;GO:0070161;GO:0016020	GO:0005886;GO:0016020;GO:0030054	cell junction;membrane;plasma membrane
inx-7	GO:0005886;GO:0005921;GO:0070161;GO:0016020	GO:0005886;GO:0016020;GO:0030054	cell junction;membrane;plasma membrane
inx-8	GO:0005886;GO:0005921;GO:0070161;GO:0016020	GO:0005886;GO:0016020;GO:0030054	cell junction;membrane;plasma membrane
inx-9	GO:0005886;GO:0005921;GO:0070161;GO:0016020	GO:0005886;GO:0016020;GO:0030054	cell junction;membrane;plasma membrane
ipla-1	GO:0005634;GO:0005737;GO:0005783;GO:0005829;GO:1903293	GO:0005634;GO:0005737;GO:0005783;GO:0005829;GO:0032991	cytoplasm;cytosol;endoplasmic reticulum;nucleus;protein-containing complex
ipla-2	GO:0005737	GO:0005737	cytoplasm
ipla-3	GO:0005737	GO:0005737	cytoplasm
ire-1	GO:0005783;GO:0005789;GO:0016020;GO:0043025;GO:0098793	GO:0005783;GO:0016020	endoplasmic reticulum;membrane
irk-1	GO:0005886;GO:0016020;GO:0034702;GO:0042995;GO:0043005;GO:0043025;GO:0043204	GO:0005886;GO:0016020;GO:0032991;GO:0042995;GO:0043005	cell projection;membrane;neuron projection;plasma membrane;protein-containing complex
irk-2	GO:0005886;GO:0016020;GO:0034702	GO:0005886;GO:0016020;GO:0032991	membrane;plasma membrane;protein-containing complex
irk-3	GO:0005886;GO:0016020;GO:0034702	GO:0005886;GO:0016020;GO:0032991	membrane;plasma membrane;protein-containing complex
irx-1	GO:0005634	GO:0005634	nucleus
iscu-1	GO:0005737;GO:0005759	GO:0005737	cytoplasm
isp-1	GO:0005739;GO:0005743;GO:0016020;GO:0045275	GO:0005739;GO:0016020;GO:0032991	membrane;mitochondrion;protein-containing complex
isw-1	GO:0000785;GO:0005634	GO:0005634	nucleus
itm-2	GO:0005794;GO:0005886;GO:0016020	GO:0005794;GO:0005886;GO:0016020	Golgi apparatus;membrane;plasma membrane
itr-1	GO:0005783;GO:0016529;GO:0005789;GO:0016020;GO:0030667;GO:0005886	GO:0005783;GO:0005886;GO:0016020	endoplasmic reticulum;membrane;plasma membrane
itsn-1	GO:0005737;GO:0005886;GO:0030139;GO:0036062;GO:0042734;GO:0097708	GO:0005737;GO:0005886;GO:0016020;GO:0031410;GO:0043226	cytoplasm;cytoplasmic vesicle;membrane;organelle;plasma membrane
ivd-1	GO:0005739	GO:0005739	mitochondrion
ivns-1	GO:0005737;GO:0031463	GO:0005737;GO:0032991	cytoplasm;protein-containing complex
jac-1	GO:0005634;GO:0005737;GO:0005886;GO:0005912;GO:0070161;GO:0016342	GO:0005634;GO:0005737;GO:0005886;GO:0030054;GO:0032991	cell junction;cytoplasm;nucleus;plasma membrane;protein-containing complex
jbts-14	GO:0005929;GO:0016020;GO:0035869;GO:0036064;GO:0042995	GO:0005815;GO:0005929;GO:0016020;GO:0042995	cell projection;cilium;membrane;microtubule organizing center
jhdm-1	GO:0005634	GO:0005634	nucleus
jip-1	GO:0005737	GO:0005737	cytoplasm
jkk-1	GO:0005737;GO:0030424;GO:0042995;GO:0043025;GO:0043204	GO:0005737;GO:0042995;GO:0043005	cell projection;cytoplasm;neuron projection
jmjc-1	GO:0005634;GO:0005730	GO:0005634;GO:0005730	nucleolus;nucleus
jmjd-1.1	GO:0005634	GO:0005634	nucleus
jmjd-1.2	GO:0005634	GO:0005634	nucleus
jmjd-2	GO:0000785;GO:0005634	GO:0005634	nucleus
jmjd-3.2	GO:0005634;GO:0044666	GO:0005634;GO:0032991	nucleus;protein-containing complex
jmjd-5	GO:0005634	GO:0005634	nucleus
jnk-1	GO:0005634;GO:0005737;GO:0030424;GO:0036477;GO:0043025;GO:0043204;GO:0042995	GO:0005634;GO:0005737;GO:0042995;GO:0043005	cell projection;cytoplasm;neuron projection;nucleus
jph-1	GO:0005783;GO:0005789;GO:0016020;GO:0005886;GO:0012505;GO:0030314	GO:0005783;GO:0005886;GO:0016020;GO:0032991	endoplasmic reticulum;membrane;plasma membrane;protein-containing complex
jun-1	GO:0005634;GO:0005667	GO:0005634;GO:0032991	nucleus;protein-containing complex
kal-1	GO:0005576;GO:0009986	GO:0005576	extracellular region
kars-1	GO:0005737;GO:0005739;GO:0017101	GO:0005737;GO:0005739;GO:0032991	cytoplasm;mitochondrion;protein-containing complex
kat-1	GO:0005739	GO:0005739	mitochondrion
kcc-2	GO:0005886;GO:0016020;GO:0045202	GO:0005886;GO:0016020;GO:0045202	membrane;plasma membrane;synapse
kcnl-1	GO:0005886;GO:0016020;GO:0043005;GO:0043025	GO:0005886;GO:0016020;GO:0043005	membrane;neuron projection;plasma membrane
kcnl-2	GO:0005886;GO:0016020;GO:0043005;GO:0043025	GO:0005886;GO:0016020;GO:0043005	membrane;neuron projection;plasma membrane
kcnl-3	GO:0005886;GO:0016020;GO:0043005;GO:0043025	GO:0005886;GO:0016020;GO:0043005	membrane;neuron projection;plasma membrane
kcnl-4	GO:0005886;GO:0016020;GO:0043005;GO:0043025	GO:0005886;GO:0016020;GO:0043005	membrane;neuron projection;plasma membrane
kdp-1	GO:0005635;GO:0005737;GO:0005739;GO:0016020	GO:0005635;GO:0005737;GO:0005739;GO:0016020	cytoplasm;membrane;mitochondrion;nuclear envelope
kel-1	GO:0005737;GO:0031463	GO:0005737;GO:0032991	cytoplasm;protein-containing complex
kel-10	GO:0005737;GO:0031463	GO:0005737;GO:0032991	cytoplasm;protein-containing complex
ketn-1	GO:0005737;GO:0005856;GO:0030017;GO:0031674	GO:0005737;GO:0005856	cytoplasm;cytoskeleton
kin-1	GO:0005634;GO:0005829;GO:0005952	GO:0005634;GO:0005829;GO:0032991	cytosol;nucleus;protein-containing complex
kin-10	GO:0005634;GO:0005737;GO:0005929;GO:0097730;GO:0005956;GO:0030424;GO:0030425;GO:0042995;GO:0043025;GO:0043204	GO:0005634;GO:0005737;GO:0005929;GO:0032991;GO:0042995;GO:0043005	cell projection;cilium;cytoplasm;neuron projection;nucleus;protein-containing complex
kin-14	GO:0005886	GO:0005886	plasma membrane
kin-18	GO:0005737;GO:0005938;GO:0005856	GO:0005737;GO:0005856	cytoplasm;cytoskeleton
kin-19	GO:0005634;GO:0005737;GO:0005813	GO:0005634;GO:0005737;GO:0005815	cytoplasm;microtubule organizing center;nucleus
kin-2	GO:0005737;GO:0005829;GO:0005952;GO:0016020	GO:0005737;GO:0005829;GO:0016020;GO:0032991	cytoplasm;cytosol;membrane;protein-containing complex
kin-20	GO:0000775;GO:0005634;GO:0005694;GO:0005737;GO:0005912;GO:0070161	GO:0005634;GO:0005694;GO:0005737;GO:0030054	cell junction;chromosome;cytoplasm;nucleus
kin-21	GO:0005886	GO:0005886	plasma membrane
kin-24	GO:0005886	GO:0005886	plasma membrane
kin-26	GO:0005886	GO:0005886	plasma membrane
kin-3	GO:0005634;GO:0005829;GO:0005929;GO:0097730;GO:0005956;GO:0030424;GO:0030425;GO:0042995;GO:0043025;GO:0043204	GO:0005634;GO:0005829;GO:0005929;GO:0032991;GO:0042995;GO:0043005	cell projection;cilium;cytosol;neuron projection;nucleus;protein-containing complex
kin-32	GO:0005886;GO:0005925;GO:0030054	GO:0005886;GO:0030054	cell junction;plasma membrane
kin-33			
kin-34			
kin-4	GO:0005737;GO:0015630	GO:0005737;GO:0005856	cytoplasm;cytoskeleton
kin-5	GO:0005886	GO:0005886	plasma membrane
klc-1	GO:0005737;GO:0005856;GO:0005871;GO:0016938;GO:0005874	GO:0005737;GO:0005856;GO:0032991	cytoplasm;cytoskeleton;protein-containing complex
klc-2	GO:0005634;GO:0005635;GO:0005737;GO:0005856;GO:0005871;GO:0016938;GO:0005874	GO:0005634;GO:0005635;GO:0005737;GO:0005856;GO:0032991	cytoplasm;cytoskeleton;nuclear envelope;nucleus;protein-containing complex
klf-1	GO:0000785;GO:0005634;GO:0005737	GO:0005634;GO:0005737	cytoplasm;nucleus
klo-1			
klo-2			
klp-11	GO:0005737;GO:0005856;GO:0005871;GO:0016939;GO:0030993;GO:0032991;GO:0005874;GO:0005929;GO:0042995	GO:0005737;GO:0005856;GO:0005929;GO:0032991;GO:0042995	cell projection;cilium;cytoplasm;cytoskeleton;protein-containing complex
klp-12	GO:0005737;GO:0005856;GO:0005871;GO:0005874	GO:0005737;GO:0005856;GO:0032991	cytoplasm;cytoskeleton;protein-containing complex
klp-19	GO:0000794;GO:0005634;GO:0005654;GO:0005694;GO:0005737;GO:0005819;GO:0005856;GO:0005871;GO:0005874	GO:0000228;GO:0005634;GO:0005654;GO:0005694;GO:0005737;GO:0005856;GO:0032991;GO:0043226	chromosome;cytoplasm;cytoskeleton;nuclear chromosome;nucleoplasm;nucleus;organelle;protein-containing complex
klp-20	GO:0005737;GO:1904115;GO:0005856;GO:0005871;GO:0016939;GO:0030993;GO:0032991;GO:0005874;GO:0005929;GO:0042995	GO:0005737;GO:0005856;GO:0005929;GO:0032991;GO:0042995	cell projection;cilium;cytoplasm;cytoskeleton;protein-containing complex
klp-6	GO:0005737;GO:0005739;GO:0005871;GO:0005874;GO:0043025;GO:0016020;GO:0031966;GO:0030424;GO:0030425;GO:0097730	GO:0005737;GO:0005739;GO:0005929;GO:0016020;GO:0032991;GO:0043005	cilium;cytoplasm;membrane;mitochondrion;neuron projection;protein-containing complex
klp-7	GO:0000776;GO:0005819;GO:0000793;GO:0005694;GO:0000922;GO:0005828;GO:0005874;GO:0090619;GO:0005737;GO:0005813;GO:0005856;GO:0005871	GO:0005694;GO:0005737;GO:0005815;GO:0005856;GO:0032991;GO:0043226	chromosome;cytoplasm;cytoskeleton;microtubule organizing center;organelle;protein-containing complex
kmo-1	GO:0005739;GO:0005741;GO:0016020;GO:0031966	GO:0005739;GO:0016020	membrane;mitochondrion
kmo-2	GO:0005741;GO:0016020	GO:0016020	membrane
kpc-1	GO:0000139;GO:0016020;GO:0005802;GO:0043025;GO:0043204;GO:0005886;GO:0030424;GO:0042995	GO:0005886;GO:0016020;GO:0042995;GO:0043005	cell projection;membrane;neuron projection;plasma membrane
kqt-1	GO:0005886;GO:0008076;GO:0034702;GO:0016020;GO:0045202	GO:0005886;GO:0016020;GO:0032991;GO:0045202	membrane;plasma membrane;protein-containing complex;synapse
kqt-2	GO:0008076;GO:0016020	GO:0016020;GO:0032991	membrane;protein-containing complex
kqt-3	GO:0005783;GO:0005886;GO:0008076;GO:0034702;GO:0012505;GO:0045178;GO:0016020;GO:0016323;GO:0030659;GO:0045121;GO:0031410;GO:0045202	GO:0005783;GO:0005886;GO:0016020;GO:0031410;GO:0032991;GO:0045202	cytoplasmic vesicle;endoplasmic reticulum;membrane;plasma membrane;protein-containing complex;synapse
kri-1	GO:0005634;GO:0005886;GO:0016324;GO:0016327	GO:0005634;GO:0005886;GO:0016020	membrane;nucleus;plasma membrane
ksr-1	GO:0005737	GO:0005737	cytoplasm
ksr-2	GO:0005737	GO:0005737	cytoplasm
kvs-2	GO:0005886;GO:0008076;GO:0034702;GO:0016020	GO:0005886;GO:0016020;GO:0032991	membrane;plasma membrane;protein-containing complex
kvs-4	GO:0005886;GO:0008076;GO:0034702;GO:0016020;GO:0030424;GO:0030425;GO:0042995;GO:0043204	GO:0005886;GO:0016020;GO:0032991;GO:0042995;GO:0043005	cell projection;membrane;neuron projection;plasma membrane;protein-containing complex
kvs-5	GO:0005886;GO:0008076;GO:0034702;GO:0016020	GO:0005886;GO:0016020;GO:0032991	membrane;plasma membrane;protein-containing complex
kxd-1	GO:0099078	GO:0032991	protein-containing complex
kynu-1	GO:0005737	GO:0005737	cytoplasm
laat-1	GO:0005764;GO:0005765;GO:0016020;GO:0031090;GO:0098852	GO:0005764;GO:0016020	lysosome;membrane
lad-2	GO:0005886;GO:0016020;GO:0043005	GO:0005886;GO:0016020;GO:0043005	membrane;neuron projection;plasma membrane
laf-1	GO:0005634;GO:0005737;GO:0005886;GO:0010494;GO:0043186;GO:0016020;GO:0030027;GO:0042995;GO:0031252;GO:0061702	GO:0005634;GO:0005737;GO:0005886;GO:0016020;GO:0032991;GO:0042995;GO:0043226	cell projection;cytoplasm;membrane;nucleus;organelle;plasma membrane;protein-containing complex
lag-1	GO:0000785;GO:0005634;GO:0090575;GO:1990433	GO:0005634;GO:0032991	nucleus;protein-containing complex
lagr-1	GO:0016020	GO:0016020	membrane
lam-1	GO:0005576;GO:0005604;GO:0005608;GO:0043256	GO:0005576;GO:0031012;GO:0032991	extracellular matrix;extracellular region;protein-containing complex
lam-2	GO:0005604	GO:0031012	extracellular matrix
lam-3	GO:0005576;GO:0005604	GO:0005576;GO:0031012	extracellular matrix;extracellular region
lars-1			
lars-2	GO:0005737;GO:0005739	GO:0005737;GO:0005739	cytoplasm;mitochondrion
lat-1	GO:0005886;GO:0016020	GO:0005886;GO:0016020	membrane;plasma membrane
lat-2	GO:0005886;GO:0016020	GO:0005886;GO:0016020	membrane;plasma membrane
lbp-5	GO:0005634;GO:0005829;GO:0048471	GO:0005634;GO:0005829	cytosol;nucleus
lbp-6	GO:0005634;GO:0005829	GO:0005634;GO:0005829	cytosol;nucleus
lbp-7	GO:0005634;GO:0005829	GO:0005634;GO:0005829	cytosol;nucleus
lbp-8	GO:0005634;GO:0005764;GO:0005829	GO:0005634;GO:0005764;GO:0005829	cytosol;lysosome;nucleus
lbp-9	GO:0005634;GO:0005829	GO:0005634;GO:0005829	cytosol;nucleus
ldb-1	GO:0005634;GO:0005667	GO:0005634;GO:0032991	nucleus;protein-containing complex
ldh-1	GO:0005737;GO:0005739	GO:0005737;GO:0005739	cytoplasm;mitochondrion
lec-1	GO:0045121;GO:0060102	GO:0016020;GO:0031012	extracellular matrix;membrane
lec-10	GO:0005737;GO:0045177	GO:0005737	cytoplasm
lec-3	GO:0005886	GO:0005886	plasma membrane
lec-6	GO:0005737	GO:0005737	cytoplasm
lec-7			
lec-8	GO:0031410	GO:0031410	cytoplasmic vesicle
lec-9	GO:0005737	GO:0005737	cytoplasm
lect-2	GO:0005576;GO:0005604;GO:0009986;GO:0043204;GO:0030425;GO:0071683;GO:0042995;GO:0070161	GO:0005576;GO:0030054;GO:0031012;GO:0042995;GO:0043005	cell junction;cell projection;extracellular matrix;extracellular region;neuron projection
lem-2	GO:0005634;GO:0005635;GO:0005637;GO:0016020;GO:0005694	GO:0005634;GO:0005635;GO:0005694;GO:0016020	chromosome;membrane;nuclear envelope;nucleus
lem-4	GO:0005634;GO:0005635;GO:0005783;GO:0016020;GO:0031965	GO:0005634;GO:0005635;GO:0005783;GO:0016020	endoplasmic reticulum;membrane;nuclear envelope;nucleus
lep-2	GO:0000151;GO:0005737	GO:0005737;GO:0032991	cytoplasm;protein-containing complex
let-19	GO:0005634;GO:0016592	GO:0005634;GO:0032991	nucleus;protein-containing complex
let-2	GO:0005576;GO:0005581;GO:0005587;GO:0005604;GO:0031012;GO:0071944	GO:0005576;GO:0031012;GO:0032991	extracellular matrix;extracellular region;protein-containing complex
let-23	GO:0005886;GO:0005911;GO:0009925;GO:0016020;GO:0016323;GO:0016324;GO:0016328;GO:0043235	GO:0005886;GO:0016020;GO:0030054;GO:0032991	cell junction;membrane;plasma membrane;protein-containing complex
let-268	GO:0005576;GO:0005615;GO:0005788;GO:0005783;GO:0005791;GO:0005789;GO:0016020;GO:0005794	GO:0005576;GO:0005783;GO:0005794;GO:0016020	Golgi apparatus;endoplasmic reticulum;extracellular region;membrane
let-355	GO:0005730	GO:0005730	nucleolus
let-363	GO:0005634;GO:0005737;GO:0031931;GO:0031932	GO:0005634;GO:0005737;GO:0032991	cytoplasm;nucleus;protein-containing complex
let-381	GO:0005634	GO:0005634	nucleus
let-413	GO:0005886;GO:0016020;GO:0016323	GO:0005886;GO:0016020	membrane;plasma membrane
let-418	GO:0000785;GO:0005634;GO:0016581;GO:0090571	GO:0005634;GO:0032991	nucleus;protein-containing complex
let-502	GO:0005634;GO:0005737;GO:0005856;GO:0005912;GO:0032154;GO:0043292	GO:0005634;GO:0005737;GO:0005856;GO:0016020;GO:0030054;GO:0043226	cell junction;cytoplasm;cytoskeleton;membrane;nucleus;organelle
let-504	GO:0005634	GO:0005634	nucleus
let-526	GO:0005634;GO:0005654;GO:0016514;GO:0035060;GO:0071565	GO:0005634;GO:0005654;GO:0032991	nucleoplasm;nucleus;protein-containing complex
let-60	GO:0005886;GO:0005938;GO:0016020	GO:0005737;GO:0005886;GO:0016020	cytoplasm;membrane;plasma membrane
let-607	GO:0000785;GO:0005634	GO:0005634	nucleus
let-630	GO:0005739;GO:0005840;GO:1990904	GO:0005739;GO:0005840;GO:0032991	mitochondrion;protein-containing complex;ribosome
let-7			
let-711	GO:0000932;GO:0005634;GO:0005737;GO:0030014;GO:0030015	GO:0005634;GO:0005737;GO:0032991;GO:0043226	cytoplasm;nucleus;organelle;protein-containing complex
let-721	GO:0005739;GO:0005743;GO:0016020	GO:0005739;GO:0016020	membrane;mitochondrion
let-754	GO:0005737;GO:0005739;GO:0005758;GO:0005829	GO:0005737;GO:0005739;GO:0005829	cytoplasm;cytosol;mitochondrion
let-756	GO:0005615;GO:0005634;GO:0005654;GO:0005730;GO:0005737;GO:0016020;GO:0016607	GO:0005634;GO:0005654;GO:0005730;GO:0005737;GO:0016020;GO:0043226	cytoplasm;membrane;nucleolus;nucleoplasm;nucleus;organelle
let-765	GO:0005634	GO:0005634	nucleus
let-767	GO:0005783;GO:0045179	GO:0005737;GO:0005783	cytoplasm;endoplasmic reticulum
let-805	GO:0009897;GO:0016020;GO:0030056;GO:0043235	GO:0016020;GO:0030054;GO:0032991	cell junction;membrane;protein-containing complex
let-92	GO:0000159;GO:0005737;GO:0005813;GO:0005829;GO:0005856;GO:0030424;GO:0042995;GO:0043025;GO:0043204;GO:0044295	GO:0005737;GO:0005815;GO:0005829;GO:0005856;GO:0032991;GO:0042995;GO:0043005	cell projection;cytoplasm;cytoskeleton;cytosol;microtubule organizing center;neuron projection;protein-containing complex
letm-1	GO:0005739;GO:0005743;GO:0016020	GO:0005739;GO:0016020	membrane;mitochondrion
lev-11	GO:0005737;GO:0005856;GO:0005865;GO:0005884;GO:0031674	GO:0005737;GO:0005856	cytoplasm;cytoskeleton
lev-8	GO:0005886;GO:0005892;GO:0016020;GO:0045211;GO:0043005;GO:0045202	GO:0005886;GO:0016020;GO:0032991;GO:0043005;GO:0045202	membrane;neuron projection;plasma membrane;protein-containing complex;synapse
lev-9	GO:0005576;GO:0005615;GO:0045202	GO:0005576;GO:0045202	extracellular region;synapse
lfe-2	GO:0005634;GO:0005737	GO:0005634;GO:0005737	cytoplasm;nucleus
lgc-10	GO:0005886;GO:0016020;GO:0043005;GO:0045202;GO:0098794;GO:1902495	GO:0005886;GO:0016020;GO:0032991;GO:0043005;GO:0045202	membrane;neuron projection;plasma membrane;protein-containing complex;synapse
lgc-11	GO:0005886;GO:0016020;GO:0043005;GO:0045202;GO:0098794;GO:1902495	GO:0005886;GO:0016020;GO:0032991;GO:0043005;GO:0045202	membrane;neuron projection;plasma membrane;protein-containing complex;synapse
lgc-12	GO:0005886;GO:0016020;GO:0043005;GO:0045202;GO:0098794;GO:1902495	GO:0005886;GO:0016020;GO:0032991;GO:0043005;GO:0045202	membrane;neuron projection;plasma membrane;protein-containing complex;synapse
lgc-13	GO:0005886;GO:0016020;GO:0043005;GO:0045202;GO:0098794;GO:1902495	GO:0005886;GO:0016020;GO:0032991;GO:0043005;GO:0045202	membrane;neuron projection;plasma membrane;protein-containing complex;synapse
lgc-16	GO:0005886;GO:0016020;GO:0043005;GO:0045202;GO:0098794;GO:1902495	GO:0005886;GO:0016020;GO:0032991;GO:0043005;GO:0045202	membrane;neuron projection;plasma membrane;protein-containing complex;synapse
lgc-36	GO:0005886;GO:0016020;GO:0045211;GO:0045202	GO:0005886;GO:0016020;GO:0045202	membrane;plasma membrane;synapse
lgc-37	GO:0005886;GO:0016020	GO:0005886;GO:0016020	membrane;plasma membrane
lgc-39	GO:0005886;GO:0016020;GO:0098794	GO:0005886;GO:0016020	membrane;plasma membrane
lgc-41	GO:0005886;GO:0016020;GO:0098794	GO:0005886;GO:0016020	membrane;plasma membrane
lgc-42	GO:0005886;GO:0016020;GO:0098794	GO:0005886;GO:0016020	membrane;plasma membrane
lgc-5	GO:0005886;GO:0016020;GO:0043005;GO:0045202;GO:0098794;GO:1902495	GO:0005886;GO:0016020;GO:0032991;GO:0043005;GO:0045202	membrane;neuron projection;plasma membrane;protein-containing complex;synapse
lgc-51	GO:0005886;GO:0016020;GO:0098794	GO:0005886;GO:0016020	membrane;plasma membrane
lgc-52	GO:0005886;GO:0016020;GO:0098794	GO:0005886;GO:0016020	membrane;plasma membrane
lgc-55	GO:0005886;GO:0014069;GO:0016020;GO:0043025	GO:0005886;GO:0016020;GO:0043226	membrane;organelle;plasma membrane
lgc-57	GO:0005886;GO:0016020;GO:0045211;GO:0034707;GO:0045202	GO:0005886;GO:0016020;GO:0032991;GO:0045202	membrane;plasma membrane;protein-containing complex;synapse
lgc-58	GO:0005886;GO:0016020;GO:0098794	GO:0005886;GO:0016020	membrane;plasma membrane
lgc-6	GO:0005886;GO:0016020;GO:0043005;GO:0045202;GO:0098794;GO:1902495	GO:0005886;GO:0016020;GO:0032991;GO:0043005;GO:0045202	membrane;neuron projection;plasma membrane;protein-containing complex;synapse
lgc-7	GO:0005886;GO:0016020;GO:0043005;GO:0045202;GO:0098794;GO:1902495	GO:0005886;GO:0016020;GO:0032991;GO:0043005;GO:0045202	membrane;neuron projection;plasma membrane;protein-containing complex;synapse
lgc-8	GO:0005886;GO:0016020;GO:0043005;GO:0045202;GO:0098794;GO:1902495	GO:0005886;GO:0016020;GO:0032991;GO:0043005;GO:0045202	membrane;neuron projection;plasma membrane;protein-containing complex;synapse
lge-1	GO:0000139;GO:0016020;GO:0005794	GO:0005794;GO:0016020	Golgi apparatus;membrane
lgg-1	GO:0000407;GO:0043025;GO:0043202;GO:0043204;GO:0000421;GO:0005741;GO:0016020;GO:0030670;GO:0005634;GO:0005737;GO:0005739;GO:0005764;GO:0005776;GO:0005886;GO:0030425;GO:0043005;GO:0031410;GO:0042995	GO:0005634;GO:0005737;GO:0005739;GO:0005764;GO:0005773;GO:0005886;GO:0016020;GO:0031410;GO:0042995;GO:0043005	cell projection;cytoplasm;cytoplasmic vesicle;lysosome;membrane;mitochondrion;neuron projection;nucleus;plasma membrane;vacuole
lgg-2	GO:0000421;GO:0016020;GO:0005737;GO:0005776;GO:0005886;GO:0012505;GO:0031410	GO:0005737;GO:0005773;GO:0005886;GO:0016020;GO:0031410	cytoplasm;cytoplasmic vesicle;membrane;plasma membrane;vacuole
lgg-3	GO:0000421;GO:0016020;GO:0034045;GO:0005737;GO:0005829;GO:0034274;GO:1990234	GO:0005737;GO:0005829;GO:0016020;GO:0032991	cytoplasm;cytosol;membrane;protein-containing complex
lgl-1	GO:0005737;GO:0005938;GO:0005886;GO:0016323;GO:0030864	GO:0005737;GO:0005856;GO:0005886;GO:0016020	cytoplasm;cytoskeleton;membrane;plasma membrane
lgmn-1	GO:0005773	GO:0005773	vacuole
lhfp-4	GO:0005886;GO:0016020	GO:0005886;GO:0016020	membrane;plasma membrane
lhgd-1	GO:0005739	GO:0005739	mitochondrion
lias-1	GO:0005739	GO:0005739	mitochondrion
lid-1	GO:0005811	GO:0005811	lipid droplet
lig-1	GO:0005634	GO:0005634	nucleus
lig-4	GO:0005634;GO:0005958;GO:0032807	GO:0005634;GO:0032991	nucleus;protein-containing complex
lim-4	GO:0005634	GO:0005634	nucleus
lim-6	GO:0005634	GO:0005634	nucleus
lim-7	GO:0005634	GO:0005634	nucleus
lin-1	GO:0005634;GO:0090571	GO:0005634;GO:0032991	nucleus;protein-containing complex
lin-12	GO:0005634;GO:0005886;GO:0016020;GO:0016324;GO:0090575;GO:1990433	GO:0005634;GO:0005886;GO:0016020;GO:0032991	membrane;nucleus;plasma membrane;protein-containing complex
lin-17	GO:0005615;GO:0005886;GO:0016020;GO:0032589	GO:0005886;GO:0016020	membrane;plasma membrane
lin-18	GO:0005634;GO:0005737;GO:0005886;GO:0016020;GO:0016323;GO:0043235	GO:0005634;GO:0005737;GO:0005886;GO:0016020;GO:0032991	cytoplasm;membrane;nucleus;plasma membrane;protein-containing complex
lin-2	GO:0005886;GO:0005911;GO:0030054	GO:0005886;GO:0030054	cell junction;plasma membrane
lin-22	GO:0005634	GO:0005634	nucleus
lin-23	GO:0005634;GO:0005737;GO:0005829;GO:0019005;GO:0043223	GO:0005634;GO:0005737;GO:0005829;GO:0032991	cytoplasm;cytosol;nucleus;protein-containing complex
lin-28	GO:0000151;GO:0005634;GO:0005737	GO:0005634;GO:0005737;GO:0032991	cytoplasm;nucleus;protein-containing complex
lin-32	GO:0005634	GO:0005634	nucleus
lin-35	GO:0000785;GO:0005634;GO:0005667;GO:0035189;GO:0070176	GO:0005634;GO:0032991	nucleus;protein-containing complex
lin-40	GO:0005634;GO:0005654;GO:0016581	GO:0005634;GO:0005654;GO:0032991	nucleoplasm;nucleus;protein-containing complex
lin-41	GO:0000932;GO:0035770;GO:0005737	GO:0005737;GO:0043226	cytoplasm;organelle
lin-42	GO:0005634;GO:0005737	GO:0005634;GO:0005737	cytoplasm;nucleus
lin-44	GO:0005576;GO:0005615	GO:0005576	extracellular region
lin-45	GO:0005737	GO:0005737	cytoplasm
lin-46	GO:0005634;GO:0005737;GO:0005829;GO:0030425;GO:0045211;GO:0099572	GO:0005634;GO:0005737;GO:0005829;GO:0016020;GO:0043005;GO:0043226	cytoplasm;cytosol;membrane;neuron projection;nucleus;organelle
lin-48	GO:0005634	GO:0005634	nucleus
lin-49	GO:0005634;GO:0070776	GO:0005634;GO:0032991	nucleus;protein-containing complex
lin-53	GO:0000775;GO:0005634;GO:0005694;GO:0016581;GO:0017053;GO:0035098;GO:0070176	GO:0005634;GO:0005694;GO:0032991	chromosome;nucleus;protein-containing complex
lin-59	GO:0000785;GO:0005634	GO:0005634	nucleus
lip-1	GO:0005737;GO:0005829;GO:0005886;GO:0016020	GO:0005737;GO:0005829;GO:0005886;GO:0016020	cytoplasm;cytosol;membrane;plasma membrane
lipl-1	GO:0005576;GO:0005764;GO:0043202	GO:0005576;GO:0005764	extracellular region;lysosome
lipl-2	GO:0005764;GO:0043202	GO:0005764	lysosome
lipl-3	GO:0005576;GO:0005764;GO:0043202	GO:0005576;GO:0005764	extracellular region;lysosome
lipl-4	GO:0005737;GO:0005764;GO:0043202	GO:0005737;GO:0005764	cytoplasm;lysosome
lipl-5	GO:0005576;GO:0005764;GO:0043202	GO:0005576;GO:0005764	extracellular region;lysosome
lipl-6			
lipl-7			
lipt-1	GO:0005737;GO:0005739	GO:0005737;GO:0005739	cytoplasm;mitochondrion
lis-1	GO:0000775;GO:0005874;GO:0005881;GO:0043025;GO:0048471;GO:0000776;GO:0005818;GO:0005634;GO:0005635;GO:0005694;GO:0005737;GO:0005938;GO:1904115;GO:0005813;GO:0005856;GO:0005868;GO:0005875;GO:0030286;GO:0043005;GO:0045202	GO:0005634;GO:0005635;GO:0005694;GO:0005737;GO:0005815;GO:0005856;GO:0032991;GO:0043005;GO:0043226;GO:0045202	chromosome;cytoplasm;cytoskeleton;microtubule organizing center;neuron projection;nuclear envelope;nucleus;organelle;protein-containing complex;synapse
lit-1	GO:0005634;GO:0005737;GO:0005938;GO:1902554	GO:0005634;GO:0005737;GO:0032991	cytoplasm;nucleus;protein-containing complex
lmbr-1	GO:0005886	GO:0005886	plasma membrane
lmd-3	GO:0005634;GO:0005739	GO:0005634;GO:0005739	mitochondrion;nucleus
lmn-1	GO:0005634;GO:0005635;GO:0005637;GO:0016020;GO:0005638;GO:0005652;GO:0005882;GO:0034399	GO:0005634;GO:0005635;GO:0016020	membrane;nuclear envelope;nucleus
lmp-1	GO:0005764;GO:0005765;GO:0016020;GO:0031902;GO:0044841;GO:0005886;GO:0045335	GO:0005764;GO:0005886;GO:0016020;GO:0031410	cytoplasmic vesicle;lysosome;membrane;plasma membrane
lmp-2	GO:0005737;GO:0005765;GO:0016020;GO:0031902;GO:0005886	GO:0005737;GO:0005886;GO:0016020	cytoplasm;membrane;plasma membrane
lonp-1	GO:0005739;GO:0005759	GO:0005739	mitochondrion
lov-1	GO:0005929;GO:0097730;GO:0016020;GO:0042995;GO:0043025;GO:0071683	GO:0005929;GO:0016020;GO:0042995;GO:0043005	cell projection;cilium;membrane;neuron projection
lpd-3	GO:0016020;GO:0098793	GO:0016020	membrane
lpd-5	GO:0005739;GO:0005743;GO:0016020;GO:0045271	GO:0005739;GO:0016020;GO:0032991	membrane;mitochondrion;protein-containing complex
lpd-7	GO:0005634;GO:0005654;GO:0005730;GO:0030687;GO:0070545	GO:0005634;GO:0005654;GO:0005730;GO:0032991	nucleolus;nucleoplasm;nucleus;protein-containing complex
lpin-1	GO:0005634;GO:0005635;GO:0005654;GO:0005737;GO:0005783	GO:0005634;GO:0005635;GO:0005654;GO:0005737;GO:0005783	cytoplasm;endoplasmic reticulum;nuclear envelope;nucleoplasm;nucleus
lpl-1	GO:0005739	GO:0005739	mitochondrion
lrch-1			
lrk-1	GO:0005737;GO:0005794;GO:0043025	GO:0005737;GO:0005794	Golgi apparatus;cytoplasm
lrp-1	GO:0005886;GO:0005905;GO:0016020;GO:0016324;GO:0030139	GO:0005886;GO:0016020;GO:0031410	cytoplasmic vesicle;membrane;plasma membrane
lrp-2	GO:0005737;GO:0005886;GO:0016020	GO:0005737;GO:0005886;GO:0016020	cytoplasm;membrane;plasma membrane
lrpr-1	GO:0005634;GO:0005739	GO:0005634;GO:0005739	mitochondrion;nucleus
lrx-1	GO:0012505;GO:0016020	GO:0016020	membrane
lsd-1	GO:0000785;GO:0005634;GO:0016020	GO:0005634;GO:0016020	membrane;nucleus
lsl-1	GO:0005634	GO:0005634	nucleus
lsm-4	GO:0000932;GO:0005634;GO:0005681;GO:0005688;GO:0046540;GO:0071005;GO:0097526;GO:1990904;GO:0005737	GO:0005634;GO:0005737;GO:0032991;GO:0043226	cytoplasm;nucleus;organelle;protein-containing complex
lst-4	GO:0005737;GO:0005886;GO:0016020;GO:0030659;GO:0030670;GO:0031410;GO:0032009;GO:0045335	GO:0005737;GO:0005886;GO:0016020;GO:0031410	cytoplasm;cytoplasmic vesicle;membrane;plasma membrane
lst-6	GO:0016020	GO:0016020	membrane
lsy-12	GO:0000785;GO:0005634;GO:0070776	GO:0005634;GO:0032991	nucleus;protein-containing complex
lsy-13	GO:0005634;GO:0035267	GO:0005634;GO:0032991	nucleus;protein-containing complex
ltah-1.1	GO:0005737;GO:0005829	GO:0005737;GO:0005829	cytoplasm;cytosol
ltah-1.2	GO:0005737;GO:0005829	GO:0005737;GO:0005829	cytoplasm;cytosol
ltd-1	GO:0005737;GO:0005856;GO:0005911;GO:0055120	GO:0005737;GO:0005856;GO:0030054	cell junction;cytoplasm;cytoskeleton
maa-1	GO:0000139;GO:0010008;GO:0016020;GO:0055038;GO:0005737;GO:0045177;GO:0045178	GO:0005737;GO:0016020	cytoplasm;membrane
mab-20	GO:0005576;GO:0005886;GO:0009986	GO:0005576;GO:0005886	extracellular region;plasma membrane
mab-21			
mab-5	GO:0005634;GO:0005654;GO:0090575	GO:0005634;GO:0005654;GO:0032991	nucleoplasm;nucleus;protein-containing complex
mab-9	GO:0000785;GO:0005634	GO:0005634	nucleus
madd-2	GO:0005737;GO:0005856;GO:0031252;GO:0043025;GO:0055120;GO:0043005	GO:0005737;GO:0005856;GO:0043005	cytoplasm;cytoskeleton;neuron projection
maf-1	GO:0005634;GO:0005737	GO:0005634;GO:0005737	cytoplasm;nucleus
magi-1	GO:0005737;GO:0005912;GO:0016020;GO:0045202	GO:0005737;GO:0016020;GO:0030054;GO:0045202	cell junction;cytoplasm;membrane;synapse
magu-2	GO:0005886;GO:0005912	GO:0005886;GO:0030054	cell junction;plasma membrane
mai-2	GO:0005737;GO:0005739	GO:0005737;GO:0005739	cytoplasm;mitochondrion
mak-2	GO:0005634;GO:0005737;GO:0043204;GO:0045202	GO:0005634;GO:0005737;GO:0045202	cytoplasm;nucleus;synapse
malt-1			
manf-1	GO:0005576;GO:0005615;GO:0005788;GO:0005783	GO:0005576;GO:0005783	endoplasmic reticulum;extracellular region
mans-3	GO:0005783;GO:0005789;GO:0016020	GO:0005783;GO:0016020	endoplasmic reticulum;membrane
mans-4	GO:0005783;GO:0016020	GO:0005783;GO:0016020	endoplasmic reticulum;membrane
maoc-1	GO:0005777;GO:0005778	GO:0005777;GO:0043226	organelle;peroxisome
maph-1.1	GO:0005737;GO:0005829;GO:0005856;GO:0015630;GO:0005874;GO:0043025;GO:0043204;GO:0005875;GO:0030424;GO:0030425;GO:0042995;GO:0045202	GO:0005737;GO:0005829;GO:0005856;GO:0032991;GO:0042995;GO:0043005;GO:0045202	cell projection;cytoplasm;cytoskeleton;cytosol;neuron projection;protein-containing complex;synapse
maph-1.2	GO:0005829;GO:0005874;GO:0043025;GO:0005875;GO:0030425;GO:0045202	GO:0005829;GO:0032991;GO:0043005;GO:0045202	cytosol;neuron projection;protein-containing complex;synapse
mapk-15	GO:0005634;GO:0005737;GO:0005856;GO:0005886;GO:0005911;GO:0070161;GO:0005929;GO:0005930;GO:0043204;GO:0016020;GO:0060170;GO:0030425;GO:0036064;GO:0042995	GO:0005634;GO:0005737;GO:0005815;GO:0005856;GO:0005886;GO:0005929;GO:0016020;GO:0030054;GO:0042995;GO:0043005	cell junction;cell projection;cilium;cytoplasm;cytoskeleton;membrane;microtubule organizing center;neuron projection;nucleus;plasma membrane
marc-6	GO:0005789;GO:0016020	GO:0016020	membrane
mars-1	GO:0005737;GO:0005829;GO:0017101	GO:0005737;GO:0005829;GO:0032991	cytoplasm;cytosol;protein-containing complex
mat-3	GO:0005680	GO:0032991	protein-containing complex
mbd-2	GO:0005634	GO:0005634	nucleus
mbk-1	GO:0005634	GO:0005634	nucleus
mbk-2	GO:0000793;GO:0005694;GO:0005634;GO:0005737;GO:0005938;GO:0005813;GO:0005856;GO:0043186;GO:0072686	GO:0005634;GO:0005694;GO:0005737;GO:0005815;GO:0005856;GO:0043226	chromosome;cytoplasm;cytoskeleton;microtubule organizing center;nucleus;organelle
mbl-1	GO:0005634;GO:0005654;GO:0005737	GO:0005634;GO:0005654;GO:0005737	cytoplasm;nucleoplasm;nucleus
mboa-1	GO:0005783;GO:0005789;GO:0016020	GO:0005783;GO:0016020	endoplasmic reticulum;membrane
mboa-2	GO:0005783;GO:0005789;GO:0016020	GO:0005783;GO:0016020	endoplasmic reticulum;membrane
mboa-7	GO:0016020;GO:0043231;GO:0044233	GO:0016020;GO:0043226	membrane;organelle
mca-1	GO:0005886;GO:0016020	GO:0005886;GO:0016020	membrane;plasma membrane
mca-2	GO:0005886;GO:0016020	GO:0005886;GO:0016020	membrane;plasma membrane
mca-3	GO:0005886;GO:0016020	GO:0005886;GO:0016020	membrane;plasma membrane
mcat-1	GO:0005739	GO:0005739	mitochondrion
mccc-1	GO:0005739	GO:0005739	mitochondrion
mccc-2	GO:0005737;GO:0005739;GO:0005759;GO:1905202	GO:0005737;GO:0005739;GO:0032991	cytoplasm;mitochondrion;protein-containing complex
mce-1	GO:0005739	GO:0005739	mitochondrion
mcm-10	GO:0005634;GO:0043596	GO:0005634	nucleus
mcm-2	GO:0000793;GO:0005634;GO:0045120;GO:0042555	GO:0005634;GO:0005694;GO:0032991	chromosome;nucleus;protein-containing complex
mcm-4	GO:0005634;GO:0005694;GO:0042555	GO:0005634;GO:0005694;GO:0032991	chromosome;nucleus;protein-containing complex
mcm-5	GO:0005634;GO:0005737;GO:0005829;GO:0042555	GO:0005634;GO:0005737;GO:0005829;GO:0032991	cytoplasm;cytosol;nucleus;protein-containing complex
mcm-7	GO:0005634;GO:0042555	GO:0005634;GO:0032991	nucleus;protein-containing complex
mct-3	GO:0005886;GO:0016020	GO:0005886;GO:0016020	membrane;plasma membrane
mct-4	GO:0005886;GO:0016020	GO:0005886;GO:0016020	membrane;plasma membrane
mct-5	GO:0005886;GO:0016020	GO:0005886;GO:0016020	membrane;plasma membrane
mct-6	GO:0005886;GO:0016020	GO:0005886;GO:0016020	membrane;plasma membrane
mcu-1	GO:0005739;GO:0005743;GO:0016020;GO:1990246	GO:0005739;GO:0016020;GO:0032991	membrane;mitochondrion;protein-containing complex
mdf-1	GO:0000776;GO:0072686;GO:0005634;GO:0005635;GO:0031965;GO:0034399;GO:1990728	GO:0005634;GO:0005635;GO:0016020;GO:0032991;GO:0043226	membrane;nuclear envelope;nucleus;organelle;protein-containing complex
mdf-2	GO:0000776;GO:0005634;GO:0045120;GO:0005654;GO:0005813;GO:0051233;GO:1990728	GO:0005634;GO:0005654;GO:0005815;GO:0032991;GO:0043226	microtubule organizing center;nucleoplasm;nucleus;organelle;protein-containing complex
mdh-1	GO:0005737;GO:0005829	GO:0005737;GO:0005829	cytoplasm;cytosol
mdh-2	GO:0005737;GO:0005739;GO:0005759	GO:0005737;GO:0005739	cytoplasm;mitochondrion
mdl-1	GO:0005634;GO:0005667	GO:0005634;GO:0032991	nucleus;protein-containing complex
mdmh-35			
mdt-15	GO:0005634	GO:0005634	nucleus
mdt-17	GO:0005634;GO:0016592;GO:0070847	GO:0005634;GO:0032991	nucleus;protein-containing complex
mdt-4	GO:0005634;GO:0016592;GO:0070847	GO:0005634;GO:0032991	nucleus;protein-containing complex
mec-1	GO:0005615		
mec-10	GO:0005886;GO:0016020;GO:0044298	GO:0005886;GO:0016020	membrane;plasma membrane
mec-12	GO:0005737;GO:0005874;GO:0043025;GO:0030424	GO:0005737;GO:0043005	cytoplasm;neuron projection
mec-14			
mec-17	GO:0005874		
mec-2	GO:0005886;GO:0016020;GO:0032589;GO:0043005	GO:0005886;GO:0016020;GO:0043005	membrane;neuron projection;plasma membrane
mec-4	GO:0005886;GO:0016020;GO:0032589;GO:0030424;GO:0042995	GO:0005886;GO:0016020;GO:0042995;GO:0043005	cell projection;membrane;neuron projection;plasma membrane
mec-5	GO:0031012	GO:0031012	extracellular matrix
mec-6	GO:0005886;GO:0016020;GO:0030424;GO:0042995	GO:0005886;GO:0016020;GO:0042995;GO:0043005	cell projection;membrane;neuron projection;plasma membrane
mec-7	GO:0005737;GO:0005856;GO:0005874;GO:0043025;GO:0043005	GO:0005737;GO:0005856;GO:0043005	cytoplasm;cytoskeleton;neuron projection
mecr-1	GO:0005739	GO:0005739	mitochondrion
mecr-2	GO:0005739	GO:0005739	mitochondrion
mef-2	GO:0005634	GO:0005634	nucleus
mek-1	GO:0005737	GO:0005737	cytoplasm
mek-2			
mel-32	GO:0005634;GO:0005739	GO:0005634;GO:0005739	mitochondrion;nucleus
memb-1	GO:0000139;GO:0005789;GO:0012507;GO:0016020;GO:0031902;GO:0005737;GO:0005783;GO:0005794;GO:0031201	GO:0005737;GO:0005783;GO:0005794;GO:0016020;GO:0032991	Golgi apparatus;cytoplasm;endoplasmic reticulum;membrane;protein-containing complex
memb-2	GO:0005737;GO:0005789;GO:0012507;GO:0016020;GO:0031902;GO:0005794;GO:0012505;GO:0031201	GO:0005737;GO:0005794;GO:0016020;GO:0032991	Golgi apparatus;cytoplasm;membrane;protein-containing complex
mes-2	GO:0000786;GO:0031519;GO:0035098;GO:0005634	GO:0005634;GO:0032991	nucleus;protein-containing complex
mes-4	GO:0000228;GO:0000785;GO:0000805;GO:0005694;GO:0030849;GO:0005634	GO:0000228;GO:0005634;GO:0005694	chromosome;nuclear chromosome;nucleus
mes-6	GO:0000786;GO:0031519;GO:0035098;GO:0005634	GO:0005634;GO:0032991	nucleus;protein-containing complex
met-1	GO:0000785;GO:0005634;GO:0005694	GO:0005634;GO:0005694	chromosome;nucleus
met-2	GO:0005634;GO:0005694;GO:0005737	GO:0005634;GO:0005694;GO:0005737	chromosome;cytoplasm;nucleus
metl-13			
metl-5			
metr-1	GO:0005829	GO:0005829	cytosol
mev-1	GO:0005739;GO:0005743;GO:0016020;GO:0045273	GO:0005739;GO:0016020;GO:0032991	membrane;mitochondrion;protein-containing complex
mfb-1	GO:0005634;GO:0005737;GO:0019005	GO:0005634;GO:0005737;GO:0032991	cytoplasm;nucleus;protein-containing complex
mff-2	GO:0005737;GO:0005739;GO:0005741;GO:0016020;GO:0005777	GO:0005737;GO:0005739;GO:0005777;GO:0016020	cytoplasm;membrane;mitochondrion;peroxisome
mfsd-10	GO:0016020;GO:0031526	GO:0016020	membrane
mfsd-8.1	GO:0005765;GO:0016020	GO:0016020	membrane
mfsd-8.2	GO:0005765;GO:0016020	GO:0016020	membrane
mfsd-8.3	GO:0005765;GO:0016020	GO:0016020	membrane
mfsd-8.4	GO:0005765;GO:0016020	GO:0016020	membrane
mfsd-8.5	GO:0005765;GO:0016020;GO:0012505	GO:0016020	membrane
mgl-1	GO:0005886;GO:0016020	GO:0005886;GO:0016020	membrane;plasma membrane
mgl-2	GO:0005886;GO:0016020;GO:0098839	GO:0005886;GO:0016020	membrane;plasma membrane
mgl-3	GO:0005886;GO:0016020	GO:0005886;GO:0016020	membrane;plasma membrane
micu-1	GO:0005739;GO:0005743;GO:0016020;GO:0005758;GO:1990246	GO:0005739;GO:0016020;GO:0032991	membrane;mitochondrion;protein-containing complex
mif-1	GO:0005576;GO:0005615	GO:0005576	extracellular region
mig-14	GO:0000139;GO:0005789;GO:0009925;GO:0016020;GO:0016323;GO:0031090;GO:0031901;GO:0031902;GO:0005768;GO:0005794;GO:0005886;GO:0012505;GO:0071944;GO:0031410	GO:0005768;GO:0005794;GO:0005886;GO:0016020;GO:0031410	Golgi apparatus;cytoplasmic vesicle;endosome;membrane;plasma membrane
mig-15	GO:0005737	GO:0005737	cytoplasm
mig-2	GO:0005737;GO:0005886;GO:0009898;GO:0043005	GO:0005737;GO:0005886;GO:0043005	cytoplasm;neuron projection;plasma membrane
mig-5	GO:0005737;GO:0005938;GO:0005829;GO:0005886;GO:0016020;GO:0070161	GO:0005737;GO:0005829;GO:0005886;GO:0016020;GO:0030054	cell junction;cytoplasm;cytosol;membrane;plasma membrane
mir-1			
mir-124			
mir-230			
mir-238			
mir-241			
mir-48			
mir-50			
mir-64			
mir-65			
mir-77			
mir-80			
mir-83			
mir-84			
miro-1	GO:0005739;GO:0005741;GO:0016020	GO:0005739;GO:0016020	membrane;mitochondrion
misc-1	GO:0005739;GO:0005743;GO:0016020	GO:0005739;GO:0016020	membrane;mitochondrion
mix-1	GO:0000775;GO:0000785;GO:0000793;GO:0000805;GO:0005694;GO:0000796;GO:0032991;GO:0046536;GO:0005634	GO:0005634;GO:0005694;GO:0032991	chromosome;nucleus;protein-containing complex
miz-1	GO:0000785		
mkk-4	GO:0005737	GO:0005737	cytoplasm
mks-1	GO:0005737;GO:0005856;GO:0005929;GO:0036038;GO:0042995	GO:0005737;GO:0005856;GO:0005929;GO:0032991;GO:0042995	cell projection;cilium;cytoplasm;cytoskeleton;protein-containing complex
mks-2	GO:0016020;GO:0035869	GO:0016020	membrane
mks-3	GO:0016020;GO:0035869;GO:0036038	GO:0016020;GO:0032991	membrane;protein-containing complex
mks-5	GO:0005856;GO:0005929;GO:0035869;GO:0036064;GO:0042995	GO:0005815;GO:0005856;GO:0005929;GO:0042995	cell projection;cilium;cytoskeleton;microtubule organizing center
mks-6	GO:0035869;GO:0044292		
mksr-1	GO:0005737;GO:0005856;GO:0005929;GO:0035869;GO:0036038;GO:0042995	GO:0005737;GO:0005856;GO:0005929;GO:0032991;GO:0042995	cell projection;cilium;cytoplasm;cytoskeleton;protein-containing complex
mksr-2	GO:0005737;GO:0005856;GO:0005929;GO:0030425;GO:0035869;GO:0044292;GO:0036038;GO:0036064;GO:0042995	GO:0005737;GO:0005815;GO:0005856;GO:0005929;GO:0032991;GO:0042995;GO:0043005	cell projection;cilium;cytoplasm;cytoskeleton;microtubule organizing center;neuron projection;protein-containing complex
mlc-1	GO:0005737;GO:0005859;GO:0016459;GO:0016460	GO:0005737;GO:0032991	cytoplasm;protein-containing complex
mlc-2	GO:0005737;GO:0016459;GO:0016460	GO:0005737;GO:0032991	cytoplasm;protein-containing complex
mlc-3	GO:0005859;GO:0016459;GO:0005863	GO:0032991	protein-containing complex
mlc-4	GO:0005737;GO:0005856;GO:0016459;GO:0016460;GO:0031941	GO:0005737;GO:0005856;GO:0032991	cytoplasm;cytoskeleton;protein-containing complex
mlc-5	GO:0005737;GO:0005856;GO:0015629;GO:0016459;GO:0016460	GO:0005737;GO:0005856;GO:0032991	cytoplasm;cytoskeleton;protein-containing complex
mlc-6	GO:0016460	GO:0032991	protein-containing complex
mlc-7	GO:0016460	GO:0032991	protein-containing complex
mlcd-1	GO:0005759;GO:0005782		
mlck-1	GO:0005737	GO:0005737	cytoplasm
mlh-1	GO:0005634;GO:0032300;GO:0032389	GO:0005634;GO:0032991	nucleus;protein-containing complex
mlp-1	GO:0005634;GO:0005737;GO:0055120	GO:0005634;GO:0005737	cytoplasm;nucleus
mls-1	GO:0000785;GO:0005634	GO:0005634	nucleus
mls-2	GO:0005634	GO:0005634	nucleus
mlt-11	GO:0005615		
mlt-2			
mlt-4	GO:0005929	GO:0005929	cilium
mlt-7	GO:0005615		
mma-1	GO:0005634;GO:0005739	GO:0005634;GO:0005739	mitochondrion;nucleus
mmaa-1	GO:0005737;GO:0005739	GO:0005737;GO:0005739	cytoplasm;mitochondrion
mmab-1			
mmad-1	GO:0005739	GO:0005739	mitochondrion
mmcm-1	GO:0005737;GO:0005739;GO:0005759	GO:0005737;GO:0005739	cytoplasm;mitochondrion
mml-1	GO:0005634;GO:0005737;GO:0005739	GO:0005634;GO:0005737;GO:0005739	cytoplasm;mitochondrion;nucleus
mnr-1	GO:0005576;GO:0005615;GO:0005886;GO:0016020	GO:0005576;GO:0005886;GO:0016020	extracellular region;membrane;plasma membrane
moc-1	GO:0005737;GO:0005829;GO:0030425;GO:0045211;GO:0099572	GO:0005737;GO:0005829;GO:0016020;GO:0043005;GO:0043226	cytoplasm;cytosol;membrane;neuron projection;organelle
moc-2	GO:0005829	GO:0005829	cytosol
moc-5			
mocs-1			
mod-1	GO:0005886;GO:0016020;GO:0043025;GO:0098794	GO:0005886;GO:0016020	membrane;plasma membrane
mod-5	GO:0005886;GO:0016020;GO:0043005;GO:0045202;GO:0098793	GO:0005886;GO:0016020;GO:0043005;GO:0045202	membrane;neuron projection;plasma membrane;synapse
mog-1	GO:0005634;GO:0005681	GO:0005634;GO:0032991	nucleus;protein-containing complex
mog-2	GO:0005634;GO:0005654;GO:0005686;GO:1990904	GO:0005634;GO:0005654;GO:0032991	nucleoplasm;nucleus;protein-containing complex
mogs-1	GO:0005783;GO:0005789;GO:0016020	GO:0005783;GO:0016020	endoplasmic reticulum;membrane
mom-1	GO:0005783;GO:0005789;GO:0016020	GO:0005783;GO:0016020	endoplasmic reticulum;membrane
mom-2	GO:0005576;GO:0005615	GO:0005576	extracellular region
mom-4	GO:0005737;GO:0055120	GO:0005737	cytoplasm
mom-5	GO:0005768;GO:0005769;GO:0005886;GO:0016020	GO:0005768;GO:0005886;GO:0016020	endosome;membrane;plasma membrane
moma-1	GO:0005739;GO:0005741;GO:0016020;GO:0061617	GO:0005739;GO:0016020;GO:0032991	membrane;mitochondrion;protein-containing complex
mop-25.1			
mop-25.2	GO:0000922;GO:0005737;GO:0005856	GO:0005737;GO:0005856	cytoplasm;cytoskeleton
morc-1	GO:0005634;GO:0016604	GO:0005634;GO:0043226	nucleus;organelle
mpc-1	GO:0005739;GO:0005743;GO:0016020	GO:0005739;GO:0016020	membrane;mitochondrion
mpc-2	GO:0005739;GO:0005743;GO:0016020	GO:0005739;GO:0016020	membrane;mitochondrion
mpdu-1	GO:0016020	GO:0016020	membrane
mpk-1	GO:0005634;GO:0005737	GO:0005634;GO:0005737	cytoplasm;nucleus
mpk-2	GO:0005634;GO:0005737	GO:0005634;GO:0005737	cytoplasm;nucleus
mppa-1	GO:0005739;GO:0005759;GO:0017087	GO:0005739;GO:0032991	mitochondrion;protein-containing complex
mppb-1	GO:0005739;GO:0005759;GO:0017087	GO:0005739;GO:0032991	mitochondrion;protein-containing complex
mpst-1	GO:0005739	GO:0005739	mitochondrion
mpst-2	GO:0005739	GO:0005739	mitochondrion
mpst-3	GO:0005739	GO:0005739	mitochondrion
mpst-4	GO:0005739	GO:0005739	mitochondrion
mpst-5			
mpst-6	GO:0005739	GO:0005739	mitochondrion
mpst-7	GO:0005739;GO:0016020	GO:0005739;GO:0016020	membrane;mitochondrion
mpz-1	GO:0016020;GO:0030424;GO:0062049	GO:0016020;GO:0032991;GO:0043005	membrane;neuron projection;protein-containing complex
mrck-1	GO:0005737;GO:0005938;GO:0005856	GO:0005737;GO:0005856	cytoplasm;cytoskeleton
mre-11	GO:0005634;GO:0005694;GO:0030870;GO:0035861	GO:0005634;GO:0005694;GO:0032991	chromosome;nucleus;protein-containing complex
mrp-1	GO:0000323;GO:0005773;GO:0005774;GO:0016020;GO:0005886	GO:0005773;GO:0005886;GO:0016020	membrane;plasma membrane;vacuole
mrp-2	GO:0000323;GO:0005773;GO:0005774;GO:0016020;GO:0005886	GO:0005773;GO:0005886;GO:0016020	membrane;plasma membrane;vacuole
mrp-5	GO:0005886;GO:0016020;GO:0016323	GO:0005886;GO:0016020	membrane;plasma membrane
mrp-6	GO:0005886;GO:0016020	GO:0005886;GO:0016020	membrane;plasma membrane
mrp-7	GO:0005886;GO:0016020	GO:0005886;GO:0016020	membrane;plasma membrane
mrpl-12	GO:0005737;GO:0005762;GO:1990904;GO:0005840	GO:0005737;GO:0005840;GO:0032991	cytoplasm;protein-containing complex;ribosome
mrpl-15	GO:0005762;GO:0015934;GO:1990904;GO:0005840	GO:0005840;GO:0032991	protein-containing complex;ribosome
mrpl-39	GO:0005739;GO:0005840	GO:0005739;GO:0005840	mitochondrion;ribosome
mrpl-40	GO:0005739;GO:0005761;GO:0005840;GO:0005762;GO:1990904	GO:0005739;GO:0005840;GO:0032991	mitochondrion;protein-containing complex;ribosome
mrpl-44	GO:0005634;GO:0005739;GO:0005762;GO:1990904;GO:0005840	GO:0005634;GO:0005739;GO:0005840;GO:0032991	mitochondrion;nucleus;protein-containing complex;ribosome
mrpl-45	GO:0005739;GO:0005840;GO:1990904	GO:0005739;GO:0005840;GO:0032991	mitochondrion;protein-containing complex;ribosome
mrpl-50	GO:0005739;GO:0005762;GO:1990904;GO:0005840	GO:0005739;GO:0005840;GO:0032991	mitochondrion;protein-containing complex;ribosome
mrpr-1			
mrps-12	GO:0005763;GO:0015935;GO:1990904;GO:0005840	GO:0005840;GO:0032991	protein-containing complex;ribosome
mrps-14	GO:0005737;GO:0005739;GO:0005763;GO:1990904;GO:0005840	GO:0005737;GO:0005739;GO:0005840;GO:0032991	cytoplasm;mitochondrion;protein-containing complex;ribosome
mrps-16	GO:0005739;GO:0005743;GO:0005759;GO:0005763;GO:0015935;GO:1990904;GO:0005840	GO:0005739;GO:0005840;GO:0016020;GO:0032991	membrane;mitochondrion;protein-containing complex;ribosome
mrps-18C	GO:0005739;GO:0005762;GO:1990904;GO:0005840	GO:0005739;GO:0005840;GO:0032991	mitochondrion;protein-containing complex;ribosome
mrps-2	GO:0005739;GO:0005743;GO:0005763;GO:0015935;GO:1990904;GO:0005840	GO:0005739;GO:0005840;GO:0016020;GO:0032991	membrane;mitochondrion;protein-containing complex;ribosome
mrps-22	GO:0005763;GO:0005840	GO:0005840;GO:0032991	protein-containing complex;ribosome
mrps-23	GO:0005739;GO:0005763;GO:1990904;GO:0005840	GO:0005739;GO:0005840;GO:0032991	mitochondrion;protein-containing complex;ribosome
mrps-25	GO:0005739;GO:0005763;GO:1990904;GO:0005840	GO:0005739;GO:0005840;GO:0032991	mitochondrion;protein-containing complex;ribosome
mrps-28	GO:0005763;GO:0005840	GO:0005840;GO:0032991	protein-containing complex;ribosome
mrps-33	GO:0005739;GO:0005840;GO:1990904	GO:0005739;GO:0005840;GO:0032991	mitochondrion;protein-containing complex;ribosome
mrps-34	GO:0005739;GO:0005763;GO:0005840	GO:0005739;GO:0005840;GO:0032991	mitochondrion;protein-containing complex;ribosome
mrps-7	GO:0005739;GO:0005763;GO:1990904;GO:0005840	GO:0005739;GO:0005840;GO:0032991	mitochondrion;protein-containing complex;ribosome
mrt-1	GO:0000781;GO:0005634;GO:0005694	GO:0005634;GO:0005694	chromosome;nucleus
msh-2	GO:0005634;GO:0032301	GO:0005634;GO:0032991	nucleus;protein-containing complex
msh-5	GO:0005634;GO:0005694	GO:0005634;GO:0005694	chromosome;nucleus
msh-6	GO:0005634;GO:0032301	GO:0005634;GO:0032991	nucleus;protein-containing complex
msi-1	GO:0005737;GO:0043204	GO:0005737	cytoplasm
mspn-1	GO:0005739;GO:0005741;GO:0016020	GO:0005739;GO:0016020	membrane;mitochondrion
mtch-1	GO:0005739;GO:0005741;GO:0016020	GO:0005739;GO:0016020	membrane;mitochondrion
mtcu-1	GO:0005737;GO:0005739	GO:0005737;GO:0005739	cytoplasm;mitochondrion
mtcu-2	GO:0005737;GO:0005739;GO:0005829	GO:0005737;GO:0005739;GO:0005829	cytoplasm;cytosol;mitochondrion
mthf-1	GO:0005829	GO:0005829	cytosol
mtm-1	GO:0001891;GO:0005737;GO:0005938;GO:0045179;GO:0005829;GO:0005886;GO:0016020;GO:0016324;GO:0042995	GO:0005737;GO:0005829;GO:0005886;GO:0016020;GO:0042995	cell projection;cytoplasm;cytosol;membrane;plasma membrane
mtm-10	GO:0005737;GO:0016020	GO:0005737;GO:0016020	cytoplasm;membrane
mtm-3	GO:0005737;GO:0016020	GO:0005737;GO:0016020	cytoplasm;membrane
mtm-5	GO:0005737;GO:0016020	GO:0005737;GO:0016020	cytoplasm;membrane
mtm-6	GO:0005737;GO:0005829;GO:0005886;GO:0016020;GO:0016324;GO:1904144	GO:0005737;GO:0005829;GO:0005886;GO:0016020;GO:0032991	cytoplasm;cytosol;membrane;plasma membrane;protein-containing complex
mtm-9	GO:0005737;GO:0005829;GO:0005886;GO:0016020;GO:0016324;GO:1904144	GO:0005737;GO:0005829;GO:0005886;GO:0016020;GO:0032991	cytoplasm;cytosol;membrane;plasma membrane;protein-containing complex
mtp-18	GO:0005739;GO:0005743;GO:0016020	GO:0005739;GO:0016020	membrane;mitochondrion
mtpn-1	GO:0005634;GO:0005737	GO:0005634;GO:0005737	cytoplasm;nucleus
mtr-4	GO:0005634;GO:0031499	GO:0005634;GO:0032991	nucleus;protein-containing complex
mtrr-1	GO:0005829	GO:0005829	cytosol
mtss-1	GO:0005739;GO:0042645	GO:0005739;GO:0043226	mitochondrion;organelle
mttu-1	GO:0005739	GO:0005739	mitochondrion
mua-3	GO:0005576;GO:0005882;GO:0005886;GO:0016020;GO:0030056;GO:0070161	GO:0005576;GO:0005886;GO:0016020;GO:0030054	cell junction;extracellular region;membrane;plasma membrane
mua-6	GO:0005652;GO:0005882;GO:0030056;GO:0070161	GO:0030054	cell junction
mup-2	GO:0005861	GO:0032991	protein-containing complex
mus-81	GO:0005634;GO:0048476	GO:0005634;GO:0032991	nucleus;protein-containing complex
mvk-1	GO:0005737;GO:0005829	GO:0005737;GO:0005829	cytoplasm;cytosol
mxl-1	GO:0005634;GO:0005667;GO:0090575	GO:0005634;GO:0032991	nucleus;protein-containing complex
mxl-2	GO:0005634;GO:0005737;GO:0005739	GO:0005634;GO:0005737;GO:0005739	cytoplasm;mitochondrion;nucleus
mxl-3	GO:0005634;GO:0005737;GO:0090575	GO:0005634;GO:0005737;GO:0032991	cytoplasm;nucleus;protein-containing complex
myo-1	GO:0005737;GO:0005863;GO:0032982;GO:0016459;GO:0016460;GO:0030016	GO:0005737;GO:0032991;GO:0043226	cytoplasm;organelle;protein-containing complex
myo-2	GO:0005737;GO:0005859;GO:0016459;GO:0016460;GO:0005863;GO:0031672;GO:0032982;GO:0030016	GO:0005737;GO:0032991;GO:0043226	cytoplasm;organelle;protein-containing complex
myo-3	GO:0005737;GO:0005863;GO:0031672;GO:0032982;GO:0016459;GO:0016460;GO:0030016	GO:0005737;GO:0032991;GO:0043226	cytoplasm;organelle;protein-containing complex
myo-5	GO:0005737;GO:0005863;GO:0032982;GO:0016459;GO:0016460;GO:0030016	GO:0005737;GO:0032991;GO:0043226	cytoplasm;organelle;protein-containing complex
myrf-1	GO:0005634;GO:0005667;GO:0005737;GO:0005783;GO:0005789;GO:0016020;GO:0016324;GO:0005886;GO:0045178	GO:0005634;GO:0005737;GO:0005783;GO:0005886;GO:0016020;GO:0032991	cytoplasm;endoplasmic reticulum;membrane;nucleus;plasma membrane;protein-containing complex
myrf-2	GO:0005634;GO:0005667;GO:0005737;GO:0005783;GO:0005789;GO:0016020;GO:0016324;GO:0005886	GO:0005634;GO:0005737;GO:0005783;GO:0005886;GO:0016020;GO:0032991	cytoplasm;endoplasmic reticulum;membrane;nucleus;plasma membrane;protein-containing complex
mys-1	GO:0005634;GO:0035267	GO:0005634;GO:0032991	nucleus;protein-containing complex
mys-2	GO:0005634;GO:0035267;GO:0044545;GO:0072487	GO:0005634;GO:0032991	nucleus;protein-containing complex
mys-4	GO:0000785;GO:0005634;GO:0036409	GO:0005634;GO:0032991	nucleus;protein-containing complex
nab-1	GO:0001725;GO:0048786;GO:0005737;GO:0005856;GO:0015629;GO:0030864;GO:0005886;GO:0014069;GO:0030425;GO:0036062;GO:0045202;GO:0120025	GO:0005737;GO:0005856;GO:0005886;GO:0016020;GO:0042995;GO:0043005;GO:0043226;GO:0045202	cell projection;cytoplasm;cytoskeleton;membrane;neuron projection;organelle;plasma membrane;synapse
nac-1	GO:0005886;GO:0016020	GO:0005886;GO:0016020	membrane;plasma membrane
nac-2	GO:0005886;GO:0016020	GO:0005886;GO:0016020	membrane;plasma membrane
nac-3	GO:0005886;GO:0016020	GO:0005886;GO:0016020	membrane;plasma membrane
nap-1	GO:0000785;GO:0005634;GO:0005737	GO:0005634;GO:0005737	cytoplasm;nucleus
nape-1	GO:0005737;GO:0043005;GO:0043025	GO:0005737;GO:0043005	cytoplasm;neuron projection
nape-2	GO:0005737;GO:0043005;GO:0043025	GO:0005737;GO:0043005	cytoplasm;neuron projection
nars-1	GO:0005737	GO:0005737	cytoplasm
nars-2	GO:0005739	GO:0005739	mitochondrion
nas-13	GO:0005576;GO:0005615	GO:0005576	extracellular region
nas-14	GO:0005576;GO:0005615	GO:0005576	extracellular region
nas-15	GO:0005576;GO:0005615	GO:0005576	extracellular region
nas-39	GO:0005576;GO:0005615	GO:0005576	extracellular region
nasp-1	GO:0005634;GO:0005654	GO:0005634;GO:0005654	nucleoplasm;nucleus
nasp-2	GO:0005654	GO:0005654	nucleoplasm
natb-1	GO:0031416	GO:0032991	protein-containing complex
nbet-1	GO:0000139;GO:0005789;GO:0016020;GO:0005783;GO:0005794;GO:0012505;GO:0031201	GO:0005783;GO:0005794;GO:0016020;GO:0032991	Golgi apparatus;endoplasmic reticulum;membrane;protein-containing complex
nca-2	GO:0005886;GO:0016020	GO:0005886;GO:0016020	membrane;plasma membrane
ncam-1	GO:0005886;GO:0016020;GO:0030424	GO:0005886;GO:0016020;GO:0043005	membrane;neuron projection;plasma membrane
ncap-1	GO:0016020;GO:0030125	GO:0016020;GO:0032991	membrane;protein-containing complex
ncbp-2	GO:0005634;GO:0005635;GO:0005846;GO:0034399	GO:0005634;GO:0005635;GO:0032991	nuclear envelope;nucleus;protein-containing complex
ncl-1	GO:0005737	GO:0005737	cytoplasm
ncr-1	GO:0005764;GO:0005770;GO:0005886;GO:0016020	GO:0005764;GO:0005768;GO:0005886;GO:0016020	endosome;lysosome;membrane;plasma membrane
ncr-2	GO:0005886;GO:0016020	GO:0005886;GO:0016020	membrane;plasma membrane
ncx-1	GO:0005886;GO:0042383;GO:0016020;GO:0030424;GO:0098794	GO:0005886;GO:0016020;GO:0043005	membrane;neuron projection;plasma membrane
ncx-2	GO:0005886;GO:0042383;GO:0012505;GO:0098794;GO:0016020;GO:0030424	GO:0005886;GO:0016020;GO:0043005	membrane;neuron projection;plasma membrane
ncx-4	GO:0005886;GO:0016020	GO:0005886;GO:0016020	membrane;plasma membrane
ncx-5	GO:0005886;GO:0016020	GO:0005886;GO:0016020	membrane;plasma membrane
ndab-1	GO:0005739;GO:0045271	GO:0005739;GO:0032991	mitochondrion;protein-containing complex
ndab-2	GO:0005739;GO:0045271	GO:0005739;GO:0032991	mitochondrion;protein-containing complex
ndc-80	GO:0000775;GO:0005874;GO:0000776;GO:0005634;GO:0005694;GO:0005737;GO:0005856;GO:0031262	GO:0005634;GO:0005694;GO:0005737;GO:0005856;GO:0032991;GO:0043226	chromosome;cytoplasm;cytoskeleton;nucleus;organelle;protein-containing complex
ndk-1			
ndnf-1	GO:0005576	GO:0005576	extracellular region
ndrr-1	GO:0005737;GO:0055120	GO:0005737	cytoplasm
ndrr-2	GO:0005737	GO:0005737	cytoplasm
ndua-1	GO:0005739;GO:0016020;GO:0045271	GO:0005739;GO:0016020;GO:0032991	membrane;mitochondrion;protein-containing complex
ndua-12	GO:0005739;GO:0005743;GO:0016020;GO:0045271	GO:0005739;GO:0016020;GO:0032991	membrane;mitochondrion;protein-containing complex
ndua-13	GO:0005739;GO:0005743;GO:0016020;GO:0045271	GO:0005739;GO:0016020;GO:0032991	membrane;mitochondrion;protein-containing complex
ndua-2	GO:0005739;GO:0005743;GO:0045271	GO:0005739;GO:0016020;GO:0032991	membrane;mitochondrion;protein-containing complex
ndua-5	GO:0005739;GO:0005743;GO:0016020;GO:0045271	GO:0005739;GO:0016020;GO:0032991	membrane;mitochondrion;protein-containing complex
ndua-7	GO:0005739;GO:0005743;GO:0016020;GO:0045271	GO:0005739;GO:0016020;GO:0032991	membrane;mitochondrion;protein-containing complex
ndua-8	GO:0005739;GO:0005743;GO:0016020;GO:0045271	GO:0005739;GO:0016020;GO:0032991	membrane;mitochondrion;protein-containing complex
ndub-10	GO:0005739;GO:0005743;GO:0016020;GO:0045271	GO:0005739;GO:0016020;GO:0032991	membrane;mitochondrion;protein-containing complex
ndub-11	GO:0005739;GO:0005743;GO:0016020;GO:0045271	GO:0005739;GO:0016020;GO:0032991	membrane;mitochondrion;protein-containing complex
ndub-3	GO:0005739;GO:0005743;GO:0016020;GO:0045271	GO:0005739;GO:0016020;GO:0032991	membrane;mitochondrion;protein-containing complex
ndub-5	GO:0005739;GO:0005743;GO:0016020;GO:0045271	GO:0005739;GO:0016020;GO:0032991	membrane;mitochondrion;protein-containing complex
ndub-6	GO:0005739;GO:0045271	GO:0005739;GO:0032991	mitochondrion;protein-containing complex
ndub-7	GO:0005739;GO:0005743;GO:0016020;GO:0005758;GO:0045271	GO:0005739;GO:0016020;GO:0032991	membrane;mitochondrion;protein-containing complex
ndub-8	GO:0005739;GO:0045271	GO:0005739;GO:0032991	mitochondrion;protein-containing complex
nduc-2	GO:0005739;GO:0005743;GO:0016020;GO:0045271	GO:0005739;GO:0016020;GO:0032991	membrane;mitochondrion;protein-containing complex
nduf-2.2	GO:0005739;GO:0045271	GO:0005739;GO:0032991	mitochondrion;protein-containing complex
nduf-6	GO:0005739;GO:0005743;GO:0016020;GO:0045271	GO:0005739;GO:0016020;GO:0032991	membrane;mitochondrion;protein-containing complex
nduf-7	GO:0005739;GO:0045271	GO:0005739;GO:0032991	mitochondrion;protein-containing complex
nduf-9	GO:0005739;GO:0045271	GO:0005739;GO:0032991	mitochondrion;protein-containing complex
ndus-8	GO:0005739;GO:0016020;GO:0045271	GO:0005739;GO:0016020;GO:0032991	membrane;mitochondrion;protein-containing complex
nduv-2	GO:0005739;GO:0005743;GO:0016020;GO:0045271;GO:0098796;GO:1902494	GO:0005739;GO:0016020;GO:0032991	membrane;mitochondrion;protein-containing complex
ned-8	GO:0005634;GO:0005737	GO:0005634;GO:0005737	cytoplasm;nucleus
nefr-1			
nekl-1	GO:0005737	GO:0005737	cytoplasm
nekl-2	GO:0005634;GO:0005737	GO:0005634;GO:0005737	cytoplasm;nucleus
nekl-4			
nep-1	GO:0005886;GO:0016020	GO:0005886;GO:0016020	membrane;plasma membrane
nep-10	GO:0005886;GO:0016020	GO:0005886;GO:0016020	membrane;plasma membrane
nep-11	GO:0005886;GO:0016020	GO:0005886;GO:0016020	membrane;plasma membrane
nep-13	GO:0005886;GO:0016020	GO:0005886;GO:0016020	membrane;plasma membrane
nep-2	GO:0005886;GO:0009986;GO:0016020	GO:0005886;GO:0016020	membrane;plasma membrane
nep-20	GO:0005886;GO:0016020	GO:0005886;GO:0016020	membrane;plasma membrane
nep-21	GO:0005886;GO:0016020	GO:0005886;GO:0016020	membrane;plasma membrane
nep-23	GO:0005886;GO:0016020	GO:0005886;GO:0016020	membrane;plasma membrane
nep-24	GO:0005886	GO:0005886	plasma membrane
nep-26	GO:0005886;GO:0016020	GO:0005886;GO:0016020	membrane;plasma membrane
nep-3	GO:0005886;GO:0016020	GO:0005886;GO:0016020	membrane;plasma membrane
nep-4	GO:0005886	GO:0005886	plasma membrane
nep-6	GO:0005886;GO:0016020	GO:0005886;GO:0016020	membrane;plasma membrane
nep-8	GO:0005886;GO:0016020	GO:0005886;GO:0016020	membrane;plasma membrane
nep-9	GO:0005886;GO:0016020	GO:0005886;GO:0016020	membrane;plasma membrane
nex-2	GO:0005634;GO:0005737;GO:0005886;GO:0012506	GO:0005634;GO:0005737;GO:0005886;GO:0016020	cytoplasm;membrane;nucleus;plasma membrane
nex-3	GO:0005634;GO:0005737;GO:0005886;GO:0012506	GO:0005634;GO:0005737;GO:0005886;GO:0016020	cytoplasm;membrane;nucleus;plasma membrane
nex-4	GO:0005634;GO:0005737;GO:0005886;GO:0012506	GO:0005634;GO:0005737;GO:0005886;GO:0016020	cytoplasm;membrane;nucleus;plasma membrane
nfi-1	GO:0005634	GO:0005634	nucleus
nfki-1			
nfm-1	GO:0005886;GO:0005912;GO:0016020;GO:0030175;GO:0045177	GO:0005886;GO:0016020;GO:0030054;GO:0042995	cell junction;cell projection;membrane;plasma membrane
nfs-1	GO:0005634;GO:0005739;GO:0005829;GO:0099128	GO:0005634;GO:0005739;GO:0005829;GO:0032991	cytosol;mitochondrion;nucleus;protein-containing complex
nft-1			
nfu-1	GO:0005739	GO:0005739	mitochondrion
nfya-1	GO:0005634;GO:0016602	GO:0005634;GO:0032991	nucleus;protein-containing complex
ngn-1	GO:0005634	GO:0005634	nucleus
nhl-1			
nhl-2	GO:0000932;GO:0043186;GO:0005654	GO:0005654;GO:0043226	nucleoplasm;organelle
nhr-111	GO:0005634	GO:0005634	nucleus
nhr-114	GO:0005634	GO:0005634	nucleus
nhr-116	GO:0005634	GO:0005634	nucleus
nhr-129	GO:0005634	GO:0005634	nucleus
nhr-136	GO:0005634	GO:0005634	nucleus
nhr-141	GO:0005634	GO:0005634	nucleus
nhr-147	GO:0005634	GO:0005634	nucleus
nhr-148	GO:0005634	GO:0005634	nucleus
nhr-149	GO:0005634	GO:0005634	nucleus
nhr-152	GO:0005634	GO:0005634	nucleus
nhr-154	GO:0005634	GO:0005634	nucleus
nhr-159	GO:0005634	GO:0005634	nucleus
nhr-166	GO:0005634	GO:0005634	nucleus
nhr-168	GO:0005634	GO:0005634	nucleus
nhr-173	GO:0005634	GO:0005634	nucleus
nhr-186	GO:0005634	GO:0005634	nucleus
nhr-188	GO:0005634	GO:0005634	nucleus
nhr-189	GO:0005634	GO:0005634	nucleus
nhr-2	GO:0005634	GO:0005634	nucleus
nhr-206	GO:0005634	GO:0005634	nucleus
nhr-207	GO:0005634	GO:0005634	nucleus
nhr-208	GO:0005634	GO:0005634	nucleus
nhr-209	GO:0005634	GO:0005634	nucleus
nhr-221	GO:0005634	GO:0005634	nucleus
nhr-23	GO:0000785;GO:0005634	GO:0005634	nucleus
nhr-247	GO:0005634	GO:0005634	nucleus
nhr-25	GO:0005634;GO:0090575	GO:0005634;GO:0032991	nucleus;protein-containing complex
nhr-253	GO:0005634	GO:0005634	nucleus
nhr-274	GO:0005634	GO:0005634	nucleus
nhr-35	GO:0005634	GO:0005634	nucleus
nhr-36	GO:0005634	GO:0005634	nucleus
nhr-48	GO:0005634	GO:0005634	nucleus
nhr-49	GO:0005634;GO:0005737	GO:0005634;GO:0005737	cytoplasm;nucleus
nhr-6	GO:0005634;GO:0005667	GO:0005634;GO:0032991	nucleus;protein-containing complex
nhr-60	GO:0005634;GO:0005635	GO:0005634;GO:0005635	nuclear envelope;nucleus
nhr-64	GO:0005634	GO:0005634	nucleus
nhr-67	GO:0005634	GO:0005634	nucleus
nhr-69	GO:0005634	GO:0005634	nucleus
nhr-8	GO:0005634	GO:0005634	nucleus
nhr-85	GO:0005634	GO:0005634	nucleus
nhr-93	GO:0005634	GO:0005634	nucleus
nhx-1	GO:0005886;GO:0016020	GO:0005886;GO:0016020	membrane;plasma membrane
nhx-2	GO:0005886;GO:0016020;GO:0016324	GO:0005886;GO:0016020	membrane;plasma membrane
nhx-3	GO:0005886;GO:0012505;GO:0016020	GO:0005886;GO:0016020	membrane;plasma membrane
nhx-5	GO:0005768;GO:0055037;GO:0005886;GO:0016020;GO:0055038	GO:0005768;GO:0005886;GO:0016020	endosome;membrane;plasma membrane
nhx-6	GO:0005886;GO:0016020	GO:0005886;GO:0016020	membrane;plasma membrane
nhx-9	GO:0005886;GO:0016020	GO:0005886;GO:0016020	membrane;plasma membrane
nipa-1	GO:0016020;GO:0043025	GO:0016020	membrane
nipi-3	GO:0005634	GO:0005634	nucleus
nish-1	GO:0005737	GO:0005737	cytoplasm
nkb-1	GO:0005886;GO:0005890;GO:0016020	GO:0005886;GO:0016020;GO:0032991	membrane;plasma membrane;protein-containing complex
nkb-2	GO:0005890;GO:0016020	GO:0016020;GO:0032991	membrane;protein-containing complex
nkb-3	GO:0005886;GO:0005890;GO:0016020	GO:0005886;GO:0016020;GO:0032991	membrane;plasma membrane;protein-containing complex
nkcc-1	GO:0016020	GO:0016020	membrane
nlg-1	GO:0005886;GO:0009986;GO:0098793;GO:0016020;GO:0030424;GO:0030425;GO:0045202	GO:0005886;GO:0016020;GO:0043005;GO:0045202	membrane;neuron projection;plasma membrane;synapse
nlr-1	GO:0005886;GO:0005921;GO:0070161;GO:0016020	GO:0005886;GO:0016020;GO:0030054	cell junction;membrane;plasma membrane
nmat-1			
nmat-2			
nmgp-1	GO:0005886;GO:0016020	GO:0005886;GO:0016020	membrane;plasma membrane
nmr-1	GO:0005886;GO:0014069;GO:0016020;GO:0045211;GO:0017146;GO:0043005;GO:0045202	GO:0005886;GO:0016020;GO:0032991;GO:0043005;GO:0043226;GO:0045202	membrane;neuron projection;organelle;plasma membrane;protein-containing complex;synapse
nmr-2	GO:0005886;GO:0016020;GO:0045211;GO:0098839;GO:0045202	GO:0005886;GO:0016020;GO:0045202	membrane;plasma membrane;synapse
nmrk-1	GO:0005737;GO:0005829;GO:1990140	GO:0005737;GO:0005829;GO:0032991	cytoplasm;cytosol;protein-containing complex
nmt-1	GO:0005737;GO:0005829	GO:0005737;GO:0005829	cytoplasm;cytosol
nmur-2	GO:0005886;GO:0016020	GO:0005886;GO:0016020	membrane;plasma membrane
nmy-1	GO:0005737;GO:0005863;GO:0032982;GO:0005912;GO:0016459;GO:0016460;GO:0043292	GO:0005737;GO:0030054;GO:0032991;GO:0043226	cell junction;cytoplasm;organelle;protein-containing complex
nmy-2	GO:0005737;GO:0005938;GO:0005863;GO:0032982;GO:0070938;GO:0016459;GO:0016460;GO:0032154;GO:0072686	GO:0005737;GO:0016020;GO:0032991;GO:0043226	cytoplasm;membrane;organelle;protein-containing complex
nnt-1	GO:0005739;GO:0005743;GO:0016020;GO:0005886	GO:0005739;GO:0005886;GO:0016020	membrane;mitochondrion;plasma membrane
nob-1	GO:0005634	GO:0005634	nucleus
noca-2	GO:0005737;GO:0005813;GO:0005815;GO:0005856	GO:0005737;GO:0005815;GO:0005856	cytoplasm;cytoskeleton;microtubule organizing center
nog-1	GO:0005634;GO:0005730	GO:0005634;GO:0005730	nucleolus;nucleus
nol-56	GO:0005634;GO:0005730;GO:0031428;GO:0032040	GO:0005634;GO:0005730;GO:0032991	nucleolus;nucleus;protein-containing complex
nola-3	GO:0005634;GO:0005730;GO:0031429;GO:1990904	GO:0005634;GO:0005730;GO:0032991	nucleolus;nucleus;protein-containing complex
nono-1	GO:0005634;GO:0016020	GO:0005634;GO:0016020	membrane;nucleus
nonu-1			
nphp-1	GO:0005737;GO:0005929;GO:0097730;GO:0035869;GO:0097546;GO:0036064	GO:0005737;GO:0005815;GO:0005929	cilium;cytoplasm;microtubule organizing center
nphp-4	GO:0005856;GO:0035869;GO:0097546;GO:0036064;GO:0097730	GO:0005815;GO:0005856;GO:0005929	cilium;cytoskeleton;microtubule organizing center
npl-4.1	GO:0005634;GO:0005737;GO:0034098	GO:0005634;GO:0005737;GO:0032991	cytoplasm;nucleus;protein-containing complex
npl-4.2	GO:0005634;GO:0005737;GO:0034098	GO:0005634;GO:0005737;GO:0032991	cytoplasm;nucleus;protein-containing complex
npp-1	GO:0005634;GO:0005635;GO:0005643;GO:0044613	GO:0005634;GO:0005635;GO:0032991	nuclear envelope;nucleus;protein-containing complex
npp-10	GO:0000776;GO:0043186;GO:0005634;GO:0005635;GO:0005643;GO:0044614;GO:0005694;GO:0005737;GO:0016020;GO:0031965	GO:0005634;GO:0005635;GO:0005694;GO:0005737;GO:0016020;GO:0032991;GO:0043226	chromosome;cytoplasm;membrane;nuclear envelope;nucleus;organelle;protein-containing complex
npp-11	GO:0005635;GO:0005643;GO:0044613	GO:0005635;GO:0032991	nuclear envelope;protein-containing complex
npp-13	GO:0005634;GO:0005643;GO:0016020	GO:0005634;GO:0016020;GO:0032991	membrane;nucleus;protein-containing complex
npp-14	GO:0005634;GO:0005643;GO:0016020;GO:0031965	GO:0005634;GO:0016020;GO:0032991	membrane;nucleus;protein-containing complex
npp-15	GO:0000776;GO:0005634;GO:0005635;GO:0005643;GO:0031080;GO:0031965	GO:0005634;GO:0005635;GO:0016020;GO:0032991;GO:0043226	membrane;nuclear envelope;nucleus;organelle;protein-containing complex
npp-16	GO:0005634;GO:0005643;GO:0016020;GO:0031965	GO:0005634;GO:0016020;GO:0032991	membrane;nucleus;protein-containing complex
npp-19	GO:0005634;GO:0005635;GO:0005643;GO:0044613;GO:0044615;GO:0016020;GO:0031965	GO:0005634;GO:0005635;GO:0016020;GO:0032991	membrane;nuclear envelope;nucleus;protein-containing complex
npp-2	GO:0005634;GO:0005643;GO:0031080;GO:0016020;GO:0031965	GO:0005634;GO:0016020;GO:0032991	membrane;nucleus;protein-containing complex
npp-20	GO:0005634;GO:0005643;GO:0030127;GO:0031080;GO:0005764;GO:0005765;GO:0005789;GO:0012507;GO:0016020;GO:0005783;GO:0031410	GO:0005634;GO:0005764;GO:0005783;GO:0016020;GO:0031410;GO:0032991	cytoplasmic vesicle;endoplasmic reticulum;lysosome;membrane;nucleus;protein-containing complex
npp-21	GO:0005643	GO:0032991	protein-containing complex
npp-23	GO:0000776;GO:0005634;GO:0005643;GO:0031080	GO:0005634;GO:0032991;GO:0043226	nucleus;organelle;protein-containing complex
npp-3	GO:0005634;GO:0005643;GO:0044611	GO:0005634;GO:0032991	nucleus;protein-containing complex
npp-5	GO:0000775;GO:0000776;GO:0005634;GO:0005635;GO:0005643;GO:0031080;GO:0005694;GO:0016020;GO:0031965	GO:0005634;GO:0005635;GO:0005694;GO:0016020;GO:0032991;GO:0043226	chromosome;membrane;nuclear envelope;nucleus;organelle;protein-containing complex
npp-6	GO:0005634;GO:0005643;GO:0031965	GO:0005634;GO:0016020;GO:0032991	membrane;nucleus;protein-containing complex
npp-8	GO:0005634;GO:0005635;GO:0005643;GO:0044611	GO:0005634;GO:0005635;GO:0032991	nuclear envelope;nucleus;protein-containing complex
npp-9	GO:0005643;GO:0005737	GO:0005737;GO:0032991	cytoplasm;protein-containing complex
npr-1	GO:0005886;GO:0016020;GO:0030424;GO:0030425;GO:0043005;GO:0043025	GO:0005886;GO:0016020;GO:0043005	membrane;neuron projection;plasma membrane
npr-10	GO:0005886;GO:0016020;GO:0043005	GO:0005886;GO:0016020;GO:0043005	membrane;neuron projection;plasma membrane
npr-11	GO:0005886;GO:0016020	GO:0005886;GO:0016020	membrane;plasma membrane
npr-12	GO:0016020	GO:0016020	membrane
npr-13	GO:0005886;GO:0016020;GO:0043005	GO:0005886;GO:0016020;GO:0043005	membrane;neuron projection;plasma membrane
npr-14	GO:0005886;GO:0016020	GO:0005886;GO:0016020	membrane;plasma membrane
npr-16	GO:0005886;GO:0016020;GO:0043005	GO:0005886;GO:0016020;GO:0043005	membrane;neuron projection;plasma membrane
npr-17	GO:0005886;GO:0016020;GO:0043005	GO:0005886;GO:0016020;GO:0043005	membrane;neuron projection;plasma membrane
npr-19	GO:0016020	GO:0016020	membrane
npr-24	GO:0005886;GO:0016020;GO:0043005	GO:0005886;GO:0016020;GO:0043005	membrane;neuron projection;plasma membrane
npr-28	GO:0005886;GO:0016020;GO:0043005	GO:0005886;GO:0016020;GO:0043005	membrane;neuron projection;plasma membrane
npr-3	GO:0005886;GO:0016020	GO:0005886;GO:0016020	membrane;plasma membrane
npr-32	GO:0016020	GO:0016020	membrane
npr-4	GO:0005886;GO:0016020	GO:0005886;GO:0016020	membrane;plasma membrane
npr-5	GO:0005886;GO:0016020;GO:0043005	GO:0005886;GO:0016020;GO:0043005	membrane;neuron projection;plasma membrane
npr-6	GO:0005886;GO:0016020;GO:0043005	GO:0005886;GO:0016020;GO:0043005	membrane;neuron projection;plasma membrane
npr-7	GO:0005886;GO:0016020;GO:0043005	GO:0005886;GO:0016020;GO:0043005	membrane;neuron projection;plasma membrane
npr-8	GO:0005886;GO:0016020	GO:0005886;GO:0016020	membrane;plasma membrane
npr-9	GO:0005886;GO:0016020	GO:0005886;GO:0016020	membrane;plasma membrane
nprl-2	GO:0005774;GO:1990130	GO:0016020;GO:0032991	membrane;protein-containing complex
nprl-3	GO:0005764;GO:0005765;GO:0016020;GO:1990130	GO:0005764;GO:0016020;GO:0032991	lysosome;membrane;protein-containing complex
nrd-1			
nre-1			
nrfl-1	GO:0005886;GO:0016020;GO:0016324;GO:0031528;GO:0042995;GO:1990184	GO:0005886;GO:0016020;GO:0032991;GO:0042995	cell projection;membrane;plasma membrane;protein-containing complex
nrx-1	GO:0016020;GO:0048786	GO:0016020	membrane
nsf-1	GO:0005737;GO:0005795	GO:0005737	cytoplasm
nst-1	GO:0005634;GO:0005654;GO:0005730	GO:0005634;GO:0005654;GO:0005730	nucleolus;nucleoplasm;nucleus
nstp-10	GO:0000139;GO:0016020;GO:0005794	GO:0005794;GO:0016020	Golgi apparatus;membrane
nstp-3	GO:0000139;GO:0016020	GO:0016020	membrane
nstp-5	GO:0000139;GO:0016020;GO:0005794	GO:0005794;GO:0016020	Golgi apparatus;membrane
nstp-6	GO:0000139;GO:0016020	GO:0016020	membrane
nstp-7	GO:0000139;GO:0016020	GO:0016020	membrane
nstp-8	GO:0000139;GO:0016020	GO:0016020	membrane
nstp-9	GO:0005794;GO:0016020	GO:0005794;GO:0016020	Golgi apparatus;membrane
nsun-1	GO:0005634;GO:0005730	GO:0005634;GO:0005730	nucleolus;nucleus
nsun-2	GO:0005634;GO:0005737	GO:0005634;GO:0005737	cytoplasm;nucleus
nsun-5	GO:0005730	GO:0005730	nucleolus
nsy-1	GO:0005737;GO:1904115;GO:0014069;GO:0030424;GO:0042995;GO:0043025;GO:0043204	GO:0005737;GO:0042995;GO:0043005;GO:0043226	cell projection;cytoplasm;neuron projection;organelle
ntc-1	GO:0005576	GO:0005576	extracellular region
nte-1	GO:0005783;GO:0016020	GO:0005783;GO:0016020	endoplasmic reticulum;membrane
nte-2	GO:0005783;GO:0016020	GO:0005783;GO:0016020	endoplasmic reticulum;membrane
ntfc-1			
nth-1	GO:0005634;GO:0005739	GO:0005634;GO:0005739	mitochondrion;nucleus
ntl-4	GO:0005634;GO:0005737;GO:0005829;GO:0030014;GO:0030015	GO:0005634;GO:0005737;GO:0005829;GO:0032991	cytoplasm;cytosol;nucleus;protein-containing complex
ntr-1	GO:0005886;GO:0016020	GO:0005886;GO:0016020	membrane;plasma membrane
ntr-2	GO:0005886;GO:0016020	GO:0005886;GO:0016020	membrane;plasma membrane
nuaf-1	GO:0005739	GO:0005739	mitochondrion
nuaf-3	GO:0005739;GO:0005743	GO:0005739;GO:0016020	membrane;mitochondrion
nuaf-5	GO:0005739	GO:0005739	mitochondrion
nuaf-6			
nuc-1	GO:0005634;GO:0005764	GO:0005634;GO:0005764	lysosome;nucleus
nucb-1	GO:0005576;GO:0005737;GO:0005793;GO:0005794;GO:0012505;GO:0016020	GO:0005576;GO:0005737;GO:0005794;GO:0016020;GO:0043226	Golgi apparatus;cytoplasm;extracellular region;membrane;organelle
nud-1	GO:0005737;GO:0045202	GO:0005737;GO:0045202	cytoplasm;synapse
nud-2	GO:0000776;GO:0005634;GO:0005635;GO:0005813;GO:0005871;GO:0005875;GO:0045202	GO:0005634;GO:0005635;GO:0005815;GO:0032991;GO:0043226;GO:0045202	microtubule organizing center;nuclear envelope;nucleus;organelle;protein-containing complex;synapse
num-1	GO:0005737;GO:0005938;GO:0005856;GO:0005886;GO:0016020;GO:0016323	GO:0005737;GO:0005856;GO:0005886;GO:0016020	cytoplasm;cytoskeleton;membrane;plasma membrane
nuo-1	GO:0005739;GO:0005743;GO:0016020;GO:0045271	GO:0005739;GO:0016020;GO:0032991	membrane;mitochondrion;protein-containing complex
nuo-2	GO:0005739;GO:0016020;GO:0045271	GO:0005739;GO:0016020;GO:0032991	membrane;mitochondrion;protein-containing complex
nuo-3	GO:0005739;GO:0005743;GO:0016020;GO:0045271	GO:0005739;GO:0016020;GO:0032991	membrane;mitochondrion;protein-containing complex
nuo-4	GO:0005737;GO:0005739;GO:0005759;GO:0045271	GO:0005737;GO:0005739;GO:0032991	cytoplasm;mitochondrion;protein-containing complex
nuo-5	GO:0005743;GO:0016020;GO:0045271	GO:0016020;GO:0032991	membrane;protein-containing complex
nurf-1	GO:0005634;GO:0016589	GO:0005634;GO:0032991	nucleus;protein-containing complex
oatr-1	GO:0005737;GO:0005739;GO:0005759	GO:0005737;GO:0005739	cytoplasm;mitochondrion
oaz-1	GO:0005634;GO:0005737	GO:0005634;GO:0005737	cytoplasm;nucleus
obr-1	GO:0005829;GO:0005886;GO:0097038	GO:0005829;GO:0005886	cytosol;plasma membrane
obr-2	GO:0005829;GO:0005886;GO:0097038	GO:0005829;GO:0005886	cytosol;plasma membrane
ocr-1	GO:0005886;GO:0016020	GO:0005886;GO:0016020	membrane;plasma membrane
ocr-2	GO:0005886;GO:0016020;GO:0097730	GO:0005886;GO:0005929;GO:0016020	cilium;membrane;plasma membrane
ocr-3	GO:0005886;GO:0016020	GO:0005886;GO:0016020	membrane;plasma membrane
ocr-4	GO:0005886;GO:0016020	GO:0005886;GO:0016020	membrane;plasma membrane
ocrl-1	GO:0005737;GO:0005768;GO:0016020;GO:0030670;GO:0031901;GO:0031410;GO:0043005	GO:0005737;GO:0005768;GO:0016020;GO:0031410;GO:0043005	cytoplasm;cytoplasmic vesicle;endosome;membrane;neuron projection
oct-1	GO:0016020	GO:0016020	membrane
oct-2	GO:0016020	GO:0016020	membrane
octr-1	GO:0005886;GO:0016020;GO:0030425;GO:0045202	GO:0005886;GO:0016020;GO:0043005;GO:0045202	membrane;neuron projection;plasma membrane;synapse
odc-1	GO:0005737	GO:0005737	cytoplasm
odr-1	GO:0005886;GO:0016020	GO:0005886;GO:0016020	membrane;plasma membrane
odr-3	GO:0005737;GO:0005834;GO:0005929;GO:0097730;GO:0030425;GO:0042995;GO:0043025	GO:0005737;GO:0005929;GO:0032991;GO:0042995;GO:0043005	cell projection;cilium;cytoplasm;neuron projection;protein-containing complex
odr-8	GO:0005634;GO:0005737;GO:0005783;GO:0005789;GO:0016020;GO:0032991;GO:0048471	GO:0005634;GO:0005737;GO:0005783;GO:0016020;GO:0032991	cytoplasm;endoplasmic reticulum;membrane;nucleus;protein-containing complex
oga-1			
ogdh-1	GO:0005739;GO:0005759;GO:0031966;GO:0045252	GO:0005739;GO:0016020;GO:0032991	membrane;mitochondrion;protein-containing complex
ogdh-2	GO:0005739	GO:0005739	mitochondrion
ogt-1	GO:0005634;GO:0005737;GO:0048471	GO:0005634;GO:0005737	cytoplasm;nucleus
oma-1	GO:0005634;GO:0005737;GO:0005813;GO:0005829;GO:0035770;GO:0036464;GO:0043186;GO:1990904	GO:0005634;GO:0005737;GO:0005815;GO:0005829;GO:0032991;GO:0043226	cytoplasm;cytosol;microtubule organizing center;nucleus;organelle;protein-containing complex
oma-2	GO:0005737;GO:0005813;GO:0005829;GO:0005856;GO:0043186;GO:1990904	GO:0005737;GO:0005815;GO:0005829;GO:0005856;GO:0032991;GO:0043226	cytoplasm;cytoskeleton;cytosol;microtubule organizing center;organelle;protein-containing complex
ooc-5	GO:0000922;GO:0005788;GO:0012505;GO:0048471;GO:0005737;GO:0005783;GO:0005818;GO:0005819;GO:0005886	GO:0005737;GO:0005783;GO:0005886;GO:0043226	cytoplasm;endoplasmic reticulum;organelle;plasma membrane
orai-1	GO:0005886;GO:0005891;GO:0016020;GO:0016323;GO:0016324	GO:0005886;GO:0016020;GO:0032991	membrane;plasma membrane;protein-containing complex
orc-1	GO:0005634;GO:0005664	GO:0005634;GO:0032991	nucleus;protein-containing complex
osg-1	GO:0005737	GO:0005737	cytoplasm
osm-1	GO:0005929;GO:0097730;GO:0005930;GO:0035869;GO:0030990;GO:0030992;GO:0036064;GO:0042995	GO:0005815;GO:0005929;GO:0032991;GO:0042995	cell projection;cilium;microtubule organizing center;protein-containing complex
osm-12	GO:0005737;GO:0005856;GO:0005929;GO:0097730;GO:0005930;GO:0016020;GO:0034464;GO:0036064;GO:0042995;GO:0043005	GO:0005737;GO:0005815;GO:0005856;GO:0005929;GO:0016020;GO:0032991;GO:0042995;GO:0043005	cell projection;cilium;cytoplasm;cytoskeleton;membrane;microtubule organizing center;neuron projection;protein-containing complex
osm-5	GO:0005814;GO:0005929;GO:0097730;GO:0030992;GO:0036064;GO:0043005;GO:0097546	GO:0005815;GO:0005929;GO:0032991;GO:0043005;GO:0043226	cilium;microtubule organizing center;neuron projection;organelle;protein-containing complex
osm-6	GO:0005737;GO:0005814;GO:0005929;GO:0097730;GO:0030992;GO:0035869;GO:0043025;GO:0036064	GO:0005737;GO:0005815;GO:0005929;GO:0032991;GO:0043226	cilium;cytoplasm;microtubule organizing center;organelle;protein-containing complex
osm-9	GO:0005886;GO:0016020;GO:0043025;GO:0048471;GO:0097730	GO:0005886;GO:0005929;GO:0016020	cilium;membrane;plasma membrane
ost-1	GO:0005576;GO:0005604;GO:0005615	GO:0005576;GO:0031012	extracellular matrix;extracellular region
osta-1	GO:0005886;GO:0016020;GO:1990075	GO:0005886;GO:0016020	membrane;plasma membrane
osta-2	GO:0005886;GO:0016020	GO:0005886;GO:0016020	membrane;plasma membrane
osta-3	GO:0005886;GO:0016020	GO:0005886;GO:0016020	membrane;plasma membrane
ostb-1	GO:0005783;GO:0005789;GO:0016020;GO:0008250	GO:0005783;GO:0016020;GO:0032991	endoplasmic reticulum;membrane;protein-containing complex
otub-1	GO:0005886	GO:0005886	plasma membrane
otub-2	GO:0005634;GO:0005737	GO:0005634;GO:0005737	cytoplasm;nucleus
oxi-1	GO:0014069;GO:0045202	GO:0043226;GO:0045202	organelle;synapse
paa-1	GO:0000159;GO:0032991;GO:0005634;GO:0005635;GO:0005737;GO:0005813;GO:0005819;GO:0043186;GO:0072686;GO:0005829;GO:0005856	GO:0005634;GO:0005635;GO:0005737;GO:0005815;GO:0005829;GO:0005856;GO:0032991;GO:0043226	cytoplasm;cytoskeleton;cytosol;microtubule organizing center;nuclear envelope;nucleus;organelle;protein-containing complex
pacs-1			
pad-1	GO:0005768;GO:0005802;GO:0005829	GO:0005768;GO:0005829	cytosol;endosome
pad-2	GO:0005783;GO:0005794	GO:0005783;GO:0005794	Golgi apparatus;endoplasmic reticulum
paf-1	GO:0005789;GO:0005829	GO:0005829;GO:0016020	cytosol;membrane
paf-2	GO:0005789;GO:0005829	GO:0005829;GO:0016020	cytosol;membrane
pag-3	GO:0005634;GO:0030424;GO:0042995;GO:0043204	GO:0005634;GO:0042995;GO:0043005	cell projection;neuron projection;nucleus
pah-1	GO:0005737	GO:0005737	cytoplasm
paic-1			
pak-1	GO:0005737;GO:0005829;GO:0005886;GO:0016020;GO:0030054;GO:0030056;GO:0030424;GO:0042995;GO:0043025;GO:0043204	GO:0005737;GO:0005829;GO:0005886;GO:0016020;GO:0030054;GO:0042995;GO:0043005	cell junction;cell projection;cytoplasm;cytosol;membrane;neuron projection;plasma membrane
pak-2	GO:0005737	GO:0005737	cytoplasm
pal-1	GO:0000775;GO:0000776;GO:0000794;GO:0005634;GO:0005694	GO:0000228;GO:0005634;GO:0005694;GO:0043226	chromosome;nuclear chromosome;nucleus;organelle
pamn-1	GO:0005576;GO:0016020	GO:0005576;GO:0016020	extracellular region;membrane
paqr-1	GO:0005886;GO:0016020	GO:0005886;GO:0016020	membrane;plasma membrane
paqr-2	GO:0005886;GO:0016020	GO:0005886;GO:0016020	membrane;plasma membrane
par-1	GO:0005737;GO:0005938;GO:0043186;GO:0071944	GO:0005737;GO:0043226	cytoplasm;organelle
par-3	GO:0005737;GO:0005938;GO:0045179;GO:0061802;GO:0005912;GO:0043296;GO:0016020;GO:0016324;GO:0031234;GO:0045177;GO:0045178;GO:0043186	GO:0005737;GO:0016020;GO:0030054;GO:0043226	cell junction;cytoplasm;membrane;organelle
par-4	GO:0005737;GO:0005938	GO:0005737	cytoplasm
par-5	GO:0005634;GO:0005737;GO:0005938	GO:0005634;GO:0005737	cytoplasm;nucleus
parg-1	GO:0005634;GO:0005737;GO:0043005	GO:0005634;GO:0005737;GO:0043005	cytoplasm;neuron projection;nucleus
parg-2	GO:0005634;GO:0005737	GO:0005634;GO:0005737	cytoplasm;nucleus
parn-1	GO:0005634;GO:0005737;GO:0005783;GO:0043186	GO:0005634;GO:0005737;GO:0005783;GO:0043226	cytoplasm;endoplasmic reticulum;nucleus;organelle
parn-2	GO:0005634;GO:0005730;GO:0015030;GO:0016607	GO:0005634;GO:0005730;GO:0043226	nucleolus;nucleus;organelle
parp-1	GO:0005634;GO:0005730	GO:0005634;GO:0005730	nucleolus;nucleus
pars-2	GO:0005737;GO:0005739	GO:0005737;GO:0005739	cytoplasm;mitochondrion
pas-1	GO:0000502;GO:0005839;GO:0019773;GO:0005634;GO:0005737;GO:0005829	GO:0005634;GO:0005737;GO:0005829;GO:0032991	cytoplasm;cytosol;nucleus;protein-containing complex
pas-5	GO:0000502;GO:0005839;GO:0019773;GO:0005634;GO:0005737;GO:0005829	GO:0005634;GO:0005737;GO:0005829;GO:0032991	cytoplasm;cytosol;nucleus;protein-containing complex
pas-6	GO:0000502;GO:0005839;GO:0019773;GO:0005634;GO:0005737	GO:0005634;GO:0005737;GO:0032991	cytoplasm;nucleus;protein-containing complex
pas-7	GO:0000502;GO:0005839;GO:0019773;GO:0005634;GO:0005737	GO:0005634;GO:0005737;GO:0032991	cytoplasm;nucleus;protein-containing complex
pash-1	GO:0070877	GO:0032991	protein-containing complex
pat-2	GO:0008305;GO:0009986;GO:0031430;GO:0055120;GO:0016020	GO:0016020;GO:0032991	membrane;protein-containing complex
pat-3	GO:0005604;GO:0005737;GO:0005886;GO:0005925;GO:0070161;GO:0008305;GO:0009986;GO:0016328;GO:0030018;GO:0031430;GO:0036477;GO:0043025;GO:0055120;GO:0016020;GO:0016323;GO:0030016;GO:0043005	GO:0005737;GO:0005886;GO:0016020;GO:0030054;GO:0031012;GO:0032991;GO:0043005;GO:0043226	cell junction;cytoplasm;extracellular matrix;membrane;neuron projection;organelle;plasma membrane;protein-containing complex
pat-4	GO:0005737;GO:0005886;GO:0005912;GO:0005925;GO:0070161;GO:0008305;GO:0009925;GO:0016020;GO:0031430;GO:0055120	GO:0005737;GO:0005886;GO:0016020;GO:0030054;GO:0032991	cell junction;cytoplasm;membrane;plasma membrane;protein-containing complex
pat-6	GO:0005737;GO:0005856;GO:0015629;GO:0005925;GO:0009925;GO:0030424;GO:0031430;GO:0043204;GO:0055120;GO:0042995	GO:0005737;GO:0005856;GO:0016020;GO:0030054;GO:0042995;GO:0043005	cell junction;cell projection;cytoplasm;cytoskeleton;membrane;neuron projection
patr-1	GO:0000932;GO:0005737	GO:0005737;GO:0043226	cytoplasm;organelle
pax-1	GO:0005634	GO:0005634	nucleus
pax-2	GO:0000785;GO:0005634;GO:0005694	GO:0005634;GO:0005694	chromosome;nucleus
pax-3	GO:0005634	GO:0005634	nucleus
pbo-1	GO:0005634;GO:0005737;GO:0005886;GO:0016020	GO:0005634;GO:0005737;GO:0005886;GO:0016020	cytoplasm;membrane;nucleus;plasma membrane
pbo-4	GO:0005886;GO:0016020;GO:0016323	GO:0005886;GO:0016020	membrane;plasma membrane
pbrm-1	GO:0005634;GO:0005694;GO:0016514;GO:0016586	GO:0005634;GO:0005694;GO:0032991	chromosome;nucleus;protein-containing complex
pbs-1	GO:0000502;GO:0005839;GO:0019774;GO:0005634;GO:0005737;GO:0005829	GO:0005634;GO:0005737;GO:0005829;GO:0032991	cytoplasm;cytosol;nucleus;protein-containing complex
pbs-2	GO:0000502;GO:0005839;GO:0019774;GO:0005634;GO:0005737;GO:0005829	GO:0005634;GO:0005737;GO:0005829;GO:0032991	cytoplasm;cytosol;nucleus;protein-containing complex
pbs-3	GO:0000502;GO:0005839;GO:0019774;GO:0005634;GO:0005737;GO:0005829	GO:0005634;GO:0005737;GO:0005829;GO:0032991	cytoplasm;cytosol;nucleus;protein-containing complex
pbs-5	GO:0000502;GO:0005839;GO:0019774;GO:0005634;GO:0005737;GO:0005829	GO:0005634;GO:0005737;GO:0005829;GO:0032991	cytoplasm;cytosol;nucleus;protein-containing complex
pbs-6	GO:0000502;GO:0005839;GO:0019774;GO:0005634;GO:0005737;GO:0005829	GO:0005634;GO:0005737;GO:0005829;GO:0032991	cytoplasm;cytosol;nucleus;protein-containing complex
pbs-7	GO:0000502;GO:0005839;GO:0019774;GO:0005634;GO:0005737;GO:0005829	GO:0005634;GO:0005737;GO:0005829;GO:0032991	cytoplasm;cytosol;nucleus;protein-containing complex
pcaf-1	GO:0005634;GO:0005813;GO:0005856;GO:0140672	GO:0005634;GO:0005815;GO:0005856;GO:0032991	cytoskeleton;microtubule organizing center;nucleus;protein-containing complex
pcbd-1			
pcca-1	GO:0005739;GO:0005759	GO:0005739	mitochondrion
pccb-1	GO:0005739	GO:0005739	mitochondrion
pcdr-1	GO:0005886;GO:0016020	GO:0005886;GO:0016020	membrane;plasma membrane
pch-2	GO:0000776;GO:0005634;GO:0005694	GO:0005634;GO:0005694;GO:0043226	chromosome;nucleus;organelle
pck-1	GO:0005829;GO:0055120	GO:0005829	cytosol
pck-2	GO:0005739;GO:0005829	GO:0005739;GO:0005829	cytosol;mitochondrion
pcm-1	GO:0005737;GO:0005829;GO:0030424;GO:0043025	GO:0005737;GO:0005829;GO:0043005	cytoplasm;cytosol;neuron projection
pcn-1	GO:0005634;GO:0043626	GO:0005634;GO:0032991	nucleus;protein-containing complex
pcp-1			
pcp-5			
pcyt-1			
pcyt-2.1	GO:0005737	GO:0005737	cytoplasm
pcyt-2.2	GO:0005737	GO:0005737	cytoplasm
pdcd-2	GO:0005737	GO:0005737	cytoplasm
pde-1			
pde-2	GO:0005634;GO:0005741;GO:0005743;GO:0097060;GO:0005759;GO:0048471;GO:0005829	GO:0005634;GO:0005829;GO:0016020	cytosol;membrane;nucleus
pde-3			
pde-4	GO:0016020;GO:0045202	GO:0016020;GO:0045202	membrane;synapse
pde-5			
pde-6			
pdfr-1	GO:0005886;GO:0016020	GO:0005886;GO:0016020	membrane;plasma membrane
pdha-1	GO:0005739;GO:0005759;GO:0043231	GO:0005739;GO:0043226	mitochondrion;organelle
pdhb-1	GO:0005739;GO:0005759;GO:0045254	GO:0005739;GO:0032991	mitochondrion;protein-containing complex
pdhk-2	GO:0005737;GO:0005739;GO:0005759;GO:0048471	GO:0005737;GO:0005739	cytoplasm;mitochondrion
pdi-1	GO:0005783;GO:0005788	GO:0005783	endoplasmic reticulum
pdi-2	GO:0005783;GO:0005788;GO:0016222	GO:0005783;GO:0032991	endoplasmic reticulum;protein-containing complex
pdi-3	GO:0005783;GO:0005788	GO:0005783	endoplasmic reticulum
pdk-1	GO:0005634;GO:0005737;GO:0030424;GO:0043025	GO:0005634;GO:0005737;GO:0043005	cytoplasm;neuron projection;nucleus
pdl-1	GO:0005737	GO:0005737	cytoplasm
pdp-1	GO:0005739	GO:0005739	mitochondrion
pdr-1	GO:0000151;GO:0005737;GO:0005739;GO:0005741;GO:0005783;GO:0005794;GO:0005829;GO:0043025	GO:0005737;GO:0005739;GO:0005783;GO:0005794;GO:0005829;GO:0016020;GO:0032991	Golgi apparatus;cytoplasm;cytosol;endoplasmic reticulum;membrane;mitochondrion;protein-containing complex
pdxk-1	GO:0005829	GO:0005829	cytosol
pdzd-8	GO:0005739;GO:0016020;GO:0044233	GO:0005739;GO:0016020	membrane;mitochondrion
pek-1	GO:0005634;GO:0005737;GO:0005783;GO:0005789;GO:0016020	GO:0005634;GO:0005737;GO:0005783;GO:0016020	cytoplasm;endoplasmic reticulum;membrane;nucleus
peli-1			
pen-2	GO:0000139;GO:0005789;GO:0016020;GO:0005783;GO:0005794;GO:0070765	GO:0005783;GO:0005794;GO:0016020;GO:0032991	Golgi apparatus;endoplasmic reticulum;membrane;protein-containing complex
pept-1	GO:0005886;GO:0016020;GO:0016324	GO:0005886;GO:0016020	membrane;plasma membrane
pes-1	GO:0005634;GO:0005737	GO:0005634;GO:0005737	cytoplasm;nucleus
pes-7	GO:0005938	GO:0005737	cytoplasm
pezo-1	GO:0005886;GO:0016020	GO:0005886;GO:0016020	membrane;plasma membrane
pfas-1	GO:0005737	GO:0005737	cytoplasm
pfd-3	GO:0005737;GO:0016272	GO:0005737;GO:0032991	cytoplasm;protein-containing complex
pfk-1.1	GO:0005737;GO:0005945	GO:0005737;GO:0032991	cytoplasm;protein-containing complex
pfk-1.2	GO:0005737;GO:0005945	GO:0005737;GO:0032991	cytoplasm;protein-containing complex
pfkb-1.1	GO:0005829	GO:0005829	cytosol
pfkb-1.2	GO:0005829	GO:0005829	cytosol
pfn-1	GO:0005737;GO:0005938;GO:0005856	GO:0005737;GO:0005856	cytoplasm;cytoskeleton
pfn-2	GO:0005737;GO:0005938;GO:0005856	GO:0005737;GO:0005856	cytoplasm;cytoskeleton
pfn-3	GO:0005737;GO:0005938;GO:0005856;GO:0055120	GO:0005737;GO:0005856	cytoplasm;cytoskeleton
pfs-2	GO:0005634;GO:0005847;GO:0016607	GO:0005634;GO:0032991;GO:0043226	nucleus;organelle;protein-containing complex
pfut-1	GO:0005783	GO:0005783	endoplasmic reticulum
pgal-1	GO:0005576;GO:0016020	GO:0005576;GO:0016020	extracellular region;membrane
pgap-1	GO:0005783;GO:0005789;GO:0016020	GO:0005783;GO:0016020	endoplasmic reticulum;membrane
pgap-2	GO:0000139;GO:0005789;GO:0016020;GO:0005783;GO:0005794	GO:0005783;GO:0005794;GO:0016020	Golgi apparatus;endoplasmic reticulum;membrane
pgap-3	GO:0000139;GO:0005789;GO:0016020;GO:0005794;GO:0012505	GO:0005794;GO:0016020	Golgi apparatus;membrane
pghm-1	GO:0005576;GO:0016020	GO:0005576;GO:0016020	extracellular region;membrane
pgk-1	GO:0005737;GO:0005829	GO:0005737;GO:0005829	cytoplasm;cytosol
pgm-1	GO:0005829	GO:0005829	cytosol
pgm-3			
pgp-1	GO:0016020;GO:0016324	GO:0016020	membrane
pgp-11	GO:0016020	GO:0016020	membrane
pgp-12	GO:0005886;GO:0016020	GO:0005886;GO:0016020	membrane;plasma membrane
pgp-13	GO:0005886;GO:0016020	GO:0005886;GO:0016020	membrane;plasma membrane
pgp-14	GO:0005886;GO:0016020;GO:0016324	GO:0005886;GO:0016020	membrane;plasma membrane
pgp-2	GO:0016020;GO:0044841	GO:0016020	membrane
pgp-3	GO:0005886;GO:0016020;GO:0016324	GO:0005886;GO:0016020	membrane;plasma membrane
pgp-4	GO:0005886;GO:0016020	GO:0005886;GO:0016020	membrane;plasma membrane
pgp-5	GO:0005886;GO:0016020	GO:0005886;GO:0016020	membrane;plasma membrane
pgp-6	GO:0005886;GO:0016020	GO:0005886;GO:0016020	membrane;plasma membrane
pgp-7	GO:0016020	GO:0016020	membrane
pgp-8	GO:0016020	GO:0016020	membrane
pgp-9	GO:0005886;GO:0016020	GO:0005886;GO:0016020	membrane;plasma membrane
pgrn-1	GO:0005576	GO:0005576	extracellular region
pha-2	GO:0005634	GO:0005634	nucleus
pha-4	GO:0005634	GO:0005634	nucleus
phac-1			
phb-1	GO:0005739;GO:0005743;GO:0016020;GO:0031966;GO:0035632	GO:0005739;GO:0016020;GO:0032991	membrane;mitochondrion;protein-containing complex
phdh-1			
phf-10	GO:0005634;GO:0016514	GO:0005634;GO:0032991	nucleus;protein-containing complex
phka-1	GO:0005886;GO:0005964;GO:0016020	GO:0005886;GO:0016020;GO:0032991	membrane;plasma membrane;protein-containing complex
phkb-1	GO:0005886;GO:0005964;GO:0016020	GO:0005886;GO:0016020;GO:0032991	membrane;plasma membrane;protein-containing complex
phkg-1	GO:0005737;GO:0005964	GO:0005737;GO:0032991	cytoplasm;protein-containing complex
phlp-2			
pho-1	GO:0016020;GO:0045121;GO:0098552	GO:0016020	membrane
pho-11			
pho-12			
pho-5			
pho-6			
pho-7			
pho-8			
pho-9			
php-3	GO:0005634	GO:0005634	nucleus
phy-2	GO:0005783;GO:0005788	GO:0005783	endoplasmic reticulum
phyh-1	GO:0005777	GO:0005777	peroxisome
picc-1	GO:0005912;GO:0070161	GO:0030054	cell junction
picd-1	GO:0005634	GO:0005634	nucleus
pid-5	GO:0000932;GO:0005737;GO:0048471	GO:0005737;GO:0043226	cytoplasm;organelle
pif-1	GO:0005634;GO:0005739	GO:0005634;GO:0005739	mitochondrion;nucleus
pifk-1A	GO:0005737;GO:0005886	GO:0005737;GO:0005886	cytoplasm;plasma membrane
pifk-1B	GO:0005737;GO:0005741;GO:0016020;GO:0030867	GO:0005737;GO:0016020	cytoplasm;membrane
piga-1	GO:0000506;GO:0016020	GO:0016020;GO:0032991	membrane;protein-containing complex
pigb-1	GO:0005783;GO:0005789;GO:0016020	GO:0005783;GO:0016020	endoplasmic reticulum;membrane
pigc-1	GO:0000506;GO:0005634;GO:0016020	GO:0005634;GO:0016020;GO:0032991	membrane;nucleus;protein-containing complex
pigl-1	GO:0005783;GO:0016020	GO:0005783;GO:0016020	endoplasmic reticulum;membrane
pign-1	GO:0005783;GO:0005789;GO:0016020	GO:0005783;GO:0016020	endoplasmic reticulum;membrane
pigo-1	GO:0005783;GO:0005789;GO:0016020	GO:0005783;GO:0016020	endoplasmic reticulum;membrane
pigq-1	GO:0005783;GO:0016020	GO:0005783;GO:0016020	endoplasmic reticulum;membrane
pigs-1	GO:0005783;GO:0005789;GO:0016020;GO:0042765	GO:0005783;GO:0016020;GO:0032991	endoplasmic reticulum;membrane;protein-containing complex
pigt-1	GO:0016020;GO:0042765	GO:0016020;GO:0032991	membrane;protein-containing complex
pigv-1	GO:0005783;GO:0005789;GO:0016020;GO:0031501	GO:0005783;GO:0016020;GO:0032991	endoplasmic reticulum;membrane;protein-containing complex
pigw-1	GO:0005783;GO:0005789;GO:0016020	GO:0005783;GO:0016020	endoplasmic reticulum;membrane
piit-1			
pik-1	GO:0005634;GO:0005737;GO:0005886	GO:0005634;GO:0005737;GO:0005886	cytoplasm;nucleus;plasma membrane
piki-1	GO:0001891;GO:0005737;GO:0005886;GO:0016020;GO:0030670;GO:0031143;GO:0042995;GO:0031410;GO:0032009	GO:0005737;GO:0005886;GO:0016020;GO:0031410;GO:0042995	cell projection;cytoplasm;cytoplasmic vesicle;membrane;plasma membrane
pink-1	GO:0005737;GO:0005739	GO:0005737;GO:0005739	cytoplasm;mitochondrion
pinn-1	GO:0005634;GO:0005829	GO:0005634;GO:0005829	cytosol;nucleus
pis-1	GO:0005634;GO:0044666	GO:0005634;GO:0032991	nucleus;protein-containing complex
pisy-1	GO:0005794;GO:0016020	GO:0005794;GO:0016020	Golgi apparatus;membrane
pitp-1	GO:0005737;GO:0012505;GO:0035869;GO:0045202	GO:0005737;GO:0045202	cytoplasm;synapse
pitr-1	GO:0016020	GO:0016020	membrane
pitr-2	GO:0016020	GO:0016020	membrane
pitr-3	GO:0016020	GO:0016020	membrane
pitr-4	GO:0016020	GO:0016020	membrane
pitr-5	GO:0016020	GO:0016020	membrane
pitr-6	GO:0016020	GO:0016020	membrane
pix-1	GO:0005737;GO:0005912;GO:0030056;GO:0071944	GO:0005737;GO:0030054	cell junction;cytoplasm
pkc-1	GO:0005737;GO:0005856;GO:0016020;GO:0043005;GO:0098793;GO:0098981	GO:0005737;GO:0005856;GO:0016020;GO:0043005;GO:0045202	cytoplasm;cytoskeleton;membrane;neuron projection;synapse
pkc-2	GO:0005829;GO:0016020;GO:0043005;GO:0043025	GO:0005829;GO:0016020;GO:0043005	cytosol;membrane;neuron projection
pkc-3	GO:0005737;GO:0005938;GO:0005829;GO:0005856;GO:0030864;GO:0005886;GO:0016020;GO:0016324	GO:0005737;GO:0005829;GO:0005856;GO:0005886;GO:0016020	cytoplasm;cytoskeleton;cytosol;membrane;plasma membrane
pkd-2	GO:0005783;GO:0005789;GO:0016020;GO:0031090;GO:0060170;GO:0005886;GO:0005929;GO:0097730;GO:0030424;GO:0030425;GO:0071683;GO:0042995;GO:0043025;GO:0043204;GO:0048471	GO:0005783;GO:0005886;GO:0005929;GO:0016020;GO:0042995;GO:0043005	cell projection;cilium;endoplasmic reticulum;membrane;neuron projection;plasma membrane
pkg-2			
plag-15			
plc-1			
plc-3	GO:0032587	GO:0016020	membrane
plc-4	GO:0005737;GO:0005886	GO:0005737;GO:0005886	cytoplasm;plasma membrane
pld-1	GO:0005886;GO:0031410	GO:0005886;GO:0031410	cytoplasmic vesicle;plasma membrane
plk-1	GO:0000775;GO:0000922;GO:0030496;GO:0051233;GO:0000776;GO:0000793;GO:0005694;GO:0005634;GO:0005737;GO:0005813;GO:0005856	GO:0005634;GO:0005694;GO:0005737;GO:0005815;GO:0005856;GO:0043226	chromosome;cytoplasm;cytoskeleton;microtubule organizing center;nucleus;organelle
plk-2	GO:0000775;GO:0000922;GO:0000776;GO:0005634;GO:0005694;GO:0005737;GO:0005813;GO:0005856	GO:0005634;GO:0005694;GO:0005737;GO:0005815;GO:0005856;GO:0043226	chromosome;cytoplasm;cytoskeleton;microtubule organizing center;nucleus;organelle
plk-3	GO:0000776;GO:0000922;GO:0005634;GO:0005737;GO:0005813	GO:0005634;GO:0005737;GO:0005815;GO:0043226	cytoplasm;microtubule organizing center;nucleus;organelle
plp-1	GO:0005634;GO:0005694;GO:0043186	GO:0005634;GO:0005694;GO:0043226	chromosome;nucleus;organelle
plp-2	GO:0005634	GO:0005634	nucleus
plr-1	GO:0005768;GO:0005769;GO:0005770;GO:0005794;GO:0005886;GO:0016020;GO:0030424;GO:0042995;GO:0043204	GO:0005768;GO:0005794;GO:0005886;GO:0016020;GO:0042995;GO:0043005	Golgi apparatus;cell projection;endosome;membrane;neuron projection;plasma membrane
plst-1			
plx-1	GO:0002116;GO:0005886;GO:0016020;GO:0032587	GO:0005886;GO:0016020;GO:0032991	membrane;plasma membrane;protein-containing complex
plx-2	GO:0002116;GO:0005886;GO:0009986;GO:0031252;GO:0016020	GO:0005886;GO:0016020;GO:0032991	membrane;plasma membrane;protein-containing complex
pmk-1	GO:0005634;GO:0005737;GO:0005829	GO:0005634;GO:0005737;GO:0005829	cytoplasm;cytosol;nucleus
pmk-2	GO:0005634;GO:0005737	GO:0005634;GO:0005737	cytoplasm;nucleus
pmp-1	GO:0005777;GO:0005778;GO:0016020	GO:0005777;GO:0016020;GO:0043226	membrane;organelle;peroxisome
pmp-2	GO:0005777;GO:0005778;GO:0016020	GO:0005777;GO:0016020;GO:0043226	membrane;organelle;peroxisome
pmp-4	GO:0005777;GO:0005778;GO:0016020	GO:0005777;GO:0016020;GO:0043226	membrane;organelle;peroxisome
pmr-1	GO:0000139;GO:0016020;GO:0016323;GO:0031090;GO:0033017;GO:0005737;GO:0005783;GO:0016529;GO:0005794;GO:0005886;GO:0012505	GO:0005737;GO:0005783;GO:0005794;GO:0005886;GO:0016020	Golgi apparatus;cytoplasm;endoplasmic reticulum;membrane;plasma membrane
pms-2	GO:0032300;GO:0032389	GO:0032991	protein-containing complex
pmt-1	GO:0005829	GO:0005829	cytosol
png-1	GO:0005634;GO:0005737;GO:0005783;GO:0005829	GO:0005634;GO:0005737;GO:0005783;GO:0005829	cytoplasm;cytosol;endoplasmic reticulum;nucleus
pnk-1	GO:0005634;GO:0005737;GO:0005829	GO:0005634;GO:0005737;GO:0005829	cytoplasm;cytosol;nucleus
pnk-4	GO:0005634;GO:0005829	GO:0005634;GO:0005829	cytosol;nucleus
pnp-1	GO:0005737	GO:0005737	cytoplasm
pnpt-1	GO:0005739;GO:0005829	GO:0005739;GO:0005829	cytosol;mitochondrion
pod-1	GO:0005737;GO:0005938;GO:0051285;GO:0032154	GO:0005737;GO:0016020	cytoplasm;membrane
pod-2	GO:0005739;GO:0005789	GO:0005739;GO:0016020	membrane;mitochondrion
pola-1	GO:0005634;GO:0005658	GO:0005634;GO:0032991	nucleus;protein-containing complex
pold-1	GO:0005634;GO:0043625	GO:0005634;GO:0032991	nucleus;protein-containing complex
pold-2	GO:0005634;GO:0043625	GO:0005634;GO:0032991	nucleus;protein-containing complex
pole-1	GO:0005634;GO:0008622	GO:0005634;GO:0032991	nucleus;protein-containing complex
polg-1	GO:0005739;GO:0005760;GO:0042575	GO:0005739;GO:0032991	mitochondrion;protein-containing complex
polh-1	GO:0005634;GO:0005657;GO:0035861	GO:0005634	nucleus
poml-1	GO:0005791;GO:0016020	GO:0005783;GO:0016020	endoplasmic reticulum;membrane
poml-2	GO:0016020	GO:0016020	membrane
poml-3			
poml-4			
pop-1	GO:0000785;GO:0005634;GO:0005737;GO:1990907	GO:0005634;GO:0005737;GO:0032991	cytoplasm;nucleus;protein-containing complex
popl-1	GO:0000172;GO:0005655;GO:0005634;GO:0005730	GO:0005634;GO:0005730;GO:0032991	nucleolus;nucleus;protein-containing complex
pos-1	GO:0005737;GO:0005829;GO:0043186	GO:0005737;GO:0005829;GO:0043226	cytoplasm;cytosol;organelle
ppat-1			
ppcd-1	GO:0071513	GO:0032991	protein-containing complex
ppfr-4	GO:0005829	GO:0005829	cytosol
ppgn-1	GO:0005739;GO:0005745;GO:0016020	GO:0005739;GO:0016020;GO:0032991	membrane;mitochondrion;protein-containing complex
pph-4.1	GO:0005634;GO:0005737;GO:0005813;GO:0005856	GO:0005634;GO:0005737;GO:0005815;GO:0005856	cytoplasm;cytoskeleton;microtubule organizing center;nucleus
pph-4.2	GO:0005634;GO:0005737	GO:0005634;GO:0005737	cytoplasm;nucleus
ppk-1	GO:0005886	GO:0005886	plasma membrane
ppk-2	GO:0005737;GO:0005886	GO:0005737;GO:0005886	cytoplasm;plasma membrane
ppm-1.D			
ppm-1.G			
pps-1	GO:0005634	GO:0005634	nucleus
ppt-1	GO:0005576;GO:0005764	GO:0005576;GO:0005764	extracellular region;lysosome
pptr-1	GO:0000159;GO:0005634;GO:0005737;GO:0005829	GO:0005634;GO:0005737;GO:0005829;GO:0032991	cytoplasm;cytosol;nucleus;protein-containing complex
pptr-2	GO:0000159;GO:1902494;GO:0000775;GO:0005634;GO:0005737;GO:0005829	GO:0005634;GO:0005737;GO:0005829;GO:0032991	cytoplasm;cytosol;nucleus;protein-containing complex
pqbp-1.1	GO:0005737;GO:0016604	GO:0005737;GO:0043226	cytoplasm;organelle
pqn-15	GO:0000785;GO:0005634	GO:0005634	nucleus
praf-3	GO:0016020	GO:0016020	membrane
prcc-1	GO:0005634	GO:0005634	nucleus
prdh-1	GO:0005739;GO:0005759	GO:0005739	mitochondrion
prdx-2	GO:0005737;GO:0005829	GO:0005737;GO:0005829	cytoplasm;cytosol
prdx-3	GO:0005739;GO:0005829	GO:0005739;GO:0005829	cytosol;mitochondrion
prg-1	GO:0005634;GO:0005737;GO:0043186	GO:0005634;GO:0005737;GO:0043226	cytoplasm;nucleus;organelle
prkl-1			
prmn-1	GO:0016020	GO:0016020	membrane
prmt-1	GO:0005634;GO:0005737;GO:0005783	GO:0005634;GO:0005737;GO:0005783	cytoplasm;endoplasmic reticulum;nucleus
prmt-5	GO:0005634;GO:0005829;GO:0017053	GO:0005634;GO:0005829;GO:0032991	cytosol;nucleus;protein-containing complex
pro-1	GO:0005634;GO:0005654;GO:0005656;GO:0120330;GO:0005730	GO:0005634;GO:0005654;GO:0005730;GO:0032991	nucleolus;nucleoplasm;nucleus;protein-containing complex
pros-1	GO:0005634	GO:0005634	nucleus
prp-17	GO:0005634;GO:0005681;GO:0071013	GO:0005634;GO:0032991	nucleus;protein-containing complex
prp-19	GO:0000974;GO:0005681;GO:0071006;GO:0005634;GO:0005654;GO:0005737	GO:0005634;GO:0005654;GO:0005737;GO:0032991	cytoplasm;nucleoplasm;nucleus;protein-containing complex
prp-3	GO:0005634;GO:0046540;GO:1990904	GO:0005634;GO:0032991	nucleus;protein-containing complex
prp-31	GO:0005634;GO:0005681;GO:0005687;GO:0046540;GO:0071011;GO:0097526;GO:1990904	GO:0005634;GO:0032991	nucleus;protein-containing complex
prp-4	GO:0046540	GO:0032991	protein-containing complex
prp-6	GO:0005634;GO:0046540;GO:0071013;GO:1990904	GO:0005634;GO:0032991	nucleus;protein-containing complex
prp-8	GO:0000974;GO:0005681;GO:0005682;GO:0071013;GO:1990904;GO:0005634	GO:0005634;GO:0032991	nucleus;protein-containing complex
prps-1	GO:0002189;GO:0005737	GO:0005737;GO:0032991	cytoplasm;protein-containing complex
prx-1	GO:0005737;GO:0005777;GO:0005778;GO:0005829;GO:0016020	GO:0005737;GO:0005777;GO:0005829;GO:0016020;GO:0043226	cytoplasm;cytosol;membrane;organelle;peroxisome
prx-10	GO:0005739;GO:0005759;GO:0005777;GO:0005778;GO:0016020	GO:0005739;GO:0005777;GO:0016020;GO:0043226	membrane;mitochondrion;organelle;peroxisome
prx-12	GO:0005777;GO:0005778;GO:0016020;GO:1990429	GO:0005777;GO:0016020;GO:0032991;GO:0043226	membrane;organelle;peroxisome;protein-containing complex
prx-13	GO:0005777;GO:0005778;GO:0016020;GO:1990429	GO:0005777;GO:0016020;GO:0032991;GO:0043226	membrane;organelle;peroxisome;protein-containing complex
prx-14	GO:0005777;GO:0005778;GO:0016020	GO:0005777;GO:0016020;GO:0043226	membrane;organelle;peroxisome
prx-19	GO:0005777;GO:0005778	GO:0005777;GO:0043226	organelle;peroxisome
prx-2	GO:0005777;GO:0005778;GO:0016020	GO:0005777;GO:0016020;GO:0043226	membrane;organelle;peroxisome
prx-3	GO:0005778	GO:0043226	organelle
prx-5	GO:0005778;GO:0005829	GO:0005829;GO:0043226	cytosol;organelle
prx-6	GO:0005778;GO:0005829;GO:0016020	GO:0005829;GO:0016020;GO:0043226	cytosol;membrane;organelle
psd-1	GO:0005739;GO:0005743;GO:0016020;GO:0005811	GO:0005739;GO:0005811;GO:0016020	lipid droplet;membrane;mitochondrion
psf-1	GO:0000811;GO:0005634	GO:0005634;GO:0032991	nucleus;protein-containing complex
psf-3	GO:0000811;GO:0005634	GO:0005634;GO:0032991	nucleus;protein-containing complex
psme-4	GO:0000502;GO:0005634;GO:0005737;GO:0005829;GO:0016607	GO:0005634;GO:0005737;GO:0005829;GO:0032991;GO:0043226	cytoplasm;cytosol;nucleus;organelle;protein-containing complex
pssy-1	GO:0005783;GO:0005789;GO:0016020	GO:0005783;GO:0016020	endoplasmic reticulum;membrane
pssy-2	GO:0005783;GO:0005789;GO:0016020	GO:0005783;GO:0016020	endoplasmic reticulum;membrane
pst-1	GO:0000139;GO:0005789;GO:0016020;GO:0032580;GO:0005794;GO:0012505	GO:0005794;GO:0016020	Golgi apparatus;membrane
ptc-1	GO:0005886;GO:0016020	GO:0005886;GO:0016020	membrane;plasma membrane
ptc-3	GO:0005886;GO:0005912;GO:0070161;GO:0016020;GO:0016324;GO:0031410	GO:0005886;GO:0016020;GO:0030054;GO:0031410	cell junction;cytoplasmic vesicle;membrane;plasma membrane
ptl-1	GO:0005737;GO:0005856;GO:0005874;GO:0030424;GO:0043005	GO:0005737;GO:0005856;GO:0043005	cytoplasm;cytoskeleton;neuron projection
ptp-2	GO:0005737;GO:0031410	GO:0005737;GO:0031410	cytoplasm;cytoplasmic vesicle
ptp-3	GO:0005886;GO:0005912;GO:0070161;GO:0016020;GO:0045202	GO:0005886;GO:0016020;GO:0030054;GO:0045202	cell junction;membrane;plasma membrane;synapse
ptpn-22			
ptps-1	GO:0005739	GO:0005739	mitochondrion
ptr-11	GO:0005886;GO:0016020;GO:0030659	GO:0005886;GO:0016020	membrane;plasma membrane
ptr-12	GO:0005886;GO:0016020;GO:0030659	GO:0005886;GO:0016020	membrane;plasma membrane
ptr-13	GO:0005886;GO:0016020;GO:0030659	GO:0005886;GO:0016020	membrane;plasma membrane
ptr-14	GO:0005886;GO:0016020;GO:0030659	GO:0005886;GO:0016020	membrane;plasma membrane
ptr-15	GO:0005886;GO:0016020;GO:0030659	GO:0005886;GO:0016020	membrane;plasma membrane
ptr-16	GO:0005886;GO:0016020;GO:0030659	GO:0005886;GO:0016020	membrane;plasma membrane
ptr-17	GO:0005886;GO:0016020;GO:0030659	GO:0005886;GO:0016020	membrane;plasma membrane
ptr-18	GO:0005886;GO:0016020;GO:0016324;GO:0030659	GO:0005886;GO:0016020	membrane;plasma membrane
ptr-20	GO:0005886;GO:0016020;GO:0030659	GO:0005886;GO:0016020	membrane;plasma membrane
ptr-21	GO:0005886;GO:0016020;GO:0030659	GO:0005886;GO:0016020	membrane;plasma membrane
ptr-22	GO:0005886;GO:0016020;GO:0030659	GO:0005886;GO:0016020	membrane;plasma membrane
ptr-3	GO:0005886;GO:0016020;GO:0030659	GO:0005886;GO:0016020	membrane;plasma membrane
ptr-4	GO:0005886;GO:0016020;GO:0030659	GO:0005886;GO:0016020	membrane;plasma membrane
ptr-5	GO:0005886;GO:0016020;GO:0030659	GO:0005886;GO:0016020	membrane;plasma membrane
ptr-8	GO:0005886;GO:0016020;GO:0030659	GO:0005886;GO:0016020	membrane;plasma membrane
ptrn-1	GO:0005737;GO:0005829;GO:0005856;GO:0005874;GO:0036449;GO:0043204;GO:0005886;GO:0042383;GO:0016020;GO:0030424;GO:0030425;GO:0042995	GO:0005737;GO:0005829;GO:0005856;GO:0005886;GO:0016020;GO:0042995;GO:0043005	cell projection;cytoplasm;cytoskeleton;cytosol;membrane;neuron projection;plasma membrane
puf-8	GO:0005634;GO:0005737;GO:0034399;GO:0043186	GO:0005634;GO:0005737;GO:0043226	cytoplasm;nucleus;organelle
puf-9	GO:0005634;GO:0005737	GO:0005634;GO:0005737	cytoplasm;nucleus
pup-2			
pus-1	GO:0005634	GO:0005634	nucleus
pvf-1	GO:0005615;GO:0016020	GO:0016020	membrane
pxf-1	GO:0005886;GO:0016324;GO:0060102	GO:0005886;GO:0016020;GO:0031012	extracellular matrix;membrane;plasma membrane
pxn-1	GO:0005576;GO:0005604;GO:0031012;GO:0005615	GO:0005576;GO:0031012	extracellular matrix;extracellular region
pxn-2	GO:0005576;GO:0005604;GO:0005615	GO:0005576;GO:0031012	extracellular matrix;extracellular region
pyc-1	GO:0005737;GO:0005739	GO:0005737;GO:0005739	cytoplasm;mitochondrion
pycr-1	GO:0005737	GO:0005737	cytoplasm
pygl-1	GO:0005737	GO:0005737	cytoplasm
pygo-1	GO:0005634	GO:0005634	nucleus
pyk-1	GO:0005737	GO:0005737	cytoplasm
pyk-2	GO:0005737;GO:0005783;GO:0030017;GO:0055120	GO:0005737;GO:0005783	cytoplasm;endoplasmic reticulum
pyp-1	GO:0005737;GO:0005773;GO:0043005	GO:0005737;GO:0005773;GO:0043005	cytoplasm;neuron projection;vacuole
pyr-1	GO:0005737;GO:0005829	GO:0005737;GO:0005829	cytoplasm;cytosol
qars-1	GO:0005737;GO:0005829;GO:0017101	GO:0005737;GO:0005829;GO:0032991	cytoplasm;cytosol;protein-containing complex
qdpr-1	GO:0005737	GO:0005737	cytoplasm
qns-1	GO:0005737	GO:0005737	cytoplasm
qua-1	GO:0005576;GO:0031012;GO:0060102;GO:0031410	GO:0005576;GO:0031012;GO:0031410	cytoplasmic vesicle;extracellular matrix;extracellular region
qui-1	GO:0005634;GO:0005737;GO:0005829;GO:0030424;GO:0030425;GO:0042995;GO:0043025;GO:0043204	GO:0005634;GO:0005737;GO:0005829;GO:0042995;GO:0043005	cell projection;cytoplasm;cytosol;neuron projection;nucleus
rab-1	GO:0012505		
rab-10	GO:0000139;GO:0010008;GO:0016020;GO:0031901;GO:0031902;GO:0055038;GO:0005737;GO:0005768;GO:0005769;GO:0055037;GO:0005794;GO:0005797;GO:0043025;GO:0098793;GO:0030424;GO:0031045;GO:0099503;GO:0098981	GO:0005737;GO:0005768;GO:0005794;GO:0016020;GO:0031410;GO:0043005;GO:0045202	Golgi apparatus;cytoplasm;cytoplasmic vesicle;endosome;membrane;neuron projection;synapse
rab-11.1	GO:0000139;GO:0016020;GO:0016324;GO:0055038;GO:1990676;GO:0005737;GO:0005768;GO:0055037;GO:0005794;GO:0005813;GO:0005819;GO:0005829;GO:0005856;GO:0005886;GO:0012505;GO:0030133;GO:0031410;GO:0060473	GO:0005737;GO:0005768;GO:0005794;GO:0005815;GO:0005829;GO:0005856;GO:0005886;GO:0016020;GO:0031410;GO:0043226	Golgi apparatus;cytoplasm;cytoplasmic vesicle;cytoskeleton;cytosol;endosome;membrane;microtubule organizing center;organelle;plasma membrane
rab-11.2	GO:0005794;GO:0012505;GO:0016020;GO:0031260;GO:0055037	GO:0005768;GO:0005794;GO:0016020	Golgi apparatus;endosome;membrane
rab-18	GO:0005794;GO:0012505	GO:0005794	Golgi apparatus
rab-28	GO:0005737;GO:0005856;GO:0005886;GO:0005929;GO:0005930;GO:0012505;GO:0035869;GO:0043025;GO:0043204;GO:0097546;GO:0016020;GO:0060170;GO:1990075;GO:0042995	GO:0005737;GO:0005856;GO:0005886;GO:0005929;GO:0016020;GO:0042995	cell projection;cilium;cytoplasm;cytoskeleton;membrane;plasma membrane
rab-3	GO:0005768;GO:0005886;GO:0008021;GO:0016020;GO:0043005	GO:0005768;GO:0005886;GO:0016020;GO:0031410;GO:0043005	cytoplasmic vesicle;endosome;membrane;neuron projection;plasma membrane
rab-33	GO:0005768;GO:0005794;GO:0005886;GO:0016020	GO:0005768;GO:0005794;GO:0005886;GO:0016020	Golgi apparatus;endosome;membrane;plasma membrane
rab-39	GO:0005794;GO:0005886;GO:0016020;GO:0030659;GO:0031410	GO:0005794;GO:0005886;GO:0016020;GO:0031410	Golgi apparatus;cytoplasmic vesicle;membrane;plasma membrane
rab-5	GO:0005768;GO:0005769;GO:0005886;GO:0005938;GO:0012505;GO:0098793;GO:0030139;GO:0031410;GO:0045335;GO:0031901;GO:1990075;GO:0098981	GO:0005737;GO:0005768;GO:0005886;GO:0016020;GO:0031410;GO:0045202	cytoplasm;cytoplasmic vesicle;endosome;membrane;plasma membrane;synapse
rab-6.1	GO:0005737;GO:0005794;GO:0005829;GO:0005886;GO:0012505;GO:0031985;GO:0043204;GO:0016020;GO:0030133;GO:0031410;GO:0060473;GO:0030425;GO:0042995	GO:0005737;GO:0005794;GO:0005829;GO:0005886;GO:0016020;GO:0031410;GO:0042995;GO:0043005	Golgi apparatus;cell projection;cytoplasm;cytoplasmic vesicle;cytosol;membrane;neuron projection;plasma membrane
rab-6.2	GO:0000138;GO:0012505;GO:0031985;GO:0043204;GO:0005794;GO:0005829;GO:0030425;GO:0031410;GO:0042995	GO:0005794;GO:0005829;GO:0031410;GO:0042995;GO:0043005	Golgi apparatus;cell projection;cytoplasmic vesicle;cytosol;neuron projection
rab-7	GO:0005764;GO:0005765;GO:0030670;GO:0031090;GO:0031902;GO:0005770;GO:0045335	GO:0005764;GO:0005768;GO:0016020;GO:0031410	cytoplasmic vesicle;endosome;lysosome;membrane
rab-8	GO:0005737;GO:0045179;GO:0005768;GO:0005886;GO:0008021;GO:0030133;GO:0030140;GO:0010008;GO:0016020;GO:0016324;GO:0055038;GO:0012505	GO:0005737;GO:0005768;GO:0005886;GO:0016020;GO:0031410	cytoplasm;cytoplasmic vesicle;endosome;membrane;plasma membrane
rabn-5			
rabs-5			
rac-2	GO:0005856;GO:0005886;GO:0016020;GO:0030424;GO:0031410;GO:0042995	GO:0005856;GO:0005886;GO:0016020;GO:0031410;GO:0042995;GO:0043005	cell projection;cytoplasmic vesicle;cytoskeleton;membrane;neuron projection;plasma membrane
rack-1	GO:0000776;GO:0005634;GO:0005635;GO:0005737;GO:0005813;GO:0005829;GO:0005840;GO:0030424;GO:0030426;GO:0044297;GO:1990904	GO:0005634;GO:0005635;GO:0005737;GO:0005815;GO:0005829;GO:0005840;GO:0032991;GO:0043005;GO:0043226	cytoplasm;cytosol;microtubule organizing center;neuron projection;nuclear envelope;nucleus;organelle;protein-containing complex;ribosome
rad-50	GO:0000794;GO:0005634;GO:0005694;GO:0030870	GO:0000228;GO:0005634;GO:0005694;GO:0032991	chromosome;nuclear chromosome;nucleus;protein-containing complex
rad-51	GO:0000794;GO:0005634;GO:0043073;GO:0035861	GO:0000228;GO:0005634	nuclear chromosome;nucleus
rad-54.B	GO:0005634	GO:0005634	nucleus
rad-54.L	GO:0005634	GO:0005634	nucleus
rad-8	GO:0005739;GO:0005759	GO:0005739	mitochondrion
raga-1	GO:0005634;GO:0005764;GO:1990131	GO:0005634;GO:0005764;GO:0032991	lysosome;nucleus;protein-containing complex
ragc-1	GO:0005634;GO:0005764;GO:0012505;GO:1990131	GO:0005634;GO:0005764;GO:0032991	lysosome;nucleus;protein-containing complex
ral-1	GO:0005886;GO:0016020	GO:0005886;GO:0016020	membrane;plasma membrane
ran-1	GO:0000775;GO:0000776;GO:0005634;GO:0005694;GO:0005737	GO:0005634;GO:0005694;GO:0005737;GO:0043226	chromosome;cytoplasm;nucleus;organelle
ran-2	GO:0005634;GO:0005829;GO:0048471	GO:0005634;GO:0005829	cytosol;nucleus
ran-4	GO:0005635;GO:0005737;GO:0044613	GO:0005635;GO:0005737;GO:0032991	cytoplasm;nuclear envelope;protein-containing complex
rap-1	GO:0005886;GO:0016020	GO:0005886;GO:0016020	membrane;plasma membrane
rars-1	GO:0005737;GO:0005829	GO:0005737;GO:0005829	cytoplasm;cytosol
rars-2	GO:0005739	GO:0005739	mitochondrion
ras-1	GO:0005886;GO:0016020	GO:0005886;GO:0016020	membrane;plasma membrane
ras-2	GO:0005886;GO:0016020	GO:0005886;GO:0016020	membrane;plasma membrane
rba-1	GO:0005634;GO:0016581;GO:0035098	GO:0005634;GO:0032991	nucleus;protein-containing complex
rbbp-5	GO:0005634;GO:0044666;GO:0048188	GO:0005634;GO:0032991	nucleus;protein-containing complex
rbc-1	GO:0043291	GO:0032991	protein-containing complex
rbc-2	GO:0005737	GO:0005737	cytoplasm
rbf-1	GO:0008021;GO:0016020;GO:0045202	GO:0016020;GO:0031410;GO:0045202	cytoplasmic vesicle;membrane;synapse
rbg-1	GO:0005737	GO:0005737	cytoplasm
rbg-2	GO:0005737;GO:0005776;GO:0005886;GO:0042734	GO:0005737;GO:0005773;GO:0005886;GO:0016020	cytoplasm;membrane;plasma membrane;vacuole
rbg-3	GO:0005737;GO:0005794;GO:0005829;GO:0010008;GO:0030904	GO:0005737;GO:0005794;GO:0005829;GO:0016020;GO:0032991	Golgi apparatus;cytoplasm;cytosol;membrane;protein-containing complex
rbm-12	GO:0005654;GO:1990904	GO:0005654;GO:0032991	nucleoplasm;protein-containing complex
rbm-28	GO:0005634;GO:0005730	GO:0005634;GO:0005730	nucleolus;nucleus
rbm-5	GO:0005634	GO:0005634	nucleus
rbpl-1	GO:0005634;GO:0005737	GO:0005634;GO:0005737	cytoplasm;nucleus
rbr-2	GO:0000785;GO:0005634	GO:0005634	nucleus
rbx-1	GO:0005634;GO:0005737;GO:0031461;GO:0031462	GO:0005634;GO:0005737;GO:0032991	cytoplasm;nucleus;protein-containing complex
rcan-1	GO:0005634;GO:0005737	GO:0005634;GO:0005737	cytoplasm;nucleus
rcs-1			
rde-4	GO:0005634;GO:0005737;GO:0016442;GO:0070578;GO:1990904	GO:0005634;GO:0005737;GO:0032991	cytoplasm;nucleus;protein-containing complex
ref-2	GO:0005634;GO:0005737	GO:0005634;GO:0005737	cytoplasm;nucleus
rege-1	GO:0005634;GO:0005737;GO:0036464	GO:0005634;GO:0005737;GO:0043226	cytoplasm;nucleus;organelle
rep-1	GO:0005634;GO:0005737;GO:0005829;GO:0005968	GO:0005634;GO:0005737;GO:0005829;GO:0032991	cytoplasm;cytosol;nucleus;protein-containing complex
reps-1			
ret-1	GO:0005783;GO:0005789;GO:0016020;GO:0012505;GO:0030424	GO:0005783;GO:0016020;GO:0043005	endoplasmic reticulum;membrane;neuron projection
rfc-1	GO:0005634;GO:0005663	GO:0005634;GO:0032991	nucleus;protein-containing complex
rfc-2	GO:0005634;GO:0005663	GO:0005634;GO:0032991	nucleus;protein-containing complex
rfk-1	GO:0005739	GO:0005739	mitochondrion
rfp-1	GO:0005634;GO:0016020;GO:0033503	GO:0005634;GO:0016020;GO:0032991	membrane;nucleus;protein-containing complex
rfs-1	GO:0005634;GO:0005657;GO:0005815;GO:0033061;GO:0033063	GO:0005634;GO:0005815;GO:0032991	microtubule organizing center;nucleus;protein-containing complex
rft-1	GO:0005886;GO:0016020	GO:0005886;GO:0016020	membrane;plasma membrane
rft-2	GO:0005886;GO:0016020	GO:0005886;GO:0016020	membrane;plasma membrane
rfth-1	GO:0005783;GO:0005789;GO:0016020	GO:0005783;GO:0016020	endoplasmic reticulum;membrane
rga-6	GO:0015629	GO:0005856	cytoskeleton
rga-8	GO:0005886	GO:0005886	plasma membrane
rgef-1	GO:0005737;GO:0005886;GO:0043231	GO:0005737;GO:0005886;GO:0043226	cytoplasm;organelle;plasma membrane
rgs-10			
rgs-11			
rgs-6			
rgs-7	GO:0005938	GO:0005737	cytoplasm
rgs-9			
rha-1	GO:0005634;GO:0005654;GO:0005730;GO:0005737;GO:0005813;GO:0005856;GO:1990904	GO:0005634;GO:0005654;GO:0005730;GO:0005737;GO:0005815;GO:0005856;GO:0032991	cytoplasm;cytoskeleton;microtubule organizing center;nucleolus;nucleoplasm;nucleus;protein-containing complex
rha-2	GO:0005730	GO:0005730	nucleolus
rheb-1	GO:0005886;GO:0016020	GO:0005886;GO:0016020	membrane;plasma membrane
rhgf-1	GO:0005737;GO:0016020;GO:0043005;GO:0043025;GO:0043196	GO:0005737;GO:0016020;GO:0043005	cytoplasm;membrane;neuron projection
rhgf-2	GO:0005886;GO:0030139;GO:0030424;GO:0043005;GO:0044297	GO:0005886;GO:0031410;GO:0043005	cytoplasmic vesicle;neuron projection;plasma membrane
rhgf-3	GO:0005737	GO:0005737	cytoplasm
rhi-1	GO:0005737;GO:0005829;GO:0016020	GO:0005737;GO:0005829;GO:0016020	cytoplasm;cytosol;membrane
rho-1	GO:0005737;GO:0005938;GO:0005829;GO:0005856;GO:0005886;GO:0016020;GO:0032154	GO:0005737;GO:0005829;GO:0005856;GO:0005886;GO:0016020	cytoplasm;cytoskeleton;cytosol;membrane;plasma membrane
rhr-1	GO:0005886;GO:0016020	GO:0005886;GO:0016020	membrane;plasma membrane
rhr-2	GO:0005886;GO:0016020;GO:0016324	GO:0005886;GO:0016020	membrane;plasma membrane
rib-1	GO:0005783;GO:0005794;GO:0032991	GO:0005783;GO:0005794;GO:0032991	Golgi apparatus;endoplasmic reticulum;protein-containing complex
rib-2	GO:0000139;GO:0005789;GO:0016020;GO:0005783;GO:0005794;GO:0032991	GO:0005783;GO:0005794;GO:0016020;GO:0032991	Golgi apparatus;endoplasmic reticulum;membrane;protein-containing complex
ric-19	GO:0005737;GO:0005794;GO:0012505;GO:0016020;GO:0030659;GO:0030667;GO:0031410	GO:0005737;GO:0005794;GO:0016020;GO:0031410	Golgi apparatus;cytoplasm;cytoplasmic vesicle;membrane
ric-4	GO:0005886;GO:0031201;GO:0043005;GO:0045202;GO:0098793	GO:0005886;GO:0032991;GO:0043005;GO:0045202	neuron projection;plasma membrane;protein-containing complex;synapse
rict-1	GO:0031932	GO:0032991	protein-containing complex
rig-4	GO:0016020;GO:0045202	GO:0016020;GO:0045202	membrane;synapse
rig-5	GO:0005886;GO:0016020;GO:0043005	GO:0005886;GO:0016020;GO:0043005	membrane;neuron projection;plasma membrane
rig-6	GO:0005737;GO:0005886;GO:0016020;GO:0030424;GO:0042995;GO:0043025;GO:0043204;GO:0098552;GO:0045202	GO:0005737;GO:0005886;GO:0016020;GO:0042995;GO:0043005;GO:0045202	cell projection;cytoplasm;membrane;neuron projection;plasma membrane;synapse
rilp-1	GO:0005737;GO:0016020;GO:0036064	GO:0005737;GO:0005815;GO:0016020	cytoplasm;membrane;microtubule organizing center
rimb-1	GO:0045202	GO:0045202	synapse
riok-1	GO:0005737;GO:0005829;GO:0030688	GO:0005737;GO:0005829;GO:0032991	cytoplasm;cytosol;protein-containing complex
rlbp-1			
rle-1	GO:0010494	GO:0043226	organelle
rme-1	GO:0005737;GO:0005768;GO:0005769;GO:0055037;GO:0005886;GO:0010008;GO:0016020;GO:0055038;GO:0012505;GO:0048471;GO:0030139	GO:0005737;GO:0005768;GO:0005886;GO:0016020;GO:0031410	cytoplasm;cytoplasmic vesicle;endosome;membrane;plasma membrane
rme-2	GO:0005886;GO:0010008;GO:0016020;GO:0012505;GO:0031410	GO:0005886;GO:0016020;GO:0031410	cytoplasmic vesicle;membrane;plasma membrane
rme-4	GO:0005829;GO:0005905;GO:0030136;GO:0031410	GO:0005829;GO:0016020;GO:0031410	cytoplasmic vesicle;cytosol;membrane
rme-6	GO:0005737;GO:0005769;GO:0005829;GO:0005886;GO:0016020;GO:0030136;GO:0030139;GO:0031410;GO:0045334	GO:0005737;GO:0005768;GO:0005829;GO:0005886;GO:0016020;GO:0031410	cytoplasm;cytoplasmic vesicle;cytosol;endosome;membrane;plasma membrane
rme-8	GO:0005769;GO:0005770;GO:0055037;GO:0005829;GO:0010008	GO:0005768;GO:0005829;GO:0016020	cytosol;endosome;membrane
rml-1	GO:0005737;GO:0005783;GO:0030017;GO:0055120	GO:0005737;GO:0005783	cytoplasm;endoplasmic reticulum
rml-4			
rnf-113	GO:0005634;GO:0005684	GO:0005634;GO:0032991	nucleus;protein-containing complex
rnh-1.0			
rnh-2	GO:0032299	GO:0032991	protein-containing complex
rnp-2	GO:0005634;GO:0005681;GO:0005685;GO:0030532;GO:1990904	GO:0005634;GO:0032991	nucleus;protein-containing complex
rnp-3	GO:0005634;GO:0005681;GO:0005685;GO:0030532;GO:1990904	GO:0005634;GO:0032991	nucleus;protein-containing complex
rnp-4	GO:0005634;GO:0005737;GO:0016607;GO:0035145	GO:0005634;GO:0005737;GO:0032991;GO:0043226	cytoplasm;nucleus;organelle;protein-containing complex
rnp-7	GO:0005634;GO:0005685;GO:0071004;GO:1990904	GO:0005634;GO:0032991	nucleus;protein-containing complex
rnr-1	GO:0005971	GO:0032991	protein-containing complex
rnr-2	GO:0005829	GO:0005829	cytosol
rnst-2	GO:0005576;GO:0005764	GO:0005576;GO:0005764	extracellular region;lysosome
rnt-1	GO:0005634;GO:0016513	GO:0005634;GO:0032991	nucleus;protein-containing complex
rog-1	GO:0005737;GO:0016020	GO:0005737;GO:0016020	cytoplasm;membrane
rol-1	GO:0005581;GO:0016020	GO:0016020;GO:0032991	membrane;protein-containing complex
rom-1	GO:0016020	GO:0016020	membrane
rom-3	GO:0005783;GO:0005789;GO:0016020	GO:0005783;GO:0016020	endoplasmic reticulum;membrane
rom-4	GO:0005783;GO:0005789;GO:0016020	GO:0005783;GO:0016020	endoplasmic reticulum;membrane
rom-5	GO:0016020	GO:0016020	membrane
romo-1	GO:0005744;GO:0016020	GO:0016020;GO:0032991	membrane;protein-containing complex
rop-1	GO:0005737;GO:1990904	GO:0005737;GO:0032991	cytoplasm;protein-containing complex
row-1	GO:0005634	GO:0005634	nucleus
rpac-19	GO:0000428;GO:0005666;GO:0005736;GO:0005634	GO:0005634;GO:0032991	nucleus;protein-containing complex
rpac-40	GO:0000428;GO:0005666;GO:0005736;GO:0005634	GO:0005634;GO:0032991	nucleus;protein-containing complex
rpap-3			
rpb-7	GO:0000428;GO:0005665;GO:0000932;GO:0005634	GO:0005634;GO:0032991;GO:0043226	nucleus;organelle;protein-containing complex
rpc-1	GO:0000428;GO:0005666;GO:0005634;GO:0005654	GO:0005634;GO:0005654;GO:0032991	nucleoplasm;nucleus;protein-containing complex
rpc-11	GO:0000428;GO:0005666;GO:0005634	GO:0005634;GO:0032991	nucleus;protein-containing complex
rpc-2	GO:0000428;GO:0005666;GO:0005634;GO:0005829	GO:0005634;GO:0005829;GO:0032991	cytosol;nucleus;protein-containing complex
rpc-25	GO:0000428;GO:0005666;GO:0005634	GO:0005634;GO:0032991	nucleus;protein-containing complex
rpi-2	GO:0005929;GO:1990075	GO:0005929;GO:0016020	cilium;membrane
rpl-10L	GO:0005840;GO:0022625;GO:1990904	GO:0005840;GO:0032991	protein-containing complex;ribosome
rpl-11.1	GO:0005634;GO:0005737;GO:0005840;GO:0022625;GO:1990904	GO:0005634;GO:0005737;GO:0005840;GO:0032991	cytoplasm;nucleus;protein-containing complex;ribosome
rpl-11.2	GO:0005634;GO:0005737;GO:0005840;GO:0022625;GO:1990904	GO:0005634;GO:0005737;GO:0005840;GO:0032991	cytoplasm;nucleus;protein-containing complex;ribosome
rpl-12	GO:0005840;GO:0022625;GO:1990904	GO:0005840;GO:0032991	protein-containing complex;ribosome
rpl-13	GO:0005737;GO:0005829;GO:0005840;GO:0022625;GO:1990904	GO:0005737;GO:0005829;GO:0005840;GO:0032991	cytoplasm;cytosol;protein-containing complex;ribosome
rpl-14	GO:0005840;GO:0022625;GO:1990904	GO:0005840;GO:0032991	protein-containing complex;ribosome
rpl-15	GO:0005840;GO:0022625;GO:1990904	GO:0005840;GO:0032991	protein-containing complex;ribosome
rpl-18	GO:0005737;GO:0005840;GO:0022625;GO:1990904	GO:0005737;GO:0005840;GO:0032991	cytoplasm;protein-containing complex;ribosome
rpl-18A	GO:0005840;GO:0022625;GO:1990904	GO:0005840;GO:0032991	protein-containing complex;ribosome
rpl-21	GO:0005840;GO:0022625;GO:1990904	GO:0005840;GO:0032991	protein-containing complex;ribosome
rpl-24	GO:0005840;GO:0022625;GO:1990904	GO:0005840;GO:0032991	protein-containing complex;ribosome
rpl-26	GO:0005840;GO:0015934;GO:0022625;GO:1990904	GO:0005840;GO:0032991	protein-containing complex;ribosome
rpl-27	GO:0005737;GO:0005783;GO:0005791;GO:0005829;GO:0005840;GO:0015934;GO:0022625;GO:1990904;GO:0098556	GO:0005737;GO:0005783;GO:0005829;GO:0005840;GO:0032991	cytoplasm;cytosol;endoplasmic reticulum;protein-containing complex;ribosome
rpl-27A	GO:0005840;GO:0022625;GO:1990904	GO:0005840;GO:0032991	protein-containing complex;ribosome
rpl-28	GO:0005840;GO:0022625;GO:1990904	GO:0005840;GO:0032991	protein-containing complex;ribosome
rpl-3	GO:0005737;GO:0005840;GO:0022625;GO:1990904	GO:0005737;GO:0005840;GO:0032991	cytoplasm;protein-containing complex;ribosome
rpl-30	GO:0005840;GO:0022625;GO:1990904	GO:0005840;GO:0032991	protein-containing complex;ribosome
rpl-35	GO:0005840;GO:0022625;GO:1990904	GO:0005840;GO:0032991	protein-containing complex;ribosome
rpl-35A	GO:0005840;GO:0022625;GO:1990904	GO:0005840;GO:0032991	protein-containing complex;ribosome
rpl-38	GO:0005840;GO:0022625;GO:1990904	GO:0005840;GO:0032991	protein-containing complex;ribosome
rpl-5	GO:0005634;GO:0005737;GO:0005840;GO:0022626;GO:0022625;GO:1990904	GO:0005634;GO:0005737;GO:0005840;GO:0032991	cytoplasm;nucleus;protein-containing complex;ribosome
rpl-8	GO:0005737;GO:0005840;GO:0015934;GO:0022625;GO:1990904	GO:0005737;GO:0005840;GO:0032991	cytoplasm;protein-containing complex;ribosome
rplp-0	GO:0005840;GO:0022625;GO:1990904	GO:0005840;GO:0032991	protein-containing complex;ribosome
rplp-1	GO:0005840;GO:0022626;GO:0022625;GO:1990904	GO:0005840;GO:0032991	protein-containing complex;ribosome
rpm-1	GO:0005634;GO:0005886;GO:0019005;GO:0030424;GO:0031594;GO:0045202;GO:0036062;GO:0042995	GO:0005634;GO:0005886;GO:0016020;GO:0032991;GO:0042995;GO:0043005;GO:0045202	cell projection;membrane;neuron projection;nucleus;plasma membrane;protein-containing complex;synapse
rpms-1			
rpn-1	GO:0000502;GO:0008540;GO:0022624;GO:0005634;GO:0034515	GO:0005634;GO:0032991;GO:0043226	nucleus;organelle;protein-containing complex
rpn-11	GO:0000502;GO:0005838;GO:0008541;GO:0005634	GO:0005634;GO:0032991	nucleus;protein-containing complex
rpn-5	GO:0000502;GO:0008541;GO:0005634;GO:0005737	GO:0005634;GO:0005737;GO:0032991	cytoplasm;nucleus;protein-containing complex
rpn-6.1	GO:0000502;GO:0008541;GO:0022624;GO:0005634	GO:0005634;GO:0032991	nucleus;protein-containing complex
rpn-6.2	GO:0000502;GO:0008541	GO:0032991	protein-containing complex
rpn-7	GO:0000502;GO:0005838	GO:0032991	protein-containing complex
rpn-8	GO:0000502	GO:0032991	protein-containing complex
rpoa-1	GO:0000428;GO:0005736;GO:0005634	GO:0005634;GO:0032991	nucleus;protein-containing complex
rpoa-2	GO:0000428;GO:0005736;GO:0005634;GO:0005730	GO:0005634;GO:0005730;GO:0032991	nucleolus;nucleus;protein-containing complex
rpom-1	GO:0000428;GO:0034245	GO:0032991	protein-containing complex
rps-10	GO:0005737;GO:0005840;GO:0022627;GO:1990904	GO:0005737;GO:0005840;GO:0032991	cytoplasm;protein-containing complex;ribosome
rps-13	GO:0005634;GO:0005730;GO:0005737;GO:0005840;GO:0022627;GO:0032040;GO:1990904	GO:0005634;GO:0005730;GO:0005737;GO:0005840;GO:0032991	cytoplasm;nucleolus;nucleus;protein-containing complex;ribosome
rps-14	GO:0005634;GO:0005730;GO:0005737;GO:0005840;GO:0022626;GO:0022627;GO:0032040;GO:1990904	GO:0005634;GO:0005730;GO:0005737;GO:0005840;GO:0032991	cytoplasm;nucleolus;nucleus;protein-containing complex;ribosome
rps-15	GO:0005840;GO:0015935;GO:0022627;GO:1990904	GO:0005840;GO:0032991	protein-containing complex;ribosome
rps-15A	GO:0005840;GO:0022627;GO:1990904	GO:0005840;GO:0032991	protein-containing complex;ribosome
rps-17	GO:0005840;GO:0022626;GO:0022627;GO:1990904	GO:0005840;GO:0032991	protein-containing complex;ribosome
rps-19	GO:0005840;GO:0022627;GO:1990904	GO:0005840;GO:0032991	protein-containing complex;ribosome
rps-20	GO:0005840;GO:0015935;GO:0022627;GO:1990904	GO:0005840;GO:0032991	protein-containing complex;ribosome
rps-23	GO:0005737;GO:0005783;GO:0005791;GO:0005829;GO:0005840;GO:0015935;GO:0022627;GO:1990904	GO:0005737;GO:0005783;GO:0005829;GO:0005840;GO:0032991	cytoplasm;cytosol;endoplasmic reticulum;protein-containing complex;ribosome
rps-24	GO:0005840;GO:0022627;GO:1990904	GO:0005840;GO:0032991	protein-containing complex;ribosome
rps-26	GO:0005737;GO:0005783;GO:0005791;GO:0005829;GO:0005840;GO:0022627;GO:1990904;GO:0098556	GO:0005737;GO:0005783;GO:0005829;GO:0005840;GO:0032991	cytoplasm;cytosol;endoplasmic reticulum;protein-containing complex;ribosome
rps-27	GO:0005840;GO:0022627;GO:1990904	GO:0005840;GO:0032991	protein-containing complex;ribosome
rps-28	GO:0005737;GO:0005783;GO:0005791;GO:0005829;GO:0005840;GO:0022627;GO:1990904;GO:0098556	GO:0005737;GO:0005783;GO:0005829;GO:0005840;GO:0032991	cytoplasm;cytosol;endoplasmic reticulum;protein-containing complex;ribosome
rps-29	GO:0005791;GO:0005829;GO:0005840;GO:0022627;GO:1990904	GO:0005783;GO:0005829;GO:0005840;GO:0032991	cytosol;endoplasmic reticulum;protein-containing complex;ribosome
rps-3	GO:0005634;GO:0005840;GO:0022626;GO:0015935;GO:0022627;GO:1990904	GO:0005634;GO:0005840;GO:0032991	nucleus;protein-containing complex;ribosome
rps-3A	GO:0005737;GO:0005829;GO:0005840;GO:0022627;GO:1990904	GO:0005737;GO:0005829;GO:0005840;GO:0032991	cytoplasm;cytosol;protein-containing complex;ribosome
rps-5	GO:0005634;GO:0005730;GO:0005737;GO:0005840;GO:0015935;GO:0022627;GO:0032040;GO:1990904	GO:0005634;GO:0005730;GO:0005737;GO:0005840;GO:0032991	cytoplasm;nucleolus;nucleus;protein-containing complex;ribosome
rps-6	GO:0005634;GO:0005730;GO:0005737;GO:0005840;GO:0032040;GO:1990904	GO:0005634;GO:0005730;GO:0005737;GO:0005840;GO:0032991	cytoplasm;nucleolus;nucleus;protein-containing complex;ribosome
rps-7	GO:0005840;GO:0022627;GO:0032040;GO:1990904	GO:0005840;GO:0032991	protein-containing complex;ribosome
rpsa-1	GO:0005737;GO:0005840;GO:0015935;GO:0022627;GO:1990904	GO:0005737;GO:0005840;GO:0032991	cytoplasm;protein-containing complex;ribosome
rpt-1	GO:0000502;GO:0008540;GO:0005634;GO:0005737	GO:0005634;GO:0005737;GO:0032991	cytoplasm;nucleus;protein-containing complex
rpt-2	GO:0000502;GO:0008540;GO:0005634;GO:0005737	GO:0005634;GO:0005737;GO:0032991	cytoplasm;nucleus;protein-containing complex
rpt-3	GO:0000502;GO:0008540;GO:0005634;GO:0005737	GO:0005634;GO:0005737;GO:0032991	cytoplasm;nucleus;protein-containing complex
rpt-4	GO:0000502;GO:0008540;GO:0005634;GO:0005737	GO:0005634;GO:0005737;GO:0032991	cytoplasm;nucleus;protein-containing complex
rpt-5	GO:0000502;GO:0008540;GO:0005634;GO:0005737	GO:0005634;GO:0005737;GO:0032991	cytoplasm;nucleus;protein-containing complex
rpt-6	GO:0000502;GO:0008540;GO:0005634;GO:0005737	GO:0005634;GO:0005737;GO:0032991	cytoplasm;nucleus;protein-containing complex
rpy-1	GO:0005737;GO:0005886;GO:0031594;GO:0045202	GO:0005737;GO:0005886;GO:0045202	cytoplasm;plasma membrane;synapse
rrc-1			
rrsr-1	GO:0005634;GO:0005730;GO:0030687	GO:0005634;GO:0005730;GO:0032991	nucleolus;nucleus;protein-containing complex
rsa-1	GO:0000159;GO:0005737;GO:0005813;GO:0005856	GO:0005737;GO:0005815;GO:0005856;GO:0032991	cytoplasm;cytoskeleton;microtubule organizing center;protein-containing complex
rsf-1	GO:0005737;GO:0005856;GO:0005874	GO:0005737;GO:0005856	cytoplasm;cytoskeleton
rskd-1			
rskn-1	GO:0005654;GO:0005737	GO:0005654;GO:0005737	cytoplasm;nucleoplasm
rsks-1	GO:0005654;GO:0005737;GO:0030424;GO:0042995;GO:0043204	GO:0005654;GO:0005737;GO:0042995;GO:0043005	cell projection;cytoplasm;neuron projection;nucleoplasm
rsp-1	GO:0005634	GO:0005634	nucleus
rsp-2	GO:0005634;GO:0016607	GO:0005634;GO:0043226	nucleus;organelle
rsp-3	GO:0005634;GO:0016607	GO:0005634;GO:0043226	nucleus;organelle
rsp-4	GO:0005634;GO:0016607	GO:0005634;GO:0043226	nucleus;organelle
rsp-6	GO:0005634;GO:0016607	GO:0005634;GO:0043226	nucleus;organelle
rsp-7	GO:0005634;GO:0005654	GO:0005634;GO:0005654	nucleoplasm;nucleus
rsp-8	GO:0005681	GO:0032991	protein-containing complex
rsr-1	GO:0005681	GO:0032991	protein-containing complex
rsr-2	GO:0000785;GO:0005634;GO:0005681;GO:0005694;GO:0016604;GO:0016607	GO:0005634;GO:0005694;GO:0032991;GO:0043226	chromosome;nucleus;organelle;protein-containing complex
rsu-1			
rtcb-1	GO:0005634;GO:0005635;GO:0005737;GO:0005789;GO:0072669	GO:0005634;GO:0005635;GO:0005737;GO:0016020;GO:0032991	cytoplasm;membrane;nuclear envelope;nucleus;protein-containing complex
rtel-1	GO:0005634	GO:0005634	nucleus
rtfo-1	GO:0005634;GO:0016593	GO:0005634;GO:0032991	nucleus;protein-containing complex
rtkn-1	GO:0005826		
sacy-1	GO:0005634;GO:0005681;GO:0005737;GO:0043186	GO:0005634;GO:0005737;GO:0032991;GO:0043226	cytoplasm;nucleus;organelle;protein-containing complex
sad-1	GO:0030424;GO:0030425;GO:0045202	GO:0043005;GO:0045202	neuron projection;synapse
sahd-1	GO:0005634;GO:0005694	GO:0005634;GO:0005694	chromosome;nucleus
sam-10	GO:0005634;GO:0005737	GO:0005634;GO:0005737	cytoplasm;nucleus
sam-4	GO:0005680;GO:0099078;GO:0005764;GO:0005765;GO:0016020;GO:0030672;GO:0098574	GO:0005764;GO:0016020;GO:0032991	lysosome;membrane;protein-containing complex
sams-1	GO:0005829	GO:0005829	cytosol
sams-3	GO:0005829	GO:0005829	cytosol
sams-4	GO:0005829	GO:0005829	cytosol
sams-5	GO:0005829	GO:0005829	cytosol
sap-49	GO:0005634;GO:0005681;GO:0005686;GO:0071011	GO:0005634;GO:0032991	nucleus;protein-containing complex
sar-1	GO:0005737;GO:0005783;GO:0005789;GO:0016020;GO:0032580;GO:0005794;GO:0005829;GO:0030127;GO:0070971	GO:0005737;GO:0005783;GO:0005794;GO:0005829;GO:0016020;GO:0032991	Golgi apparatus;cytoplasm;cytosol;endoplasmic reticulum;membrane;protein-containing complex
sars-1	GO:0005737;GO:0005829	GO:0005737;GO:0005829	cytoplasm;cytosol
sart-3	GO:0005634;GO:0005654	GO:0005634;GO:0005654	nucleoplasm;nucleus
sas-1	GO:0005814	GO:0043226	organelle
sav-1	GO:0005829	GO:0005829	cytosol
sax-2	GO:0005938;GO:0030427	GO:0005737	cytoplasm
sax-3	GO:0005886;GO:0016020;GO:0030424	GO:0005886;GO:0016020;GO:0043005	membrane;neuron projection;plasma membrane
sax-7	GO:0005886;GO:0005912;GO:0016020;GO:0030673;GO:0032590;GO:0016328;GO:0030017;GO:0032809;GO:0043204;GO:0030424;GO:0030425	GO:0005886;GO:0016020;GO:0030054;GO:0043005	cell junction;membrane;neuron projection;plasma membrane
sbds-1	GO:0005634;GO:0005654;GO:0005730;GO:0005737;GO:0005819;GO:0005856	GO:0005634;GO:0005654;GO:0005730;GO:0005737;GO:0005856;GO:0043226	cytoplasm;cytoskeleton;nucleolus;nucleoplasm;nucleus;organelle
sbp-1	GO:0005634;GO:0005783;GO:0005789;GO:0016020	GO:0005634;GO:0005783;GO:0016020	endoplasmic reticulum;membrane;nucleus
sbt-1	GO:0005576;GO:0030141	GO:0005576;GO:0031410	cytoplasmic vesicle;extracellular region
sca-1	GO:0005635;GO:0005783;GO:0016529;GO:0016020;GO:0033017;GO:0042175;GO:0031410	GO:0005635;GO:0005783;GO:0016020;GO:0031410	cytoplasmic vesicle;endoplasmic reticulum;membrane;nuclear envelope
scav-1	GO:0016020	GO:0016020	membrane
scav-2	GO:0016020	GO:0016020	membrane
scav-3	GO:0016020	GO:0016020	membrane
scav-4	GO:0016020	GO:0016020	membrane
scav-5	GO:0016020	GO:0016020	membrane
scav-6	GO:0016020	GO:0016020	membrane
scc-1	GO:0000444;GO:0008278;GO:0005634;GO:0005694;GO:0005737	GO:0005634;GO:0005694;GO:0005737;GO:0032991	chromosome;cytoplasm;nucleus;protein-containing complex
scc-2	GO:0005634;GO:0005694;GO:0032116;GO:0090694	GO:0005634;GO:0005694;GO:0032991	chromosome;nucleus;protein-containing complex
scc-3	GO:0000444;GO:0008278;GO:0000785;GO:0000793;GO:0005694;GO:0005634	GO:0005634;GO:0005694;GO:0032991	chromosome;nucleus;protein-containing complex
scd-2	GO:0005886;GO:0016020	GO:0005886;GO:0016020	membrane;plasma membrane
scl-19	GO:0005615		
scm-1	GO:0016020;GO:0032588;GO:0055038;GO:0031410	GO:0016020;GO:0031410	cytoplasmic vesicle;membrane
sco-1	GO:0005739;GO:0005743;GO:0016020	GO:0005739;GO:0016020	membrane;mitochondrion
scp-1	GO:0000139;GO:0005789;GO:0012507;GO:0016020;GO:0005783;GO:0005794;GO:0032936	GO:0005783;GO:0005794;GO:0016020;GO:0032991	Golgi apparatus;endoplasmic reticulum;membrane;protein-containing complex
scpl-1	GO:0005737;GO:0031430;GO:0031674	GO:0005737	cytoplasm
scpl-4	GO:0005739;GO:0005743;GO:0016020;GO:0005744	GO:0005739;GO:0016020;GO:0032991	membrane;mitochondrion;protein-containing complex
scpr-1			
scrm-1	GO:0005886	GO:0005886	plasma membrane
scrm-2	GO:0005886	GO:0005886	plasma membrane
scrm-3	GO:0005886	GO:0005886	plasma membrane
scrm-4	GO:0005886	GO:0005886	plasma membrane
scyl-1			
sdha-1	GO:0005739;GO:0005743;GO:0016020;GO:0045273	GO:0005739;GO:0016020;GO:0032991	membrane;mitochondrion;protein-containing complex
sdha-2	GO:0005739;GO:0005743;GO:0016020;GO:0045273	GO:0005739;GO:0016020;GO:0032991	membrane;mitochondrion;protein-containing complex
sdhb-1	GO:0005739;GO:0005743;GO:0016020;GO:0031966;GO:0045273	GO:0005739;GO:0016020;GO:0032991	membrane;mitochondrion;protein-containing complex
sdhd-1	GO:0005739;GO:0005740;GO:0005743;GO:0016020;GO:0045273	GO:0005739;GO:0016020;GO:0032991	membrane;mitochondrion;protein-containing complex
sdn-1	GO:0005737;GO:0009986;GO:0016020;GO:0070161	GO:0005737;GO:0016020;GO:0030054	cell junction;cytoplasm;membrane
sdpn-1	GO:0005737;GO:0005768;GO:0005769;GO:0055037;GO:0005886;GO:0055038	GO:0005737;GO:0005768;GO:0005886;GO:0016020	cytoplasm;endosome;membrane;plasma membrane
sdz-35			
sdz-8	GO:0005737	GO:0005737	cytoplasm
sea-1	GO:0000785;GO:0005634	GO:0005634	nucleus
seb-3	GO:0005886;GO:0016020;GO:0030673;GO:0030424;GO:0032809;GO:0043025	GO:0005886;GO:0016020;GO:0043005	membrane;neuron projection;plasma membrane
sec-10	GO:0000145;GO:0005737	GO:0005737;GO:0032991	cytoplasm;protein-containing complex
sec-12	GO:0005783;GO:0005789;GO:0016020	GO:0005783;GO:0016020	endoplasmic reticulum;membrane
sec-15	GO:0000145	GO:0032991	protein-containing complex
sec-16A.1	GO:0005783;GO:0005793;GO:0012507;GO:0070971	GO:0005783;GO:0016020;GO:0043226	endoplasmic reticulum;membrane;organelle
sec-16A.2	GO:0000139;GO:0012507;GO:0016020;GO:0005783;GO:0005794;GO:0070971	GO:0005783;GO:0005794;GO:0016020	Golgi apparatus;endoplasmic reticulum;membrane
sec-20	GO:0005783;GO:0005789;GO:0016020;GO:0031201	GO:0005783;GO:0016020;GO:0032991	endoplasmic reticulum;membrane;protein-containing complex
sec-22	GO:0000139;GO:0005789;GO:0012507;GO:0016020;GO:0005737;GO:0005783;GO:0005794;GO:0012505;GO:0031201	GO:0005737;GO:0005783;GO:0005794;GO:0016020;GO:0032991	Golgi apparatus;cytoplasm;endoplasmic reticulum;membrane;protein-containing complex
sec-23	GO:0005737;GO:0005783;GO:0005789;GO:0012507;GO:0016020;GO:0030127;GO:0031410;GO:0070971	GO:0005737;GO:0005783;GO:0016020;GO:0031410;GO:0032991	cytoplasm;cytoplasmic vesicle;endoplasmic reticulum;membrane;protein-containing complex
sec-24.1	GO:0005789;GO:0012507;GO:0030127;GO:0031410;GO:0070971	GO:0016020;GO:0031410;GO:0032991	cytoplasmic vesicle;membrane;protein-containing complex
sec-31	GO:0005783;GO:0030127;GO:0070971	GO:0005783;GO:0032991	endoplasmic reticulum;protein-containing complex
sec-6	GO:0000145	GO:0032991	protein-containing complex
sec-61.A	GO:0005783;GO:0005784;GO:0005789;GO:0016020	GO:0005783;GO:0016020;GO:0032991	endoplasmic reticulum;membrane;protein-containing complex
sec-61.G	GO:0005783;GO:0005784;GO:0071261;GO:0005789;GO:0016020	GO:0005783;GO:0016020;GO:0032991	endoplasmic reticulum;membrane;protein-containing complex
secs-1	GO:0005737	GO:0005737	cytoplasm
sedl-1	GO:0005634;GO:0005737;GO:0005783;GO:0005794;GO:0030008;GO:0048471	GO:0005634;GO:0005737;GO:0005783;GO:0005794;GO:0032991	Golgi apparatus;cytoplasm;endoplasmic reticulum;nucleus;protein-containing complex
seip-1	GO:0005783;GO:0005789;GO:0016020	GO:0005783;GO:0016020	endoplasmic reticulum;membrane
sek-1			
sek-6	GO:0005737	GO:0005737	cytoplasm
sel-1	GO:0000836;GO:0005789;GO:0016020;GO:0031410	GO:0016020;GO:0031410;GO:0032991	cytoplasmic vesicle;membrane;protein-containing complex
sel-10	GO:0005737;GO:0030424;GO:0042995	GO:0005737;GO:0042995;GO:0043005	cell projection;cytoplasm;neuron projection
sel-11	GO:0005783;GO:0005789;GO:0016020;GO:0012505;GO:0044322	GO:0005783;GO:0016020	endoplasmic reticulum;membrane
sel-12	GO:0000139;GO:0005789;GO:0016020;GO:0005783;GO:0005794;GO:0048471;GO:0070765	GO:0005783;GO:0005794;GO:0016020;GO:0032991	Golgi apparatus;endoplasmic reticulum;membrane;protein-containing complex
sel-2	GO:0005634;GO:0005737;GO:0005829;GO:0016020;GO:0048471	GO:0005634;GO:0005737;GO:0005829;GO:0016020	cytoplasm;cytosol;membrane;nucleus
sel-5	GO:0005737	GO:0005737	cytoplasm
seld-1	GO:0005737	GO:0005737	cytoplasm
sem-2	GO:0005634	GO:0005634	nucleus
sem-4	GO:0005634	GO:0005634	nucleus
sem-5	GO:0005654;GO:0005737;GO:0005886;GO:0008180;GO:0016020	GO:0005654;GO:0005737;GO:0005886;GO:0016020;GO:0032991	cytoplasm;membrane;nucleoplasm;plasma membrane;protein-containing complex
semi-1	GO:0005575		
semo-1			
sep-1	GO:0000794;GO:0005634;GO:0005635;GO:0005694;GO:0005737;GO:0005938;GO:0005813;GO:0005819;GO:0072686;GO:0072687;GO:0005856;GO:0030496;GO:0070090;GO:0032154;GO:0060473;GO:1990520	GO:0000228;GO:0005634;GO:0005635;GO:0005694;GO:0005737;GO:0005815;GO:0005856;GO:0016020;GO:0031410;GO:0032991;GO:0043226	chromosome;cytoplasm;cytoplasmic vesicle;cytoskeleton;membrane;microtubule organizing center;nuclear chromosome;nuclear envelope;nucleus;organelle;protein-containing complex
ser-1	GO:0005886;GO:0016020;GO:0030425;GO:0045202	GO:0005886;GO:0016020;GO:0043005;GO:0045202	membrane;neuron projection;plasma membrane;synapse
ser-2	GO:0005886;GO:0016020	GO:0005886;GO:0016020	membrane;plasma membrane
ser-4	GO:0005886;GO:0016020;GO:0030425;GO:0045202	GO:0005886;GO:0016020;GO:0043005;GO:0045202	membrane;neuron projection;plasma membrane;synapse
ser-5	GO:0005886;GO:0016020	GO:0005886;GO:0016020	membrane;plasma membrane
ser-7	GO:0005886;GO:0016020;GO:0030425;GO:0045202	GO:0005886;GO:0016020;GO:0043005;GO:0045202	membrane;neuron projection;plasma membrane;synapse
serr-1			
set-11	GO:0005634;GO:0005694	GO:0005634;GO:0005694	chromosome;nucleus
set-12	GO:0000785;GO:0005634;GO:0005694	GO:0005634;GO:0005694	chromosome;nucleus
set-16	GO:0005634;GO:0005654;GO:0005700;GO:0044666	GO:0005634;GO:0005654;GO:0005694;GO:0032991	chromosome;nucleoplasm;nucleus;protein-containing complex
set-2	GO:0005634;GO:0048188	GO:0005634;GO:0032991	nucleus;protein-containing complex
set-28			
set-4	GO:0005634;GO:0005694	GO:0005634;GO:0005694	chromosome;nucleus
set-6	GO:0000785;GO:0005634;GO:0005694	GO:0005634;GO:0005694	chromosome;nucleus
set-9	GO:0005634	GO:0005634	nucleus
sex-1	GO:0005634	GO:0005634	nucleus
sfa-1	GO:0005634;GO:0005681;GO:0005737	GO:0005634;GO:0005737;GO:0032991	cytoplasm;nucleus;protein-containing complex
sfrp-1	GO:0005576;GO:0005615;GO:0005634	GO:0005576;GO:0005634	extracellular region;nucleus
sft-1	GO:0005739;GO:0005743;GO:0016020	GO:0005739;GO:0016020	membrane;mitochondrion
sftb-1	GO:0005634;GO:0005681;GO:0005686;GO:0071004;GO:0071013	GO:0005634;GO:0032991	nucleus;protein-containing complex
sftb-2	GO:0005634;GO:0005684;GO:0005686;GO:0071011;GO:0071013	GO:0005634;GO:0032991	nucleus;protein-containing complex
sgca-1	GO:0016012;GO:0016020;GO:0042383;GO:0055120	GO:0005886;GO:0016020;GO:0032991	membrane;plasma membrane;protein-containing complex
sgcb-1	GO:0005856;GO:0016012;GO:0016020;GO:0042383	GO:0005856;GO:0005886;GO:0016020;GO:0032991	cytoskeleton;membrane;plasma membrane;protein-containing complex
sgk-1	GO:0005634;GO:0005737;GO:0005886;GO:0016020;GO:0016324;GO:1902911	GO:0005634;GO:0005737;GO:0005886;GO:0016020;GO:0032991	cytoplasm;membrane;nucleus;plasma membrane;protein-containing complex
sgn-1	GO:0005856;GO:0016012;GO:0016020;GO:0042383	GO:0005856;GO:0005886;GO:0016020;GO:0032991	cytoskeleton;membrane;plasma membrane;protein-containing complex
shc-1	GO:0005634;GO:0005737;GO:0005886;GO:0016020	GO:0005634;GO:0005737;GO:0005886;GO:0016020	cytoplasm;membrane;nucleus;plasma membrane
shk-1	GO:0005886;GO:0008076;GO:0034702;GO:0016020	GO:0005886;GO:0016020;GO:0032991	membrane;plasma membrane;protein-containing complex
shl-1	GO:0008076;GO:0034702;GO:0016020	GO:0016020;GO:0032991	membrane;protein-containing complex
shn-1	GO:0014069;GO:0031143;GO:0042995;GO:0031410;GO:0043197;GO:0045202;GO:0045211	GO:0016020;GO:0031410;GO:0042995;GO:0043005;GO:0043226;GO:0045202	cell projection;cytoplasmic vesicle;membrane;neuron projection;organelle;synapse
shq-1	GO:0005654;GO:0005737	GO:0005654;GO:0005737	cytoplasm;nucleoplasm
shw-1	GO:0008076;GO:0034702;GO:0016020;GO:0032590;GO:0042734;GO:0045211;GO:0032809;GO:0043679	GO:0016020;GO:0032991	membrane;protein-containing complex
shw-3	GO:0008076;GO:0034702;GO:0016020;GO:0030673;GO:0032590;GO:0042734;GO:0045211;GO:0032809;GO:0043679	GO:0016020;GO:0032991	membrane;protein-containing complex
sin-3	GO:0000785;GO:0005634;GO:0070822	GO:0005634;GO:0032991	nucleus;protein-containing complex
sipa-1	GO:0005737	GO:0005737	cytoplasm
sir-2.1	GO:0000781;GO:0033553;GO:0048471;GO:0005634;GO:0005637;GO:0005654;GO:0005737	GO:0005634;GO:0005654;GO:0005737;GO:0016020	cytoplasm;membrane;nucleoplasm;nucleus
sir-2.2	GO:0005739;GO:0005759	GO:0005739	mitochondrion
sir-2.3	GO:0005739;GO:0005759	GO:0005739	mitochondrion
sir-2.4	GO:0005634;GO:0005635;GO:0005643;GO:0010494;GO:0043186	GO:0005634;GO:0005635;GO:0032991;GO:0043226	nuclear envelope;nucleus;organelle;protein-containing complex
skat-1	GO:0005774;GO:0016020	GO:0016020	membrane
skih-2	GO:0005737;GO:0055087	GO:0005737;GO:0032991	cytoplasm;protein-containing complex
skn-1	GO:0005634;GO:0005737;GO:0005739;GO:0005783	GO:0005634;GO:0005737;GO:0005739;GO:0005783	cytoplasm;endoplasmic reticulum;mitochondrion;nucleus
sknr-1	GO:0005634	GO:0005634	nucleus
skp-1	GO:0005681	GO:0032991	protein-containing complex
skpo-1	GO:0005615		
skpo-2	GO:0005615;GO:0031012	GO:0031012	extracellular matrix
skpt-1	GO:0019005	GO:0032991	protein-containing complex
skr-1	GO:0005634;GO:0005737;GO:0019005	GO:0005634;GO:0005737;GO:0032991	cytoplasm;nucleus;protein-containing complex
skr-2	GO:0005634;GO:0005737;GO:0019005	GO:0005634;GO:0005737;GO:0032991	cytoplasm;nucleus;protein-containing complex
skr-3	GO:0005634;GO:0005737	GO:0005634;GO:0005737	cytoplasm;nucleus
skr-4	GO:0005634;GO:0005737	GO:0005634;GO:0005737	cytoplasm;nucleus
skr-5	GO:0005634;GO:0005737	GO:0005634;GO:0005737	cytoplasm;nucleus
skr-6	GO:0005634;GO:0005737	GO:0005634;GO:0005737	cytoplasm;nucleus
slc-17.1	GO:0005764;GO:0005765;GO:0016020;GO:0016323;GO:0030658;GO:0030672;GO:0016529;GO:0031410;GO:0045202	GO:0005764;GO:0005783;GO:0016020;GO:0031410;GO:0045202	cytoplasmic vesicle;endoplasmic reticulum;lysosome;membrane;synapse
slc-17.2	GO:0016020	GO:0016020	membrane
slc-25A10	GO:0005739;GO:0005743;GO:0016020	GO:0005739;GO:0016020	membrane;mitochondrion
slc-25A18.1	GO:0005739;GO:0005743;GO:0016020	GO:0005739;GO:0016020	membrane;mitochondrion
slc-25A18.2	GO:0005739;GO:0005743;GO:0016020	GO:0005739;GO:0016020	membrane;mitochondrion
slc-25A21	GO:0005739;GO:0005743;GO:0016020	GO:0005739;GO:0016020	membrane;mitochondrion
slc-25A26	GO:0005739;GO:0005743;GO:0016020	GO:0005739;GO:0016020	membrane;mitochondrion
slc-25A32	GO:0005739;GO:0016020	GO:0005739;GO:0016020	membrane;mitochondrion
slc-25A42	GO:0016020	GO:0016020	membrane
slc-25A46	GO:0005739;GO:0005741;GO:0016020	GO:0005739;GO:0016020	membrane;mitochondrion
slc-30A5	GO:0005783;GO:0005794;GO:0012507;GO:0016020;GO:0030658;GO:0032580;GO:0031410	GO:0005783;GO:0005794;GO:0016020;GO:0031410	Golgi apparatus;cytoplasmic vesicle;endoplasmic reticulum;membrane
slc-36.1	GO:0005774;GO:0016020	GO:0016020	membrane
slc-36.2	GO:0005774;GO:0016020	GO:0016020	membrane
slc-36.3	GO:0005774;GO:0016020	GO:0016020	membrane
slc-36.4	GO:0005774;GO:0016020	GO:0016020	membrane
slc-36.5	GO:0005774;GO:0016020	GO:0016020	membrane
slc-46A	GO:0016020	GO:0016020	membrane
slc-5A12	GO:0005886;GO:0016020	GO:0005886;GO:0016020	membrane;plasma membrane
slcf-2	GO:0016020	GO:0016020	membrane
slcr-46.2	GO:0016020	GO:0016020	membrane
slfl-5			
sli-1	GO:0005886;GO:0045121	GO:0005886;GO:0016020	membrane;plasma membrane
slo-1	GO:0005886;GO:0016020;GO:0045211;GO:0031430;GO:0055120;GO:0034702;GO:0045202	GO:0005886;GO:0016020;GO:0032991;GO:0045202	membrane;plasma membrane;protein-containing complex;synapse
slo-2	GO:0005886;GO:0016020;GO:0030424	GO:0005886;GO:0016020;GO:0043005	membrane;neuron projection;plasma membrane
slt-1	GO:0005576	GO:0005576	extracellular region
slx-1	GO:0005634;GO:0033557	GO:0005634;GO:0032991	nucleus;protein-containing complex
sma-10	GO:0005886;GO:0016020;GO:0030659;GO:0031410;GO:0098552	GO:0005886;GO:0016020;GO:0031410	cytoplasmic vesicle;membrane;plasma membrane
sma-2	GO:0005634;GO:0005737;GO:0071144	GO:0005634;GO:0005737;GO:0032991	cytoplasm;nucleus;protein-containing complex
sma-3	GO:0005634;GO:0005737;GO:0071144	GO:0005634;GO:0005737;GO:0032991	cytoplasm;nucleus;protein-containing complex
sma-4	GO:0005634;GO:0005737;GO:0071144	GO:0005634;GO:0005737;GO:0032991	cytoplasm;nucleus;protein-containing complex
sma-5	GO:0005634;GO:0005737	GO:0005634;GO:0005737	cytoplasm;nucleus
sma-6	GO:0005634;GO:0005886;GO:0016020;GO:0048179	GO:0005634;GO:0005886;GO:0016020;GO:0032991	membrane;nucleus;plasma membrane;protein-containing complex
sma-9	GO:0005634	GO:0005634	nucleus
smap-1	GO:0005737	GO:0005737	cytoplasm
smc-3	GO:0000444;GO:0008278;GO:0030892;GO:0032991;GO:0000785;GO:0005634;GO:0005694	GO:0005634;GO:0005694;GO:0032991	chromosome;nucleus;protein-containing complex
smc-5	GO:0000794;GO:0005634;GO:0005694;GO:0030915	GO:0000228;GO:0005634;GO:0005694;GO:0032991	chromosome;nuclear chromosome;nucleus;protein-containing complex
smd-1	GO:0005829	GO:0005829	cytosol
smf-1	GO:0005886;GO:0010008;GO:0016020;GO:0016324;GO:0030659;GO:0031410	GO:0005886;GO:0016020;GO:0031410	cytoplasmic vesicle;membrane;plasma membrane
smf-2	GO:0005886;GO:0010008;GO:0016020;GO:0016324;GO:0030659;GO:0031410	GO:0005886;GO:0016020;GO:0031410	cytoplasmic vesicle;membrane;plasma membrane
smf-3	GO:0005886;GO:0010008;GO:0016020;GO:0016324;GO:0030659;GO:0031090;GO:0031410	GO:0005886;GO:0016020;GO:0031410	cytoplasmic vesicle;membrane;plasma membrane
smg-2	GO:0005634;GO:0005737	GO:0005634;GO:0005737	cytoplasm;nucleus
smg-4	GO:0005634;GO:0005730;GO:0005737;GO:0048471	GO:0005634;GO:0005730;GO:0005737	cytoplasm;nucleolus;nucleus
smg-9			
smgl-1	GO:0070939	GO:0032991	protein-containing complex
smi-1	GO:0005634;GO:0005681;GO:0032797;GO:0005737	GO:0005634;GO:0005737;GO:0032991	cytoplasm;nucleus;protein-containing complex
smn-1	GO:0005634	GO:0005634	nucleus
smo-1	GO:0005634;GO:0005694;GO:0005737;GO:0005813;GO:0005819;GO:0016605;GO:0005856	GO:0005634;GO:0005694;GO:0005737;GO:0005815;GO:0005856;GO:0043226	chromosome;cytoplasm;cytoskeleton;microtubule organizing center;nucleus;organelle
smoc-1	GO:0005576	GO:0005576	extracellular region
smp-1	GO:0005886;GO:0016020	GO:0005886;GO:0016020	membrane;plasma membrane
smp-2	GO:0005886;GO:0016020	GO:0005886;GO:0016020	membrane;plasma membrane
smrc-1	GO:0005634;GO:0043596	GO:0005634	nucleus
smrd-1	GO:0000785;GO:0005634;GO:0005694	GO:0005634;GO:0005694	chromosome;nucleus
sms-1	GO:0000139;GO:0005789;GO:0016020;GO:0005794;GO:0005886	GO:0005794;GO:0005886;GO:0016020	Golgi apparatus;membrane;plasma membrane
sms-2	GO:0000139;GO:0005789;GO:0016020;GO:0005886	GO:0005886;GO:0016020	membrane;plasma membrane
smvt-1	GO:0016020	GO:0016020	membrane
snai-1	GO:0005634	GO:0005634	nucleus
snap-1	GO:0016020;GO:0031201	GO:0016020;GO:0032991	membrane;protein-containing complex
snap-29	GO:0005737;GO:0005886;GO:0016324;GO:0031201;GO:0043005;GO:0045202;GO:0055037;GO:0098793	GO:0005737;GO:0005768;GO:0005886;GO:0016020;GO:0032991;GO:0043005;GO:0045202	cytoplasm;endosome;membrane;neuron projection;plasma membrane;protein-containing complex;synapse
snb-1	GO:0005886;GO:0008021;GO:0031410;GO:0060473;GO:0016020;GO:0030672;GO:0030424;GO:0043005;GO:0031201;GO:0045202;GO:0048786	GO:0005886;GO:0016020;GO:0031410;GO:0032991;GO:0043005;GO:0045202	cytoplasmic vesicle;membrane;neuron projection;plasma membrane;protein-containing complex;synapse
snb-2	GO:0005886;GO:0016020;GO:0031201	GO:0005886;GO:0016020;GO:0032991	membrane;plasma membrane;protein-containing complex
snf-10	GO:0005886;GO:0016020;GO:0044298	GO:0005886;GO:0016020	membrane;plasma membrane
snf-11	GO:0005886;GO:0016020;GO:0043005;GO:0043025	GO:0005886;GO:0016020;GO:0043005	membrane;neuron projection;plasma membrane
snf-2	GO:0005886;GO:0016020;GO:0043005	GO:0005886;GO:0016020;GO:0043005	membrane;neuron projection;plasma membrane
snf-5	GO:0005886;GO:0016020;GO:0043005	GO:0005886;GO:0016020;GO:0043005	membrane;neuron projection;plasma membrane
snf-6	GO:0005886;GO:0016020;GO:0045211;GO:0045202	GO:0005886;GO:0016020;GO:0045202	membrane;plasma membrane;synapse
snf-7	GO:0005886;GO:0016020;GO:0043005	GO:0005886;GO:0016020;GO:0043005	membrane;neuron projection;plasma membrane
snf-9	GO:0005886;GO:0016020;GO:0043005	GO:0005886;GO:0016020;GO:0043005	membrane;neuron projection;plasma membrane
snfc-5	GO:0000228;GO:0005634;GO:0016514;GO:0035060;GO:0071564;GO:0071565	GO:0000228;GO:0005634;GO:0032991	nuclear chromosome;nucleus;protein-containing complex
snn-1	GO:0008021;GO:0030672;GO:0036062;GO:0045202	GO:0016020;GO:0031410;GO:0045202	cytoplasmic vesicle;membrane;synapse
snpn-1	GO:0008021;GO:0030141;GO:0031082;GO:0031083	GO:0031410;GO:0032991	cytoplasmic vesicle;protein-containing complex
snr-1	GO:0000243;GO:0005681;GO:0005682;GO:0005685;GO:0005686;GO:0005687;GO:0034719;GO:0071011;GO:0071013;GO:0097526;GO:1990904;GO:0005634;GO:0005737;GO:0005829;GO:0043186	GO:0005634;GO:0005737;GO:0005829;GO:0032991;GO:0043226	cytoplasm;cytosol;nucleus;organelle;protein-containing complex
snr-2	GO:0005634;GO:0005681;GO:0005682;GO:0005685;GO:0005686;GO:0005687;GO:0046540;GO:0071004;GO:0071013;GO:1990904;GO:0005737;GO:0005829	GO:0005634;GO:0005737;GO:0005829;GO:0032991	cytoplasm;cytosol;nucleus;protein-containing complex
snr-3	GO:0000243;GO:0005681;GO:0005682;GO:0005685;GO:0005686;GO:0005687;GO:0034715;GO:0034719;GO:0071011;GO:0071013;GO:0097526;GO:1990904;GO:0005634;GO:0005737;GO:0005829;GO:0043186	GO:0005634;GO:0005737;GO:0005829;GO:0032991;GO:0043226	cytoplasm;cytosol;nucleus;organelle;protein-containing complex
snr-4	GO:0005634;GO:0005681;GO:0005682;GO:0005685;GO:0005686;GO:0005689;GO:0030532;GO:0034715;GO:0046540;GO:0071011;GO:0071013;GO:0097525;GO:1990904;GO:0005737;GO:0005829	GO:0005634;GO:0005737;GO:0005829;GO:0032991	cytoplasm;cytosol;nucleus;protein-containing complex
snr-5	GO:0005634;GO:0005681;GO:0005685;GO:0034715;GO:0071013;GO:0120114;GO:1990904;GO:0005737;GO:0005829	GO:0005634;GO:0005737;GO:0005829;GO:0032991	cytoplasm;cytosol;nucleus;protein-containing complex
snr-6	GO:0005634;GO:0005681;GO:0005682;GO:0005685;GO:0005686;GO:0005687;GO:0034715;GO:0046540;GO:0071011;GO:1990904;GO:0005737;GO:0005829;GO:0043186	GO:0005634;GO:0005737;GO:0005829;GO:0032991;GO:0043226	cytoplasm;cytosol;nucleus;organelle;protein-containing complex
snr-7	GO:0005634;GO:0005681;GO:0005682;GO:0005685;GO:0005686;GO:0005687;GO:0005689;GO:0034719;GO:0071004;GO:0071011;GO:0071013;GO:0097526;GO:1990904;GO:0005737;GO:0005829;GO:0043186	GO:0005634;GO:0005737;GO:0005829;GO:0032991;GO:0043226	cytoplasm;cytosol;nucleus;organelle;protein-containing complex
snrp-200	GO:0005634;GO:0005681;GO:0005682	GO:0005634;GO:0032991	nucleus;protein-containing complex
snrp-3	GO:0000243;GO:0005685;GO:0071004;GO:1990904;GO:0005634	GO:0005634;GO:0032991	nucleus;protein-containing complex
snt-1	GO:0005886;GO:0008021;GO:0031045;GO:0031410;GO:0070382;GO:0016020;GO:0030672;GO:0030424;GO:0045202	GO:0005886;GO:0016020;GO:0031410;GO:0043005;GO:0045202	cytoplasmic vesicle;membrane;neuron projection;plasma membrane;synapse
snt-2	GO:0005886;GO:0016020;GO:0030672;GO:0030424;GO:0031045;GO:0031410;GO:0070382	GO:0005886;GO:0016020;GO:0031410;GO:0043005	cytoplasmic vesicle;membrane;neuron projection;plasma membrane
snt-3	GO:0005886;GO:0016020;GO:0030672;GO:0030424;GO:0031045;GO:0070382	GO:0005886;GO:0016020;GO:0031410;GO:0043005	cytoplasmic vesicle;membrane;neuron projection;plasma membrane
snt-4	GO:0005886;GO:0016020;GO:0030424;GO:0045202;GO:0070382;GO:0098793	GO:0005886;GO:0016020;GO:0031410;GO:0043005;GO:0045202	cytoplasmic vesicle;membrane;neuron projection;plasma membrane;synapse
snt-6	GO:0005886;GO:0016020;GO:0030424;GO:0045202;GO:0070382;GO:0098793	GO:0005886;GO:0016020;GO:0031410;GO:0043005;GO:0045202	cytoplasmic vesicle;membrane;neuron projection;plasma membrane;synapse
snu-13	GO:0005634;GO:0005681;GO:0031428;GO:0032040;GO:0046540;GO:0071011;GO:1990904;GO:0005730	GO:0005634;GO:0005730;GO:0032991	nucleolus;nucleus;protein-containing complex
snx-13	GO:0005769;GO:0016020	GO:0005768;GO:0016020	endosome;membrane
snx-14	GO:0005770;GO:0016020	GO:0005768;GO:0016020	endosome;membrane
soc-1			
soc-2			
soc-3			
sod-1	GO:0005737;GO:0005739;GO:0005829	GO:0005737;GO:0005739;GO:0005829	cytoplasm;cytosol;mitochondrion
sod-2	GO:0005739;GO:0005759;GO:0098803	GO:0005739;GO:0032991	mitochondrion;protein-containing complex
sod-3	GO:0005739;GO:0098803	GO:0005739;GO:0032991	mitochondrion;protein-containing complex
sod-5			
sorb-1	GO:0005886;GO:0005912;GO:0005925;GO:0070161;GO:0016020;GO:0097433	GO:0005886;GO:0016020;GO:0030054	cell junction;membrane;plasma membrane
sorf-2	GO:0005737;GO:0005768;GO:0005769;GO:0005770;GO:0005829;GO:0010008;GO:0031901;GO:0031902;GO:0031905;GO:0031906	GO:0005737;GO:0005768;GO:0005829;GO:0016020	cytoplasm;cytosol;endosome;membrane
sos-1	GO:0005886	GO:0005886	plasma membrane
sox-2	GO:0005634	GO:0005634	nucleus
sox-3	GO:0005634	GO:0005634	nucleus
sox-4	GO:0005634;GO:0016607	GO:0005634;GO:0043226	nucleus;organelle
spas-1	GO:0005737;GO:0005819;GO:0005856;GO:0015630;GO:0005874;GO:0048471;GO:0016020;GO:0032991	GO:0005737;GO:0005856;GO:0016020;GO:0032991;GO:0043226	cytoplasm;cytoskeleton;membrane;organelle;protein-containing complex
spat-3	GO:0000151;GO:0031519	GO:0032991	protein-containing complex
spc-1	GO:0005737;GO:0005938;GO:0005856;GO:0030864;GO:0005886;GO:0016328;GO:0045169;GO:0030054;GO:0042995	GO:0005737;GO:0005856;GO:0005886;GO:0030054;GO:0042995	cell junction;cell projection;cytoplasm;cytoskeleton;plasma membrane
spcs-2	GO:0005783;GO:0016529;GO:0005787;GO:0005789;GO:0016020	GO:0005783;GO:0016020;GO:0032991	endoplasmic reticulum;membrane;protein-containing complex
spe-15	GO:0005737;GO:0005886;GO:0015629;GO:0016459;GO:0030139	GO:0005737;GO:0005856;GO:0005886;GO:0031410;GO:0032991	cytoplasm;cytoplasmic vesicle;cytoskeleton;plasma membrane;protein-containing complex
spe-39	GO:0005737;GO:0005768;GO:0005769;GO:0005770;GO:0055037;GO:0005773;GO:0031410	GO:0005737;GO:0005768;GO:0005773;GO:0031410	cytoplasm;cytoplasmic vesicle;endosome;vacuole
spe-4	GO:0005783;GO:0005789;GO:0016020;GO:0005794;GO:0043231;GO:0070765	GO:0005783;GO:0005794;GO:0016020;GO:0032991;GO:0043226	Golgi apparatus;endoplasmic reticulum;membrane;organelle;protein-containing complex
spe-5	GO:0005737;GO:0033180	GO:0005737;GO:0032991	cytoplasm;protein-containing complex
spe-54			
spg-20	GO:0005780;GO:0012505;GO:0005886;GO:0016020	GO:0005886;GO:0016020	membrane;plasma membrane
spg-7	GO:0005739;GO:0005743;GO:0016020;GO:0005745	GO:0005739;GO:0016020;GO:0032991	membrane;mitochondrion;protein-containing complex
sph-1	GO:0008021;GO:0031410;GO:0016020;GO:0030672	GO:0016020;GO:0031410	cytoplasmic vesicle;membrane
sphk-1	GO:0005634;GO:0005737;GO:0005739;GO:0005886;GO:0016020;GO:0031966;GO:0036062;GO:0042734;GO:0030424;GO:0042995;GO:0043025;GO:0043204;GO:0045202	GO:0005634;GO:0005737;GO:0005739;GO:0005886;GO:0016020;GO:0042995;GO:0043005;GO:0045202	cell projection;cytoplasm;membrane;mitochondrion;neuron projection;nucleus;plasma membrane;synapse
spin-1	GO:0016020	GO:0016020	membrane
spin-2	GO:0016020	GO:0016020	membrane
spin-3	GO:0016020	GO:0016020	membrane
spin-4	GO:0016020	GO:0016020	membrane
spl-1	GO:0005783;GO:0005789;GO:0016020	GO:0005783;GO:0016020	endoplasmic reticulum;membrane
spl-2	GO:0005783;GO:0005789;GO:0016020	GO:0005783;GO:0016020	endoplasmic reticulum;membrane
spl-3	GO:0005783;GO:0005789;GO:0016020	GO:0005783;GO:0016020	endoplasmic reticulum;membrane
spop-1	GO:0005634;GO:0005737;GO:0016607	GO:0005634;GO:0005737;GO:0043226	cytoplasm;nucleus;organelle
spp-10	GO:0005615;GO:0005764;GO:0016020	GO:0005764;GO:0016020	lysosome;membrane
spp-11			
spp-8	GO:0005615		
spr-1	GO:0000118;GO:0005667;GO:0005634	GO:0005634;GO:0032991	nucleus;protein-containing complex
spr-2	GO:0000785;GO:0005634	GO:0005634	nucleus
spr-3	GO:0005634	GO:0005634	nucleus
spr-4	GO:0005634	GO:0005634	nucleus
spr-5	GO:0000785;GO:0005634;GO:0005737	GO:0005634;GO:0005737	cytoplasm;nucleus
spt-16	GO:0005634;GO:0005694;GO:0035101	GO:0005634;GO:0005694;GO:0032991	chromosome;nucleus;protein-containing complex
sptf-1			
sptf-3	GO:0005634	GO:0005634	nucleus
sptl-1	GO:0005783;GO:0016020	GO:0005783;GO:0016020	endoplasmic reticulum;membrane
sptl-2	GO:0016020;GO:0017059	GO:0016020;GO:0032991	membrane;protein-containing complex
sptl-3	GO:0016020;GO:0017059	GO:0016020;GO:0032991	membrane;protein-containing complex
spv-1	GO:0005911;GO:0016324	GO:0016020;GO:0030054	cell junction;membrane
sqd-1	GO:0005634;GO:0071013	GO:0005634;GO:0032991	nucleus;protein-containing complex
sql-1	GO:0005794	GO:0005794	Golgi apparatus
sqst-1	GO:0005737;GO:0016235;GO:0044753	GO:0005737;GO:0005773	cytoplasm;vacuole
sqst-2	GO:0016235;GO:0044753	GO:0005773	vacuole
sqst-3	GO:0016235;GO:0044753	GO:0005773	vacuole
sqst-4	GO:0016235;GO:0044753	GO:0005773	vacuole
sqv-2	GO:0000139;GO:0016020;GO:0005794	GO:0005794;GO:0016020	Golgi apparatus;membrane
sqv-3	GO:0005794;GO:0016020	GO:0005794;GO:0016020	Golgi apparatus;membrane
sqv-4	GO:0005634;GO:0005737	GO:0005634;GO:0005737	cytoplasm;nucleus
sqv-5	GO:0005737;GO:0005794;GO:0016020;GO:0032580	GO:0005737;GO:0005794;GO:0016020	Golgi apparatus;cytoplasm;membrane
sqv-6	GO:0000139;GO:0005789;GO:0016020;GO:0005783;GO:0005794	GO:0005783;GO:0005794;GO:0016020	Golgi apparatus;endoplasmic reticulum;membrane
sqv-7	GO:0000139;GO:0016020;GO:0005737;GO:0005794	GO:0005737;GO:0005794;GO:0016020	Golgi apparatus;cytoplasm;membrane
sqv-8	GO:0000139;GO:0016020	GO:0016020	membrane
src-1	GO:0001891;GO:0005886;GO:0016020;GO:0042995;GO:0043292	GO:0005886;GO:0016020;GO:0042995;GO:0043226	cell projection;membrane;organelle;plasma membrane
src-2	GO:0005886	GO:0005886	plasma membrane
srdf-2.1	GO:0005783;GO:0005789;GO:0016020	GO:0005783;GO:0016020	endoplasmic reticulum;membrane
srdf-2.2	GO:0005783;GO:0005789;GO:0016020	GO:0005783;GO:0016020	endoplasmic reticulum;membrane
srdf-3	GO:0005783;GO:0005789;GO:0016020	GO:0005783;GO:0016020	endoplasmic reticulum;membrane
srf-1			
srf-3	GO:0000139;GO:0016020;GO:0005794;GO:0048471	GO:0005794;GO:0016020	Golgi apparatus;membrane
srf-4			
srf-6			
srf-8			
srgp-1	GO:0005912;GO:0005938	GO:0005737;GO:0030054	cell junction;cytoplasm
sro-1	GO:0005886;GO:0016020	GO:0005886;GO:0016020	membrane;plasma membrane
srp-1	GO:0005615;GO:0005783	GO:0005783	endoplasmic reticulum
srp-2	GO:0005615		
srp-3	GO:0005615		
srp-6	GO:0005615		
srp-7	GO:0005615		
srp-8	GO:0005615		
srpa-68	GO:0005634;GO:0005730;GO:0005737;GO:0005783;GO:0005786;GO:1990904	GO:0005634;GO:0005730;GO:0005737;GO:0005783;GO:0032991	cytoplasm;endoplasmic reticulum;nucleolus;nucleus;protein-containing complex
srsx-34	GO:0005765;GO:0016020	GO:0016020	membrane
ssl-1	GO:0000812;GO:0005634	GO:0005634;GO:0032991	nucleus;protein-containing complex
ssu-1	GO:0005737;GO:0005829;GO:0016020	GO:0005737;GO:0005829;GO:0016020	cytoplasm;cytosol;membrane
ssu-2			
ssup-72	GO:0005634;GO:0005847	GO:0005634;GO:0032991	nucleus;protein-containing complex
sta-1	GO:0005634;GO:0005737	GO:0005634;GO:0005737	cytoplasm;nucleus
stam-1	GO:0005768;GO:0005769;GO:0005929;GO:0033565;GO:0042995	GO:0005768;GO:0005929;GO:0032991;GO:0042995	cell projection;cilium;endosome;protein-containing complex
stau-1	GO:0005575;GO:0043025;GO:0005886;GO:0010494;GO:0032839;GO:0043005	GO:0005737;GO:0005886;GO:0043005;GO:0043226	cytoplasm;neuron projection;organelle;plasma membrane
stdh-1	GO:0005783	GO:0005783	endoplasmic reticulum
stdh-2	GO:0005783	GO:0005783	endoplasmic reticulum
stdh-3	GO:0005783	GO:0005783	endoplasmic reticulum
stdh-4	GO:0005783;GO:0016020	GO:0005783;GO:0016020	endoplasmic reticulum;membrane
stg-1	GO:0016020;GO:0098839;GO:0032281	GO:0016020;GO:0032991	membrane;protein-containing complex
sti-1	GO:0005737;GO:0101031	GO:0005737;GO:0032991	cytoplasm;protein-containing complex
stim-1	GO:0005737;GO:0005783;GO:0005886;GO:0016020;GO:0030425;GO:0043025	GO:0005737;GO:0005783;GO:0005886;GO:0016020;GO:0043005	cytoplasm;endoplasmic reticulum;membrane;neuron projection;plasma membrane
stn-1	GO:0005737;GO:0005856;GO:0016010;GO:0016020	GO:0005737;GO:0005856;GO:0016020;GO:0032991	cytoplasm;cytoskeleton;membrane;protein-containing complex
stn-2	GO:0005737;GO:0005856;GO:0005886;GO:0016010;GO:0016020;GO:0030017;GO:0044297;GO:0043005	GO:0005737;GO:0005856;GO:0005886;GO:0016020;GO:0032991;GO:0043005	cytoplasm;cytoskeleton;membrane;neuron projection;plasma membrane;protein-containing complex
sto-1	GO:0005886;GO:0016020;GO:0043005	GO:0005886;GO:0016020;GO:0043005	membrane;neuron projection;plasma membrane
sto-2	GO:0005886;GO:0016020	GO:0005886;GO:0016020	membrane;plasma membrane
sto-3	GO:0005886;GO:0009898;GO:0016020	GO:0005886;GO:0016020	membrane;plasma membrane
sto-4	GO:0005886;GO:0016020;GO:0043005	GO:0005886;GO:0016020;GO:0043005	membrane;neuron projection;plasma membrane
sto-5	GO:0005886;GO:0016020;GO:0043005	GO:0005886;GO:0016020;GO:0043005	membrane;neuron projection;plasma membrane
sto-6	GO:0005886;GO:0016020;GO:0043005	GO:0005886;GO:0016020;GO:0043005	membrane;neuron projection;plasma membrane
strd-1	GO:0005634;GO:0005737;GO:0005938;GO:0030424;GO:0030425;GO:0043005;GO:0042995;GO:0043204;GO:0044297;GO:0045202	GO:0005634;GO:0005737;GO:0042995;GO:0043005;GO:0045202	cell projection;cytoplasm;neuron projection;nucleus;synapse
strl-1	GO:0005789;GO:0031902;GO:0140284	GO:0016020	membrane
strt-7	GO:0005737;GO:0005829	GO:0005737;GO:0005829	cytoplasm;cytosol
stt-3	GO:0005783;GO:0005789;GO:0016020;GO:0008250	GO:0005783;GO:0016020;GO:0032991	endoplasmic reticulum;membrane;protein-containing complex
suca-1	GO:0005737;GO:0005739;GO:0042709	GO:0005737;GO:0005739;GO:0032991	cytoplasm;mitochondrion;protein-containing complex
sucl-1	GO:0005739;GO:0009361	GO:0005739;GO:0032991	mitochondrion;protein-containing complex
sucl-2	GO:0005739;GO:0009361	GO:0005739;GO:0032991	mitochondrion;protein-containing complex
suco-1	GO:0005737;GO:0012505;GO:0016020	GO:0005737;GO:0016020	cytoplasm;membrane
sul-2			
sul-3			
sulp-2	GO:0005886;GO:0016020;GO:0016323;GO:0097730	GO:0005886;GO:0005929;GO:0016020	cilium;membrane;plasma membrane
sulp-3	GO:0005886;GO:0016020	GO:0005886;GO:0016020	membrane;plasma membrane
sulp-4	GO:0005886;GO:0016020;GO:0016324	GO:0005886;GO:0016020	membrane;plasma membrane
sulp-5	GO:0005886;GO:0016020;GO:0016324	GO:0005886;GO:0016020	membrane;plasma membrane
sulp-7	GO:0005886;GO:0016020	GO:0005886;GO:0016020	membrane;plasma membrane
sulp-8	GO:0005886;GO:0016020;GO:0016323	GO:0005886;GO:0016020	membrane;plasma membrane
sun-1	GO:0005634;GO:0005635;GO:0016020;GO:0031965;GO:0034993	GO:0005634;GO:0005635;GO:0016020;GO:0032991	membrane;nuclear envelope;nucleus;protein-containing complex
suox-1	GO:0005739;GO:0005758	GO:0005739	mitochondrion
sup-12	GO:0005634;GO:0005737;GO:0016607;GO:1990904	GO:0005634;GO:0005737;GO:0032991;GO:0043226	cytoplasm;nucleus;organelle;protein-containing complex
sup-17	GO:0005886;GO:0016020;GO:0016323;GO:0030659;GO:0031410	GO:0005886;GO:0016020;GO:0031410	cytoplasmic vesicle;membrane;plasma membrane
sup-18	GO:0005886;GO:0016020	GO:0005886;GO:0016020	membrane;plasma membrane
sup-46	GO:0005634;GO:0005737;GO:1990904	GO:0005634;GO:0005737;GO:0032991	cytoplasm;nucleus;protein-containing complex
sup-9	GO:0005886;GO:0016020;GO:0036195;GO:0055120	GO:0005886;GO:0016020	membrane;plasma membrane
sur-2	GO:0005634;GO:0005667;GO:0016592	GO:0005634;GO:0032991	nucleus;protein-containing complex
sur-5	GO:0005634;GO:0005737	GO:0005634;GO:0005737	cytoplasm;nucleus
sur-6	GO:0000159;GO:0005737;GO:0005829	GO:0005737;GO:0005829;GO:0032991	cytoplasm;cytosol;protein-containing complex
suro-1	GO:0005576;GO:0005615;GO:0005737;GO:0031410;GO:0060102	GO:0005576;GO:0005737;GO:0031012;GO:0031410	cytoplasm;cytoplasmic vesicle;extracellular matrix;extracellular region
sut-1	GO:0005634;GO:0005737	GO:0005634;GO:0005737	cytoplasm;nucleus
sut-2	GO:0005634;GO:0005737;GO:0016607;GO:0048471	GO:0005634;GO:0005737;GO:0043226	cytoplasm;nucleus;organelle
svh-1	GO:0005576;GO:0005615;GO:0016020	GO:0005576;GO:0016020	extracellular region;membrane
svh-5	GO:0005634	GO:0005634	nucleus
swd-2.2	GO:0005634;GO:0048188	GO:0005634;GO:0032991	nucleus;protein-containing complex
sws-1	GO:0097196	GO:0032991	protein-containing complex
swsn-1	GO:0005634;GO:0016514	GO:0005634;GO:0032991	nucleus;protein-containing complex
swsn-2.2	GO:0000793;GO:0005694;GO:0005634;GO:0005635;GO:0005654;GO:0016514	GO:0005634;GO:0005635;GO:0005654;GO:0005694;GO:0032991	chromosome;nuclear envelope;nucleoplasm;nucleus;protein-containing complex
swsn-3	GO:0005634;GO:0016514	GO:0005634;GO:0032991	nucleus;protein-containing complex
swsn-4	GO:0000785;GO:0005634;GO:0016514	GO:0005634;GO:0032991	nucleus;protein-containing complex
swsn-6	GO:0005856;GO:0016514;GO:0035267	GO:0005856;GO:0032991	cytoskeleton;protein-containing complex
swsn-7	GO:0005634;GO:0035060	GO:0005634;GO:0032991	nucleus;protein-containing complex
swsn-9	GO:0005634;GO:0016514	GO:0005634;GO:0032991	nucleus;protein-containing complex
syf-2	GO:0000974;GO:0005681;GO:0071013;GO:0071014;GO:0005634	GO:0005634;GO:0032991	nucleus;protein-containing complex
syf-3	GO:0000974;GO:0071007;GO:0071014;GO:0005634	GO:0005634;GO:0032991	nucleus;protein-containing complex
syg-1	GO:0005886;GO:0005911;GO:0016020;GO:0097060;GO:0030424;GO:0042995;GO:0045202;GO:0098636	GO:0005886;GO:0016020;GO:0030054;GO:0032991;GO:0042995;GO:0043005;GO:0045202	cell junction;cell projection;membrane;neuron projection;plasma membrane;protein-containing complex;synapse
syg-2	GO:0005886;GO:0005911;GO:0016020;GO:0097060;GO:0045202;GO:0098636	GO:0005886;GO:0016020;GO:0030054;GO:0032991;GO:0045202	cell junction;membrane;plasma membrane;protein-containing complex;synapse
sym-2	GO:0005634;GO:0005654;GO:1990904	GO:0005634;GO:0005654;GO:0032991	nucleoplasm;nucleus;protein-containing complex
syx-16	GO:0000139;GO:0016020;GO:0005794;GO:0012505;GO:0031201	GO:0005794;GO:0016020;GO:0032991	Golgi apparatus;membrane;protein-containing complex
syx-5	GO:0000139;GO:0016020;GO:0005794;GO:0012505;GO:0098793;GO:0031201	GO:0005794;GO:0016020;GO:0032991	Golgi apparatus;membrane;protein-containing complex
syx-7	GO:0008021;GO:0012505;GO:0016020;GO:0031201	GO:0016020;GO:0031410;GO:0032991	cytoplasmic vesicle;membrane;protein-containing complex
taco-1	GO:0005737;GO:0005739	GO:0005737;GO:0005739	cytoplasm;mitochondrion
taf-1	GO:0005634;GO:0005669	GO:0005634;GO:0032991	nucleus;protein-containing complex
taf-13	GO:0005634;GO:0005669	GO:0005634;GO:0032991	nucleus;protein-containing complex
taf-2	GO:0005634;GO:0005669	GO:0005634;GO:0032991	nucleus;protein-containing complex
taf-4	GO:0005634;GO:0005669;GO:0005737	GO:0005634;GO:0005737;GO:0032991	cytoplasm;nucleus;protein-containing complex
taf-7.1	GO:0005634;GO:0005669	GO:0005634;GO:0032991	nucleus;protein-containing complex
taf-7.2	GO:0005634;GO:0005669	GO:0005634;GO:0032991	nucleus;protein-containing complex
tag-120	GO:0005783;GO:0005794;GO:0016020	GO:0005783;GO:0005794;GO:0016020	Golgi apparatus;endoplasmic reticulum;membrane
tag-123	GO:0016020	GO:0016020	membrane
tag-151	GO:0005634;GO:0005730	GO:0005634;GO:0005730	nucleolus;nucleus
tag-180	GO:0005891;GO:0034702;GO:0016020	GO:0016020;GO:0032991	membrane;protein-containing complex
tag-191	GO:0005634;GO:0005737;GO:0015630	GO:0005634;GO:0005737;GO:0005856	cytoplasm;cytoskeleton;nucleus
tag-196	GO:0005615;GO:0005764	GO:0005764	lysosome
tag-266	GO:0016020	GO:0016020	membrane
tag-275	GO:0016020	GO:0016020	membrane
tag-290			
tag-335	GO:0005737	GO:0005737	cytoplasm
tag-68	GO:0005634;GO:0005737;GO:0071144	GO:0005634;GO:0005737;GO:0032991	cytoplasm;nucleus;protein-containing complex
tald-1	GO:0005634;GO:0005737	GO:0005634;GO:0005737	cytoplasm;nucleus
tap-1			
tars-1	GO:0005737	GO:0005737	cytoplasm
tat-1	GO:0005737;GO:0005768;GO:0005769;GO:0005770;GO:0055037;GO:0005794;GO:0005802;GO:0005886;GO:0016020;GO:0016323;GO:0016324;GO:0031901;GO:0055038	GO:0005737;GO:0005768;GO:0005794;GO:0005886;GO:0016020	Golgi apparatus;cytoplasm;endosome;membrane;plasma membrane
tat-2	GO:0005802;GO:0005886;GO:0016020	GO:0005886;GO:0016020	membrane;plasma membrane
tat-3	GO:0005783;GO:0005789;GO:0016020;GO:0005886;GO:0012505	GO:0005783;GO:0005886;GO:0016020	endoplasmic reticulum;membrane;plasma membrane
tat-5	GO:0005737;GO:0005768;GO:0005802;GO:0012505;GO:0005886;GO:0016020;GO:0031410	GO:0005737;GO:0005768;GO:0005886;GO:0016020;GO:0031410	cytoplasm;cytoplasmic vesicle;endosome;membrane;plasma membrane
tat-6	GO:0005737;GO:0005768;GO:0005802;GO:0012505;GO:0005886;GO:0016020	GO:0005737;GO:0005768;GO:0005886;GO:0016020	cytoplasm;endosome;membrane;plasma membrane
tatn-1			
tax-2	GO:0005886;GO:0016020;GO:0017071;GO:0034703	GO:0005886;GO:0016020;GO:0032991	membrane;plasma membrane;protein-containing complex
tax-4	GO:0005886;GO:0005929;GO:0097730;GO:0016020;GO:0017071;GO:0034703;GO:0030425;GO:0042995;GO:0097543	GO:0005886;GO:0005929;GO:0016020;GO:0032991;GO:0042995;GO:0043005	cell projection;cilium;membrane;neuron projection;plasma membrane;protein-containing complex
tax-6	GO:0005634;GO:0005737;GO:0005929;GO:0097730;GO:0005955;GO:0030424;GO:0030425;GO:0042995;GO:0043025;GO:0043204	GO:0005634;GO:0005737;GO:0005929;GO:0032991;GO:0042995;GO:0043005	cell projection;cilium;cytoplasm;neuron projection;nucleus;protein-containing complex
tba-1	GO:0005737;GO:0005874;GO:0043025;GO:0030424;GO:0030425;GO:0072686;GO:0072687	GO:0005737;GO:0043005;GO:0043226	cytoplasm;neuron projection;organelle
tba-2	GO:0005737;GO:0005856;GO:0005874	GO:0005737;GO:0005856	cytoplasm;cytoskeleton
tba-4	GO:0005737;GO:0005874	GO:0005737	cytoplasm
tba-5	GO:0005737;GO:0005856;GO:0005874;GO:0005879	GO:0005737;GO:0005856	cytoplasm;cytoskeleton
tba-6	GO:0005737;GO:0005856;GO:0005874	GO:0005737;GO:0005856	cytoplasm;cytoskeleton
tba-7	GO:0005737;GO:0005874	GO:0005737	cytoplasm
tba-8	GO:0005737;GO:0005856;GO:0005874	GO:0005737;GO:0005856	cytoplasm;cytoskeleton
tba-9	GO:0005737;GO:0005874	GO:0005737	cytoplasm
tbb-1	GO:0005737;GO:0005856;GO:0005874;GO:0005876	GO:0005737;GO:0005856	cytoplasm;cytoskeleton
tbb-2	GO:0005737;GO:0005856;GO:0005874;GO:0005876;GO:0045298	GO:0005737;GO:0005856;GO:0032991	cytoplasm;cytoskeleton;protein-containing complex
tbb-4	GO:0005737;GO:0005856;GO:0005874;GO:0005879	GO:0005737;GO:0005856	cytoplasm;cytoskeleton
tbc-1	GO:0005794;GO:0005802;GO:0005829	GO:0005794;GO:0005829	Golgi apparatus;cytosol
tbc-19	GO:0005737;GO:0005813;GO:0005886	GO:0005737;GO:0005815;GO:0005886	cytoplasm;microtubule organizing center;plasma membrane
tbc-2	GO:0005737;GO:0005770;GO:0005886;GO:0098793;GO:0098981	GO:0005737;GO:0005768;GO:0005886;GO:0045202	cytoplasm;endosome;plasma membrane;synapse
tbc-20	GO:0005789;GO:0016020	GO:0016020	membrane
tbc-6			
tbc-7	GO:0012505;GO:0016020;GO:0030659;GO:0031410;GO:0045202	GO:0016020;GO:0031410;GO:0045202	cytoplasmic vesicle;membrane;synapse
tbc-9			
tbcd-1	GO:0005874;GO:0016328		
tbce-1	GO:0005737	GO:0005737	cytoplasm
tbck-1			
tbg-1	GO:0000930;GO:0000931;GO:0005634;GO:0005737;GO:0005813;GO:0005819;GO:0005856;GO:0005874;GO:0005912;GO:0030056;GO:0070161	GO:0005634;GO:0005737;GO:0005815;GO:0005856;GO:0030054;GO:0032991;GO:0043226	cell junction;cytoplasm;cytoskeleton;microtubule organizing center;nucleus;organelle;protein-containing complex
tbh-1	GO:0005615;GO:0016020;GO:0030667;GO:0045202	GO:0016020;GO:0045202	membrane;synapse
tbp-1	GO:0005634;GO:0005669	GO:0005634;GO:0032991	nucleus;protein-containing complex
tbx-2	GO:0000785;GO:0005634;GO:0005667;GO:0005737	GO:0005634;GO:0005737;GO:0032991	cytoplasm;nucleus;protein-containing complex
tbx-33	GO:0000785;GO:0005634	GO:0005634	nucleus
tbx-37	GO:0000785;GO:0005634	GO:0005634	nucleus
tbx-38	GO:0000785;GO:0005634	GO:0005634	nucleus
tbx-39	GO:0000785;GO:0005634	GO:0005634	nucleus
tbx-40	GO:0000785;GO:0005634	GO:0005634	nucleus
tbx-43	GO:0000785;GO:0005634	GO:0005634	nucleus
tbx-7	GO:0000785;GO:0005634;GO:0005667	GO:0005634;GO:0032991	nucleus;protein-containing complex
tbx-8	GO:0000785;GO:0005634;GO:0005667	GO:0005634;GO:0032991	nucleus;protein-containing complex
tbx-9	GO:0000785;GO:0005634;GO:0005667	GO:0005634;GO:0032991	nucleus;protein-containing complex
tcab-1	GO:0015030	GO:0043226	organelle
tceb-3	GO:0005634;GO:0008023;GO:0070449	GO:0005634;GO:0032991	nucleus;protein-containing complex
tctn-1	GO:0016020;GO:0035869	GO:0016020	membrane
tdc-1	GO:0005737;GO:0030424;GO:0042995;GO:0043025;GO:0043204	GO:0005737;GO:0042995;GO:0043005	cell projection;cytoplasm;neuron projection
tdo-2			
tdp-1	GO:0000785;GO:0005634;GO:0005654;GO:0005737	GO:0005634;GO:0005654;GO:0005737	cytoplasm;nucleoplasm;nucleus
tdpo-1	GO:0005634	GO:0005634	nucleus
tdpt-1	GO:0005634;GO:0005737;GO:0016605	GO:0005634;GO:0005737;GO:0043226	cytoplasm;nucleus;organelle
ten-1	GO:0005634;GO:0005886;GO:0016020	GO:0005634;GO:0005886;GO:0016020	membrane;nucleus;plasma membrane
tent-5			
tes-1	GO:0005737	GO:0005737	cytoplasm
test-1	GO:0005576	GO:0005576	extracellular region
tfg-1	GO:0005737;GO:0005739;GO:0005783;GO:0005793;GO:0070971	GO:0005737;GO:0005739;GO:0005783;GO:0043226	cytoplasm;endoplasmic reticulum;mitochondrion;organelle
thk-1			
thoc-1	GO:0000347;GO:0000445	GO:0032991	protein-containing complex
thoc-2	GO:0000347;GO:0000445;GO:0005634	GO:0005634;GO:0032991	nucleus;protein-containing complex
thoc-5	GO:0000347;GO:0000445;GO:0005634	GO:0005634;GO:0032991	nucleus;protein-containing complex
tiam-1	GO:0030424;GO:0030426;GO:0071944	GO:0043005	neuron projection
tiar-1	GO:0005634;GO:0005737;GO:0010494;GO:0043186	GO:0005634;GO:0005737;GO:0043226	cytoplasm;nucleus;organelle
tiar-2	GO:0005634;GO:0005737;GO:0010494	GO:0005634;GO:0005737;GO:0043226	cytoplasm;nucleus;organelle
tif-1A	GO:0005634;GO:0005730	GO:0005634;GO:0005730	nucleolus;nucleus
tig-2	GO:0005576;GO:0005615	GO:0005576	extracellular region
tim-1	GO:0005634;GO:0031298	GO:0005634;GO:0032991	nucleus;protein-containing complex
timm-23	GO:0005744;GO:0016020	GO:0016020;GO:0032991	membrane;protein-containing complex
timp-1	GO:0005576;GO:0005615;GO:0031012	GO:0005576;GO:0031012	extracellular matrix;extracellular region
tin-13	GO:0005739;GO:0005743;GO:0016020;GO:0042719	GO:0005739;GO:0016020;GO:0032991	membrane;mitochondrion;protein-containing complex
tin-44	GO:0005739;GO:0005743;GO:0016020	GO:0005739;GO:0016020	membrane;mitochondrion
tir-1	GO:0005737;GO:1904115;GO:0030424;GO:0030425;GO:0044297	GO:0005737;GO:0043005	cytoplasm;neuron projection
tkr-1	GO:0005886;GO:0016020	GO:0005886;GO:0016020	membrane;plasma membrane
tkr-2	GO:0005886;GO:0016020	GO:0005886;GO:0016020	membrane;plasma membrane
tli-1	GO:0005737	GO:0005737	cytoplasm
tlk-1	GO:0000785;GO:0005634	GO:0005634	nucleus
tmc-1	GO:0005886;GO:0016020;GO:0043025;GO:0097730	GO:0005886;GO:0005929;GO:0016020	cilium;membrane;plasma membrane
tmd-2	GO:0005856;GO:0030016	GO:0005856;GO:0043226	cytoskeleton;organelle
tmed-10	GO:0005783;GO:0005793;GO:0005794;GO:0016020;GO:0030134	GO:0005783;GO:0005794;GO:0016020;GO:0031410;GO:0043226	Golgi apparatus;cytoplasmic vesicle;endoplasmic reticulum;membrane;organelle
tmem-107	GO:0016020;GO:0035869;GO:0036038	GO:0016020;GO:0032991	membrane;protein-containing complex
tmem-132	GO:0016020	GO:0016020	membrane
tmem-138	GO:0005773;GO:0005774;GO:0016020;GO:0005929;GO:0035869;GO:0042995	GO:0005773;GO:0005929;GO:0016020;GO:0042995	cell projection;cilium;membrane;vacuole
tmem-208	GO:0005773;GO:0005783;GO:0005789;GO:0016020	GO:0005773;GO:0005783;GO:0016020	endoplasmic reticulum;membrane;vacuole
tmem-218	GO:0016020;GO:0035869	GO:0016020	membrane
tmem-231	GO:0005886;GO:0005929;GO:0016020;GO:0060170;GO:0035869;GO:0042995	GO:0005886;GO:0005929;GO:0016020;GO:0042995	cell projection;cilium;membrane;plasma membrane
tmie-1	GO:0005737;GO:0016020;GO:0055120	GO:0005737;GO:0016020	cytoplasm;membrane
tmyb-1	GO:0005768;GO:0016020	GO:0005768;GO:0016020	endosome;membrane
tnc-2	GO:0005737;GO:0005813	GO:0005737;GO:0005815	cytoplasm;microtubule organizing center
tni-1	GO:0005861;GO:0005862;GO:0030017	GO:0032991	protein-containing complex
tni-3	GO:0005861;GO:0030016;GO:0030017	GO:0032991;GO:0043226	organelle;protein-containing complex
tni-4	GO:0005861;GO:0030017	GO:0032991	protein-containing complex
tns-1	GO:0005925;GO:0030054;GO:0030424;GO:0031430;GO:0055120;GO:0042995	GO:0030054;GO:0042995;GO:0043005	cell junction;cell projection;neuron projection
tnt-2	GO:0005861	GO:0032991	protein-containing complex
tnt-3	GO:0005861	GO:0032991	protein-containing complex
tnt-4	GO:0005861	GO:0032991	protein-containing complex
toca-1	GO:0005737;GO:0005768;GO:0055037;GO:0005886;GO:0005911;GO:0070161;GO:0016020;GO:0016323;GO:0016324;GO:0031410;GO:0048471;GO:0097708	GO:0005737;GO:0005768;GO:0005886;GO:0016020;GO:0030054;GO:0031410;GO:0043226	cell junction;cytoplasm;cytoplasmic vesicle;endosome;membrane;organelle;plasma membrane
toca-2	GO:0005737;GO:0005768;GO:0055037;GO:0005886;GO:0005911;GO:0070161;GO:0016020;GO:0031410;GO:0097708	GO:0005737;GO:0005768;GO:0005886;GO:0016020;GO:0030054;GO:0031410;GO:0043226	cell junction;cytoplasm;cytoplasmic vesicle;endosome;membrane;organelle;plasma membrane
toe-1	GO:0005634;GO:0005730;GO:0030686;GO:0032040;GO:0034455;GO:1990904	GO:0005634;GO:0005730;GO:0032991	nucleolus;nucleus;protein-containing complex
toe-4			
tol-1	GO:0016020	GO:0016020	membrane
tomm-20	GO:0005739;GO:0005741;GO:0016020;GO:0005742	GO:0005739;GO:0016020;GO:0032991	membrane;mitochondrion;protein-containing complex
tomm-40	GO:0005739;GO:0005741;GO:0016020;GO:0031966;GO:0005742;GO:0046930	GO:0005739;GO:0016020;GO:0032991	membrane;mitochondrion;protein-containing complex
top-1	GO:0005634;GO:0005694;GO:0005730;GO:0031616	GO:0005634;GO:0005694;GO:0005730;GO:0005815	chromosome;microtubule organizing center;nucleolus;nucleus
top-2	GO:0005634;GO:0005654;GO:0005694;GO:0005737;GO:0005819;GO:0005856	GO:0005634;GO:0005654;GO:0005694;GO:0005737;GO:0005856;GO:0043226	chromosome;cytoplasm;cytoskeleton;nucleoplasm;nucleus;organelle
top-3A	GO:0005634;GO:0031422	GO:0005634;GO:0032991	nucleus;protein-containing complex
tor-1	GO:0005737;GO:0005783;GO:0005788;GO:0012505	GO:0005737;GO:0005783	cytoplasm;endoplasmic reticulum
tor-2	GO:0005737;GO:0005783;GO:0005788;GO:0012505	GO:0005737;GO:0005783	cytoplasm;endoplasmic reticulum
tpa-1			
tph-1	GO:0005737;GO:0005829;GO:0043005	GO:0005737;GO:0005829;GO:0043005	cytoplasm;cytosol;neuron projection
tpi-1	GO:0005737;GO:0005829;GO:0030016	GO:0005737;GO:0005829;GO:0043226	cytoplasm;cytosol;organelle
tpk-1			
tpp-2	GO:0005829	GO:0005829	cytosol
tppp-1	GO:0005874		
tpst-1	GO:0000139;GO:0016020;GO:0005794;GO:0005802	GO:0005794;GO:0016020	Golgi apparatus;membrane
tpst-2	GO:0005794	GO:0005794	Golgi apparatus
tra-1	GO:0005634;GO:0005737	GO:0005634;GO:0005737	cytoplasm;nucleus
tra-3	GO:0005737;GO:0016020	GO:0005737;GO:0016020	cytoplasm;membrane
trak-1	GO:0005739;GO:0031410	GO:0005739;GO:0031410	cytoplasmic vesicle;mitochondrion
trap-4	GO:0005783;GO:0005789;GO:0016020;GO:0012505	GO:0005783;GO:0016020	endoplasmic reticulum;membrane
trf-1	GO:0005737	GO:0005737	cytoplasm
trf-2			
trhr-1	GO:0016020	GO:0016020	membrane
tric-1B.1	GO:0005783;GO:0005789;GO:0016020	GO:0005783;GO:0016020	endoplasmic reticulum;membrane
tric-1B.2	GO:0005783;GO:0005789;GO:0016020	GO:0005783;GO:0016020	endoplasmic reticulum;membrane
trm-1	GO:0005634	GO:0005634	nucleus
trm-2A			
trmt-10A	GO:0005634;GO:0005654	GO:0005634;GO:0005654	nucleoplasm;nucleus
trmt-10C.1	GO:0005634;GO:0005654;GO:0005739	GO:0005634;GO:0005654;GO:0005739	mitochondrion;nucleoplasm;nucleus
trmt-6	GO:0005634;GO:0031515	GO:0005634;GO:0032991	nucleus;protein-containing complex
trp-1	GO:0005886;GO:0016020;GO:0034703	GO:0005886;GO:0016020;GO:0032991	membrane;plasma membrane;protein-containing complex
trp-2	GO:0005886;GO:0016020;GO:0034703	GO:0005886;GO:0016020;GO:0032991	membrane;plasma membrane;protein-containing complex
trpa-1	GO:0005886;GO:0016020;GO:0043025;GO:0097730	GO:0005886;GO:0005929;GO:0016020	cilium;membrane;plasma membrane
trpp-1	GO:0005783;GO:0005794;GO:0030008	GO:0005783;GO:0005794;GO:0032991	Golgi apparatus;endoplasmic reticulum;protein-containing complex
trpp-10	GO:0005829;GO:1990071	GO:0005829;GO:0032991	cytosol;protein-containing complex
trpp-11	GO:0005737	GO:0005737	cytoplasm
trpp-4	GO:0005783;GO:0005794;GO:0030008	GO:0005783;GO:0005794;GO:0032991	Golgi apparatus;endoplasmic reticulum;protein-containing complex
trpp-6	GO:0005794;GO:0005801;GO:0005802;GO:0030008	GO:0005794;GO:0032991;GO:0043226	Golgi apparatus;organelle;protein-containing complex
trpp-9	GO:0005794;GO:0005802	GO:0005794	Golgi apparatus
trr-1	GO:0000123;GO:0000124;GO:0035267;GO:0000793;GO:0005694;GO:0005634	GO:0005634;GO:0005694;GO:0032991	chromosome;nucleus;protein-containing complex
trt-1	GO:0000781;GO:0005634;GO:0005694	GO:0005634;GO:0005694	chromosome;nucleus
trul-1	GO:0005634;GO:0005694;GO:0090734	GO:0005634;GO:0005694	chromosome;nucleus
trx-1	GO:0005634;GO:0005737;GO:0030424;GO:0030425;GO:0043025;GO:0097730	GO:0005634;GO:0005737;GO:0005929;GO:0043005	cilium;cytoplasm;neuron projection;nucleus
trx-2	GO:0005739	GO:0005739	mitochondrion
trx-4	GO:0005737	GO:0005737	cytoplasm
trx-5			
trxr-1	GO:0005737;GO:0005739;GO:0005829	GO:0005737;GO:0005739;GO:0005829	cytoplasm;cytosol;mitochondrion
trxr-2	GO:0005737;GO:0005739;GO:0005829	GO:0005737;GO:0005739;GO:0005829	cytoplasm;cytosol;mitochondrion
try-1	GO:0005886	GO:0005886	plasma membrane
try-3	GO:0005615		
try-4	GO:0005615		
tsen-2	GO:0000214;GO:0005634;GO:0005737	GO:0005634;GO:0005737;GO:0032991	cytoplasm;nucleus;protein-containing complex
tsen-34	GO:0005634	GO:0005634	nucleus
tsen-54	GO:0000214	GO:0032991	protein-containing complex
tsfm-1	GO:0005739	GO:0005739	mitochondrion
tsg-101	GO:0000813;GO:0005768;GO:0010008	GO:0005768;GO:0016020;GO:0032991	endosome;membrane;protein-containing complex
tsp-12	GO:0005768;GO:0005794;GO:0005886;GO:0010008;GO:0016020;GO:0030659;GO:0031901;GO:0031902;GO:0055038;GO:0031410	GO:0005768;GO:0005794;GO:0005886;GO:0016020;GO:0031410	Golgi apparatus;cytoplasmic vesicle;endosome;membrane;plasma membrane
tsp-14	GO:0005768;GO:0005886;GO:0010008;GO:0016020;GO:0016323;GO:0016324;GO:0030659;GO:0031901;GO:0031902;GO:0055038;GO:0031410	GO:0005768;GO:0005886;GO:0016020;GO:0031410	cytoplasmic vesicle;endosome;membrane;plasma membrane
tsp-17	GO:0005886;GO:0016020;GO:0030424;GO:0030425;GO:0042995;GO:0048471	GO:0005886;GO:0016020;GO:0042995;GO:0043005	cell projection;membrane;neuron projection;plasma membrane
tsp-20	GO:0005886;GO:0016020	GO:0005886;GO:0016020	membrane;plasma membrane
tsp-21	GO:0005886;GO:0016020;GO:0016323;GO:0030659;GO:0031410	GO:0005886;GO:0016020;GO:0031410	cytoplasmic vesicle;membrane;plasma membrane
tsp-5	GO:0005886;GO:0016020	GO:0005886;GO:0016020	membrane;plasma membrane
tsp-6	GO:0005886;GO:0016020	GO:0005886;GO:0016020	membrane;plasma membrane
tsp-7	GO:0005886;GO:0016020	GO:0005886;GO:0016020	membrane;plasma membrane
tsp-8	GO:0005886;GO:0016020	GO:0005886;GO:0016020	membrane;plasma membrane
tsp-9	GO:0005886;GO:0016020	GO:0005886;GO:0016020	membrane;plasma membrane
tspo-1	GO:0005741;GO:0016020	GO:0016020	membrane
tsr-1	GO:0005737	GO:0005737	cytoplasm
tsr-2	GO:0005634	GO:0005634	nucleus
ttbk-7	GO:0005634;GO:0005737;GO:0015630	GO:0005634;GO:0005737;GO:0005856	cytoplasm;cytoskeleton;nucleus
ttc-37	GO:0055087	GO:0032991	protein-containing complex
ttc-7	GO:0005886	GO:0005886	plasma membrane
ttll-5	GO:0036064	GO:0005815	microtubule organizing center
ttm-1	GO:0005886;GO:0016020;GO:0016324;GO:0030659;GO:0031410	GO:0005886;GO:0016020;GO:0031410	cytoplasmic vesicle;membrane;plasma membrane
ttm-5	GO:0016020	GO:0016020	membrane
ttx-1	GO:0005634	GO:0005634	nucleus
ttx-3	GO:0005634;GO:0030424;GO:0042995;GO:0043204	GO:0005634;GO:0042995;GO:0043005	cell projection;neuron projection;nucleus
ttx-7	GO:0005737	GO:0005737	cytoplasm
tub-1	GO:0005737;GO:0005929;GO:0097730;GO:0030424;GO:0030425;GO:0042995;GO:1990075	GO:0005737;GO:0005929;GO:0016020;GO:0042995;GO:0043005	cell projection;cilium;cytoplasm;membrane;neuron projection
tufm-1	GO:0005739	GO:0005739	mitochondrion
twk-20	GO:0005886;GO:0016020	GO:0005886;GO:0016020	membrane;plasma membrane
twk-21	GO:0005886;GO:0016020	GO:0005886;GO:0016020	membrane;plasma membrane
twk-22	GO:0005886;GO:0016020	GO:0005886;GO:0016020	membrane;plasma membrane
twk-26	GO:0005886;GO:0016020	GO:0005886;GO:0016020	membrane;plasma membrane
twk-33	GO:0005886;GO:0016020	GO:0005886;GO:0016020	membrane;plasma membrane
twk-34	GO:0005886;GO:0016020	GO:0005886;GO:0016020	membrane;plasma membrane
twk-39	GO:0005886;GO:0016020	GO:0005886;GO:0016020	membrane;plasma membrane
twk-45	GO:0005886;GO:0016020	GO:0005886;GO:0016020	membrane;plasma membrane
twk-46	GO:0005886;GO:0016020	GO:0005886;GO:0016020	membrane;plasma membrane
twk-48	GO:0005886;GO:0016020	GO:0005886;GO:0016020	membrane;plasma membrane
twnk-1	GO:0005739;GO:0042645	GO:0005739;GO:0043226	mitochondrion;organelle
txdc-12.1	GO:0005783	GO:0005783	endoplasmic reticulum
txdc-12.2	GO:0005783	GO:0005783	endoplasmic reticulum
txdc-15	GO:0005929;GO:0016020	GO:0005929;GO:0016020	cilium;membrane
txt-2			
tyms-1	GO:0005739;GO:0005829	GO:0005739;GO:0005829	cytosol;mitochondrion
tyr-1			
tyr-2			
tyr-3			
tyr-4			
tyr-5			
tyr-6			
tyra-3	GO:0005886;GO:0016020;GO:0030425;GO:0045202	GO:0005886;GO:0016020;GO:0043005;GO:0045202	membrane;neuron projection;plasma membrane;synapse
uaf-1	GO:0000243;GO:0005681;GO:0071004;GO:0089701;GO:0005634;GO:0005654;GO:0016607	GO:0005634;GO:0005654;GO:0032991;GO:0043226	nucleoplasm;nucleus;organelle;protein-containing complex
uba-1	GO:0005634;GO:0005737	GO:0005634;GO:0005737	cytoplasm;nucleus
uba-2	GO:0005737;GO:0031510	GO:0005737;GO:0032991	cytoplasm;protein-containing complex
uba-5	GO:0005737;GO:0005829	GO:0005737;GO:0005829	cytoplasm;cytosol
ubc-1	GO:0031371;GO:0033503	GO:0032991	protein-containing complex
ubc-3			
ubc-8	GO:0005634	GO:0005634	nucleus
ubc-9	GO:0005634;GO:0005635	GO:0005634;GO:0005635	nuclear envelope;nucleus
ubh-1	GO:0005737	GO:0005737	cytoplasm
ubh-2	GO:0005737	GO:0005737	cytoplasm
ubh-3	GO:0005737	GO:0005737	cytoplasm
ubh-4	GO:0005737	GO:0005737	cytoplasm
ubq-2	GO:0005634;GO:0005737;GO:0005840;GO:1990904	GO:0005634;GO:0005737;GO:0005840;GO:0032991	cytoplasm;nucleus;protein-containing complex;ribosome
ubql-1	GO:0005829	GO:0005829	cytosol
ubr-1	GO:0000151;GO:0005737;GO:0016020	GO:0005737;GO:0016020;GO:0032991	cytoplasm;membrane;protein-containing complex
ubr-4			
ubr-5	GO:0005634;GO:0005737	GO:0005634;GO:0005737	cytoplasm;nucleus
ubxn-4	GO:0005783;GO:0005789;GO:0016020	GO:0005783;GO:0016020	endoplasmic reticulum;membrane
ucp-4	GO:0005739;GO:0005743;GO:0016020	GO:0005739;GO:0016020	membrane;mitochondrion
ucr-1	GO:0005739;GO:0005759	GO:0005739	mitochondrion
ucr-2.1	GO:0005739;GO:0016020	GO:0005739;GO:0016020	membrane;mitochondrion
ucr-2.2	GO:0005739;GO:0005759;GO:0016020	GO:0005739;GO:0016020	membrane;mitochondrion
ucr-2.3	GO:0005739;GO:0005759;GO:0016020	GO:0005739;GO:0016020	membrane;mitochondrion
ufc-1	GO:0005737;GO:0055120	GO:0005737	cytoplasm
ufd-1	GO:0005634;GO:0005737;GO:0034098	GO:0005634;GO:0005737;GO:0032991	cytoplasm;nucleus;protein-containing complex
ufm-1	GO:0005634;GO:0005737	GO:0005634;GO:0005737	cytoplasm;nucleus
ugt-10	GO:0016020	GO:0016020	membrane
ugt-12	GO:0016020	GO:0016020	membrane
ugt-13	GO:0016020	GO:0016020	membrane
ugt-15	GO:0016020	GO:0016020	membrane
ugt-16	GO:0016020	GO:0016020	membrane
ugt-17	GO:0016020	GO:0016020	membrane
ugt-18	GO:0016020	GO:0016020	membrane
ugt-19	GO:0016020	GO:0016020	membrane
ugt-20	GO:0016020	GO:0016020	membrane
ugt-21	GO:0016020	GO:0016020	membrane
ugt-22	GO:0016020	GO:0016020	membrane
ugt-23	GO:0016020	GO:0016020	membrane
ugt-25	GO:0016020	GO:0016020	membrane
ugt-26	GO:0016020	GO:0016020	membrane
ugt-27	GO:0016020	GO:0016020	membrane
ugt-29	GO:0016020	GO:0016020	membrane
ugt-32	GO:0016020	GO:0016020	membrane
ugt-34	GO:0016020	GO:0016020	membrane
ugt-37	GO:0016020	GO:0016020	membrane
ugt-39	GO:0016020	GO:0016020	membrane
ugt-40	GO:0016020	GO:0016020	membrane
ugt-41	GO:0016020	GO:0016020	membrane
ugt-42	GO:0016020	GO:0016020	membrane
ugt-44	GO:0016020	GO:0016020	membrane
ugt-45	GO:0016020	GO:0016020	membrane
ugt-46	GO:0016020	GO:0016020	membrane
ugt-47	GO:0016020	GO:0016020	membrane
ugt-48	GO:0016020	GO:0016020	membrane
ugt-49	GO:0016020	GO:0016020	membrane
ugt-50	GO:0016020	GO:0016020	membrane
ugt-52	GO:0016020	GO:0016020	membrane
ugt-61	GO:0016020	GO:0016020	membrane
ugt-62	GO:0016020	GO:0016020	membrane
ugt-66	GO:0016020	GO:0016020	membrane
ugt-67	GO:0016020	GO:0016020	membrane
ugt-7	GO:0016020	GO:0016020	membrane
ugt-8	GO:0016020	GO:0016020	membrane
ugtp-1	GO:0000139;GO:0016020;GO:0005797;GO:0060473	GO:0016020;GO:0031410	cytoplasmic vesicle;membrane
ula-1	GO:0005737	GO:0005737	cytoplasm
ulp-1	GO:0005634;GO:0005635	GO:0005634;GO:0005635	nuclear envelope;nucleus
ulp-5	GO:0005634	GO:0005634	nucleus
umps-1	GO:0005737	GO:0005737	cytoplasm
unc-1	GO:0005886;GO:0005911;GO:0005921;GO:0070161;GO:0016020;GO:0030424;GO:0043005	GO:0005886;GO:0016020;GO:0030054;GO:0043005	cell junction;membrane;neuron projection;plasma membrane
unc-10	GO:0016020;GO:0042734;GO:0030424;GO:0045202;GO:0048786;GO:0098831	GO:0005737;GO:0016020;GO:0043005;GO:0045202	cytoplasm;membrane;neuron projection;synapse
unc-103	GO:0005886;GO:0016020;GO:0034702	GO:0005886;GO:0016020;GO:0032991	membrane;plasma membrane;protein-containing complex
unc-104	GO:0005737;GO:1904115;GO:0005856;GO:0005871;GO:0005874;GO:0043025;GO:0098793;GO:0005886;GO:0030424;GO:0030425;GO:0042995	GO:0005737;GO:0005856;GO:0005886;GO:0032991;GO:0042995;GO:0043005	cell projection;cytoplasm;cytoskeleton;neuron projection;plasma membrane;protein-containing complex
unc-105	GO:0005886;GO:0016020	GO:0005886;GO:0016020	membrane;plasma membrane
unc-11	GO:0005794;GO:0005905;GO:0016020;GO:0042734;GO:0008021;GO:0030136;GO:0031410;GO:0098894	GO:0005794;GO:0016020;GO:0031410	Golgi apparatus;cytoplasmic vesicle;membrane
unc-112	GO:0005737;GO:0005886;GO:0016020;GO:0030055;GO:0031430;GO:0055120	GO:0005737;GO:0005886;GO:0016020;GO:0030054	cell junction;cytoplasm;membrane;plasma membrane
unc-116	GO:0005635;GO:0005737;GO:0032839;GO:1904115;GO:0005856;GO:0005871;GO:0016938;GO:0005874;GO:0043005;GO:0045202	GO:0005635;GO:0005737;GO:0005856;GO:0032991;GO:0043005;GO:0045202	cytoplasm;cytoskeleton;neuron projection;nuclear envelope;protein-containing complex;synapse
unc-119	GO:0005929;GO:0030424	GO:0005929;GO:0043005	cilium;neuron projection
unc-120	GO:0005634	GO:0005634	nucleus
unc-122	GO:0005576;GO:0005615;GO:0016020;GO:0045211	GO:0005576;GO:0016020	extracellular region;membrane
unc-13	GO:0005886;GO:0030672;GO:0042734;GO:0031594;GO:0045202;GO:0043195;GO:0048786;GO:0098793	GO:0005886;GO:0016020;GO:0045202	membrane;plasma membrane;synapse
unc-130	GO:0005634	GO:0005634	nucleus
unc-14	GO:0031410;GO:0043005	GO:0031410;GO:0043005	cytoplasmic vesicle;neuron projection
unc-16	GO:0005737;GO:0030424;GO:0043194;GO:0043679;GO:0044297;GO:0048471	GO:0005737;GO:0043005	cytoplasm;neuron projection
unc-17	GO:0005886;GO:0008021;GO:0031410;GO:0016020;GO:0030672;GO:0031090;GO:0030121;GO:0030122;GO:0043005;GO:0043195;GO:0045202;GO:0060076	GO:0005886;GO:0016020;GO:0031410;GO:0032991;GO:0043005;GO:0045202	cytoplasmic vesicle;membrane;neuron projection;plasma membrane;protein-containing complex;synapse
unc-18	GO:0005737;GO:0005829;GO:0005886;GO:0016020;GO:0030141;GO:0030424;GO:0042995;GO:0045202;GO:0098793	GO:0005737;GO:0005829;GO:0005886;GO:0016020;GO:0031410;GO:0042995;GO:0043005;GO:0045202	cell projection;cytoplasm;cytoplasmic vesicle;cytosol;membrane;neuron projection;plasma membrane;synapse
unc-2	GO:0005891;GO:0034702;GO:0016020;GO:0016323;GO:0048787;GO:0098793	GO:0016020;GO:0032991	membrane;protein-containing complex
unc-22	GO:0005737;GO:0030017;GO:0031430;GO:0031672	GO:0005737	cytoplasm
unc-25	GO:0005737;GO:0008021;GO:0030424;GO:0043025;GO:0043204;GO:0060077	GO:0005737;GO:0031410;GO:0043005;GO:0045202	cytoplasm;cytoplasmic vesicle;neuron projection;synapse
unc-26	GO:0005737;GO:0008021;GO:0031410;GO:0016020;GO:0045202	GO:0005737;GO:0016020;GO:0031410;GO:0045202	cytoplasm;cytoplasmic vesicle;membrane;synapse
unc-27	GO:0005861;GO:0030017	GO:0032991	protein-containing complex
unc-29	GO:0005886;GO:0005892;GO:0016020;GO:0045211;GO:0043005;GO:0043025;GO:0045202	GO:0005886;GO:0016020;GO:0032991;GO:0043005;GO:0045202	membrane;neuron projection;plasma membrane;protein-containing complex;synapse
unc-3	GO:0005634	GO:0005634	nucleus
unc-30	GO:0005634	GO:0005634	nucleus
unc-31	GO:0016020;GO:0030659;GO:0030424;GO:0031045;GO:0031410;GO:0043025;GO:0098793;GO:0045202	GO:0016020;GO:0031410;GO:0043005;GO:0045202	cytoplasmic vesicle;membrane;neuron projection;synapse
unc-32	GO:0000220;GO:0016471;GO:0033179;GO:0005886;GO:0016020;GO:0045202	GO:0005886;GO:0016020;GO:0032991;GO:0045202	membrane;plasma membrane;protein-containing complex;synapse
unc-33	GO:0005829;GO:0030424;GO:0030425;GO:0043005;GO:0042995	GO:0005829;GO:0042995;GO:0043005	cell projection;cytosol;neuron projection
unc-34	GO:0005737;GO:0005886;GO:0005925;GO:0030054;GO:0031252;GO:0032433	GO:0005737;GO:0005886;GO:0030054	cell junction;cytoplasm;plasma membrane
unc-36	GO:0005789;GO:0016020;GO:0005886;GO:0005891;GO:0034702	GO:0005886;GO:0016020;GO:0032991	membrane;plasma membrane;protein-containing complex
unc-38	GO:0005886;GO:0005892;GO:0016020;GO:0045211;GO:0043005;GO:0045202	GO:0005886;GO:0016020;GO:0032991;GO:0043005;GO:0045202	membrane;neuron projection;plasma membrane;protein-containing complex;synapse
unc-39	GO:0005634;GO:0005667	GO:0005634;GO:0032991	nucleus;protein-containing complex
unc-40	GO:0005886;GO:0016020;GO:0031253;GO:0043235;GO:0044295	GO:0005886;GO:0016020;GO:0032991	membrane;plasma membrane;protein-containing complex
unc-42	GO:0005634	GO:0005634	nucleus
unc-43	GO:0005737;GO:1904115;GO:0014069;GO:0030424;GO:0043005;GO:0042995;GO:0043204	GO:0005737;GO:0042995;GO:0043005;GO:0043226	cell projection;cytoplasm;neuron projection;organelle
unc-44	GO:0005737;GO:0005856;GO:0016020;GO:0016328	GO:0005737;GO:0005856;GO:0016020	cytoplasm;cytoskeleton;membrane
unc-45	GO:0005737;GO:0005938;GO:0005886;GO:0032154;GO:0048471	GO:0005737;GO:0005886;GO:0016020	cytoplasm;membrane;plasma membrane
unc-47	GO:0008021;GO:0031410;GO:0016020;GO:0030659;GO:0030672;GO:0044292;GO:0044306	GO:0016020;GO:0031410	cytoplasmic vesicle;membrane
unc-49	GO:0005886;GO:0016020;GO:0045211;GO:0031594;GO:0045202;GO:0034707;GO:1902711;GO:0098794	GO:0005886;GO:0016020;GO:0032991;GO:0045202	membrane;plasma membrane;protein-containing complex;synapse
unc-51	GO:0000407;GO:0043025;GO:0005737;GO:0005776;GO:0005829;GO:0030424;GO:0043005;GO:0034045;GO:1902554	GO:0005737;GO:0005773;GO:0005829;GO:0016020;GO:0032991;GO:0043005	cytoplasm;cytosol;membrane;neuron projection;protein-containing complex;vacuole
unc-52	GO:0005576;GO:0005604;GO:0031012;GO:0005737;GO:0016020;GO:0031430;GO:0055120	GO:0005576;GO:0005737;GO:0016020;GO:0031012	cytoplasm;extracellular matrix;extracellular region;membrane
unc-53	GO:0005737	GO:0005737	cytoplasm
unc-54	GO:0005737;GO:0005859;GO:0016459;GO:0016460;GO:0005863;GO:0031672;GO:0032982;GO:0030016	GO:0005737;GO:0032991;GO:0043226	cytoplasm;organelle;protein-containing complex
unc-55	GO:0005634;GO:0090575	GO:0005634;GO:0032991	nucleus;protein-containing complex
unc-57	GO:0005737;GO:0008021;GO:0031410;GO:0016020;GO:0031594;GO:0045202;GO:0098978;GO:0098793	GO:0005737;GO:0016020;GO:0031410;GO:0045202	cytoplasm;cytoplasmic vesicle;membrane;synapse
unc-59	GO:0005856;GO:0005940;GO:0015630;GO:0030496;GO:0032153;GO:0031105;GO:0032154	GO:0005856;GO:0016020;GO:0032991	cytoskeleton;membrane;protein-containing complex
unc-6	GO:0005576;GO:0005604;GO:0005737;GO:0030424	GO:0005576;GO:0005737;GO:0031012;GO:0043005	cytoplasm;extracellular matrix;extracellular region;neuron projection
unc-61	GO:0005737;GO:0005856;GO:0005940;GO:0015630;GO:0016020;GO:0032154;GO:0030496;GO:0032153;GO:0031105	GO:0005737;GO:0005856;GO:0016020;GO:0032991	cytoplasm;cytoskeleton;membrane;protein-containing complex
unc-62	GO:0000785;GO:0005634	GO:0005634	nucleus
unc-63	GO:0005886;GO:0005892;GO:0016020;GO:0045211;GO:0031594;GO:0045202;GO:0043005	GO:0005886;GO:0016020;GO:0032991;GO:0043005;GO:0045202	membrane;neuron projection;plasma membrane;protein-containing complex;synapse
unc-64	GO:0005886;GO:0012505;GO:0043025;GO:0043204;GO:0098793;GO:0016020;GO:0016323;GO:0030424;GO:0030425;GO:0031201;GO:0042995;GO:0045202	GO:0005886;GO:0016020;GO:0032991;GO:0042995;GO:0043005;GO:0045202	cell projection;membrane;neuron projection;plasma membrane;protein-containing complex;synapse
unc-68	GO:0016020;GO:0033017;GO:0016529;GO:0031674	GO:0005783;GO:0016020	endoplasmic reticulum;membrane
unc-7	GO:0005886;GO:0005911;GO:0005921;GO:0070161;GO:0016020;GO:0032589	GO:0005886;GO:0016020;GO:0030054	cell junction;membrane;plasma membrane
unc-70	GO:0005737;GO:0005938;GO:0005829;GO:0005856;GO:0030864;GO:0005886;GO:0008091;GO:0016020;GO:0016328;GO:0031430;GO:0031674;GO:0055120;GO:0030054;GO:0042995	GO:0005737;GO:0005829;GO:0005856;GO:0005886;GO:0016020;GO:0030054;GO:0032991;GO:0042995	cell junction;cell projection;cytoplasm;cytoskeleton;cytosol;membrane;plasma membrane;protein-containing complex
unc-71	GO:0005886;GO:0016020	GO:0005886;GO:0016020	membrane;plasma membrane
unc-73	GO:0005737;GO:0019898;GO:0030424;GO:0036194	GO:0005737;GO:0042995;GO:0043005	cell projection;cytoplasm;neuron projection
unc-75	GO:0005634;GO:0005737;GO:0016607;GO:0045202;GO:1990904	GO:0005634;GO:0005737;GO:0032991;GO:0043226;GO:0045202	cytoplasm;nucleus;organelle;protein-containing complex;synapse
unc-76	GO:0005737;GO:1904115;GO:0030424;GO:0043025;GO:0048471	GO:0005737;GO:0043005	cytoplasm;neuron projection
unc-77	GO:0005886;GO:0016020;GO:0030424;GO:0034702	GO:0005886;GO:0016020;GO:0032991;GO:0043005	membrane;neuron projection;plasma membrane;protein-containing complex
unc-79	GO:0030424	GO:0043005	neuron projection
unc-8	GO:0005886;GO:0016020;GO:0043025	GO:0005886;GO:0016020	membrane;plasma membrane
unc-82	GO:0031430		
unc-83	GO:0005634;GO:0005635;GO:0005640;GO:0016020;GO:0031965;GO:0034993	GO:0005634;GO:0005635;GO:0016020;GO:0032991	membrane;nuclear envelope;nucleus;protein-containing complex
unc-85	GO:0000785;GO:0005634	GO:0005634	nucleus
unc-86	GO:0005634;GO:0090575	GO:0005634;GO:0032991	nucleus;protein-containing complex
unc-89	GO:0005737;GO:0031430;GO:0031672	GO:0005737	cytoplasm
unc-9	GO:0005886;GO:0005911;GO:0005921;GO:0070161;GO:0016020	GO:0005886;GO:0016020;GO:0030054	cell junction;membrane;plasma membrane
unc-94	GO:0005737;GO:0005856;GO:1990357;GO:0005865;GO:0030016	GO:0005737;GO:0005856;GO:0043226	cytoplasm;cytoskeleton;organelle
unc-97	GO:0005634;GO:0005654;GO:0005737;GO:0005911;GO:0005912;GO:0005925;GO:0070161;GO:0009925;GO:0031430;GO:0055120	GO:0005634;GO:0005654;GO:0005737;GO:0016020;GO:0030054	cell junction;cytoplasm;membrane;nucleoplasm;nucleus
ung-1	GO:0005634;GO:0005739	GO:0005634;GO:0005739	mitochondrion;nucleus
upp-1	GO:0005737;GO:0005829	GO:0005737;GO:0005829	cytoplasm;cytosol
uroc-1			
usp-14	GO:0000502	GO:0032991	protein-containing complex
usp-3	GO:0005737	GO:0005737	cytoplasm
usp-33	GO:0005634;GO:0005829	GO:0005634;GO:0005829	cytosol;nucleus
usp-4			
usp-48	GO:0005634;GO:0005694;GO:0005829	GO:0005634;GO:0005694;GO:0005829	chromosome;cytosol;nucleus
usp-50	GO:0005769	GO:0005768	endosome
utx-1	GO:0005634;GO:0044666	GO:0005634;GO:0032991	nucleus;protein-containing complex
uvs-1	GO:0005694	GO:0005694	chromosome
vab-1	GO:0005886;GO:0016020;GO:0030424;GO:0043235	GO:0005886;GO:0016020;GO:0032991;GO:0043005	membrane;neuron projection;plasma membrane;protein-containing complex
vab-10	GO:0005737;GO:0005856;GO:0005874;GO:0005882;GO:0005886;GO:0009925;GO:0016020;GO:0016324;GO:0030056	GO:0005737;GO:0005856;GO:0005886;GO:0016020;GO:0030054	cell junction;cytoplasm;cytoskeleton;membrane;plasma membrane
vab-15	GO:0005634	GO:0005634	nucleus
vab-19	GO:0005737;GO:0005856;GO:0005882;GO:0005911;GO:0030055;GO:0030056	GO:0005737;GO:0005856;GO:0030054	cell junction;cytoplasm;cytoskeleton
vab-2	GO:0005886;GO:0009897;GO:0016020;GO:0030424	GO:0005886;GO:0016020;GO:0043005	membrane;neuron projection;plasma membrane
vab-23	GO:0005634;GO:0016607	GO:0005634;GO:0043226	nucleus;organelle
vab-3	GO:0005634;GO:0005737	GO:0005634;GO:0005737	cytoplasm;nucleus
vab-8	GO:0005737;GO:0005856;GO:0005865;GO:0005874	GO:0005737;GO:0005856	cytoplasm;cytoskeleton
vab-9	GO:0005911;GO:0030054;GO:0070161;GO:0016020	GO:0016020;GO:0030054	cell junction;membrane
vacl-14	GO:0010008;GO:0016020;GO:0012505;GO:0070772	GO:0016020;GO:0032991	membrane;protein-containing complex
vang-1	GO:0005886;GO:0016020;GO:0016323;GO:0016324	GO:0005886;GO:0016020	membrane;plasma membrane
vars-1	GO:0005829	GO:0005829	cytosol
vav-1	GO:0005737	GO:0005737	cytoplasm
vbh-1	GO:0005634;GO:0005737;GO:0010494;GO:0043186	GO:0005634;GO:0005737;GO:0043226	cytoplasm;nucleus;organelle
vdac-1	GO:0005739;GO:0005741;GO:0016020;GO:0046930	GO:0005739;GO:0016020;GO:0032991	membrane;mitochondrion;protein-containing complex
vem-1	GO:0012505;GO:0016020;GO:0030424;GO:0042995	GO:0016020;GO:0042995;GO:0043005	cell projection;membrane;neuron projection
vep-1	GO:0000126;GO:0005634	GO:0005634;GO:0032991	nucleus;protein-containing complex
ver-1	GO:0005886;GO:0016020;GO:0043235	GO:0005886;GO:0016020;GO:0032991	membrane;plasma membrane;protein-containing complex
ver-3	GO:0005886;GO:0016020;GO:0043235	GO:0005886;GO:0016020;GO:0032991	membrane;plasma membrane;protein-containing complex
ver-4	GO:0005886;GO:0016020;GO:0043235	GO:0005886;GO:0016020;GO:0032991	membrane;plasma membrane;protein-containing complex
vgln-1			
vglu-2	GO:0016020;GO:0030672;GO:0060076	GO:0016020;GO:0045202	membrane;synapse
vglu-3	GO:0016020;GO:0030672;GO:0060076	GO:0016020;GO:0045202	membrane;synapse
vha-1	GO:0016020;GO:0045121;GO:0033177;GO:0033179	GO:0016020;GO:0032991	membrane;protein-containing complex
vha-11	GO:0000221;GO:0016471;GO:0033180;GO:0005737;GO:0016020	GO:0005737;GO:0016020;GO:0032991	cytoplasm;membrane;protein-containing complex
vha-12	GO:0033180	GO:0032991	protein-containing complex
vha-13	GO:0033180	GO:0032991	protein-containing complex
vha-15	GO:0000221;GO:0016020	GO:0016020;GO:0032991	membrane;protein-containing complex
vha-16	GO:0005769;GO:0016471;GO:0033179;GO:0033181	GO:0005768;GO:0032991	endosome;protein-containing complex
vha-18	GO:0000221	GO:0032991	protein-containing complex
vha-19	GO:0016020;GO:0045121;GO:0033176	GO:0016020;GO:0032991	membrane;protein-containing complex
vha-2	GO:0016020;GO:0033177;GO:0033179	GO:0016020;GO:0032991	membrane;protein-containing complex
vha-20	GO:0005737;GO:0005783;GO:0005789;GO:0016020;GO:0016324;GO:0098588;GO:0005886;GO:0009897;GO:0031982	GO:0005737;GO:0005783;GO:0005886;GO:0016020;GO:0043226	cytoplasm;endoplasmic reticulum;membrane;organelle;plasma membrane
vha-5	GO:0000220;GO:0016471;GO:0033179;GO:0005768;GO:0005771;GO:0005886;GO:0016020;GO:0016324;GO:0032585;GO:0031410;GO:0070382;GO:0044298	GO:0005768;GO:0005886;GO:0016020;GO:0031410;GO:0032991	cytoplasmic vesicle;endosome;membrane;plasma membrane;protein-containing complex
vha-6	GO:0000220;GO:0016471;GO:0033179;GO:0005886;GO:0016020;GO:0016324;GO:0045177	GO:0005886;GO:0016020;GO:0032991	membrane;plasma membrane;protein-containing complex
vha-7	GO:0000220;GO:0016471;GO:0033179;GO:0005886;GO:0016020	GO:0005886;GO:0016020;GO:0032991	membrane;plasma membrane;protein-containing complex
vha-8	GO:0005737;GO:0005886;GO:0016020;GO:0016324;GO:0033178	GO:0005737;GO:0005886;GO:0016020;GO:0032991	cytoplasm;membrane;plasma membrane;protein-containing complex
vhl-1	GO:0005634;GO:0030891;GO:0031462	GO:0005634;GO:0032991	nucleus;protein-containing complex
vhp-1	GO:0005634;GO:0005737	GO:0005634;GO:0005737	cytoplasm;nucleus
viln-1	GO:0005737;GO:0015629	GO:0005737;GO:0005856	cytoplasm;cytoskeleton
vms-1	GO:0005737;GO:0005739;GO:0030425	GO:0005737;GO:0005739;GO:0043005	cytoplasm;mitochondrion;neuron projection
vnut-1	GO:0016020	GO:0016020	membrane
vpr-1	GO:0005789;GO:0016020;GO:0005856;GO:0005886	GO:0005856;GO:0005886;GO:0016020	cytoskeleton;membrane;plasma membrane
vps-11	GO:0005764;GO:0005765;GO:0016020;GO:0031901;GO:0031902;GO:0005768;GO:0030897;GO:0033263;GO:0099023	GO:0005764;GO:0005768;GO:0016020;GO:0032991	endosome;lysosome;membrane;protein-containing complex
vps-13A			
vps-13D			
vps-16	GO:0005737;GO:0005764;GO:0005765;GO:0016020;GO:0031901;GO:0031902;GO:0005768;GO:0030897;GO:0033263	GO:0005737;GO:0005764;GO:0005768;GO:0016020;GO:0032991	cytoplasm;endosome;lysosome;membrane;protein-containing complex
vps-18	GO:0005737;GO:0005764;GO:0005765;GO:0016020;GO:0031901;GO:0031902;GO:0005768;GO:0005769;GO:0005776;GO:0030136;GO:0031410;GO:0030897;GO:0033263	GO:0005737;GO:0005764;GO:0005768;GO:0005773;GO:0016020;GO:0031410;GO:0032991	cytoplasm;cytoplasmic vesicle;endosome;lysosome;membrane;protein-containing complex;vacuole
vps-22	GO:0000814	GO:0032991	protein-containing complex
vps-25	GO:0000814;GO:0005737	GO:0005737;GO:0032991	cytoplasm;protein-containing complex
vps-26	GO:0005768;GO:0005829;GO:0030904	GO:0005768;GO:0005829;GO:0032991	cytosol;endosome;protein-containing complex
vps-32.1	GO:0000815;GO:0005768;GO:0005770;GO:0005771;GO:0009898;GO:0012505;GO:0010008;GO:0045121	GO:0005768;GO:0016020;GO:0032991	endosome;membrane;protein-containing complex
vps-33.1	GO:0005764;GO:0005768;GO:0005769;GO:0005770;GO:0005886;GO:0016020;GO:0016324;GO:0030897;GO:0033263	GO:0005764;GO:0005768;GO:0005886;GO:0016020;GO:0032991	endosome;lysosome;membrane;plasma membrane;protein-containing complex
vps-33.2	GO:0005764;GO:0005765;GO:0016020;GO:0031901;GO:0031902;GO:0005768;GO:0005769;GO:0055037;GO:0030136;GO:0031410;GO:0033263	GO:0005764;GO:0005768;GO:0016020;GO:0031410;GO:0032991	cytoplasmic vesicle;endosome;lysosome;membrane;protein-containing complex
vps-34	GO:0000407;GO:0001891;GO:0005634;GO:0005640;GO:0016020;GO:0005730;GO:0005737;GO:0005768;GO:0005777;GO:0034271;GO:0034272;GO:0042995	GO:0005634;GO:0005730;GO:0005737;GO:0005768;GO:0005777;GO:0016020;GO:0032991;GO:0042995	cell projection;cytoplasm;endosome;membrane;nucleolus;nucleus;peroxisome;protein-containing complex
vps-35	GO:0005770;GO:0005829;GO:0016020;GO:0030425;GO:0030904;GO:0030906;GO:0043025	GO:0005768;GO:0005829;GO:0016020;GO:0032991;GO:0043005	cytosol;endosome;membrane;neuron projection;protein-containing complex
vps-36	GO:0000814;GO:0005737;GO:0005768;GO:0031902	GO:0005737;GO:0005768;GO:0016020;GO:0032991	cytoplasm;endosome;membrane;protein-containing complex
vps-4	GO:0005737;GO:0005768;GO:0016020;GO:0031902	GO:0005737;GO:0005768;GO:0016020	cytoplasm;endosome;membrane
vps-41	GO:0005737;GO:0005764;GO:0005765;GO:0010008;GO:0016020;GO:0031901;GO:0031902;GO:0005768;GO:0005770;GO:0005773;GO:0005794;GO:0005829;GO:0030136;GO:0031410;GO:0030897	GO:0005737;GO:0005764;GO:0005768;GO:0005773;GO:0005794;GO:0005829;GO:0016020;GO:0031410;GO:0032991	Golgi apparatus;cytoplasm;cytoplasmic vesicle;cytosol;endosome;lysosome;membrane;protein-containing complex;vacuole
vps-45	GO:0000139	GO:0016020	membrane
vps-51	GO:0000938;GO:1990745;GO:0005794;GO:0005829;GO:0016020	GO:0005794;GO:0005829;GO:0016020;GO:0032991	Golgi apparatus;cytosol;membrane;protein-containing complex
vps-53	GO:0000938;GO:0005737;GO:0005768;GO:0005794;GO:0005829;GO:0010008;GO:0016020;GO:0043204;GO:0048471	GO:0005737;GO:0005768;GO:0005794;GO:0005829;GO:0016020;GO:0032991	Golgi apparatus;cytoplasm;cytosol;endosome;membrane;protein-containing complex
vps-54	GO:0000938;GO:0005794;GO:0005829	GO:0005794;GO:0005829;GO:0032991	Golgi apparatus;cytosol;protein-containing complex
vrk-1	GO:0000785;GO:0005634;GO:0005635;GO:0005737;GO:0015030	GO:0005634;GO:0005635;GO:0005737;GO:0043226	cytoplasm;nuclear envelope;nucleus;organelle
vwa-8	GO:0005737	GO:0005737	cytoplasm
wac-1.1	GO:0005634	GO:0005634	nucleus
wac-1.2			
wah-1	GO:0005634;GO:0005739;GO:0005829;GO:0016020	GO:0005634;GO:0005739;GO:0005829;GO:0016020	cytosol;membrane;mitochondrion;nucleus
wars-1	GO:0005737	GO:0005737	cytoplasm
wbp-2	GO:0005634	GO:0005634	nucleus
wdfy-3			
wdr-37			
wdr-4	GO:0005634;GO:0005829;GO:0043527	GO:0005634;GO:0005829;GO:0032991	cytosol;nucleus;protein-containing complex
wdr-5.1	GO:0005634;GO:0005737;GO:0044666;GO:0048188	GO:0005634;GO:0005737;GO:0032991	cytoplasm;nucleus;protein-containing complex
wdr-5.3	GO:0000776;GO:0005635;GO:0005875;GO:0044666;GO:0005881;GO:0043025;GO:0043005;GO:1904115	GO:0005635;GO:0005737;GO:0032991;GO:0043005;GO:0043226	cytoplasm;neuron projection;nuclear envelope;organelle;protein-containing complex
wdr-60	GO:0005868	GO:0032991	protein-containing complex
wdr-62			
wht-1	GO:0005886;GO:0016020	GO:0005886;GO:0016020	membrane;plasma membrane
wht-2	GO:0005886;GO:0016020	GO:0005886;GO:0016020	membrane;plasma membrane
wht-3	GO:0005886;GO:0016020	GO:0005886;GO:0016020	membrane;plasma membrane
wht-4	GO:0005886;GO:0016020	GO:0005886;GO:0016020	membrane;plasma membrane
wht-5	GO:0005886;GO:0016020	GO:0005886;GO:0016020	membrane;plasma membrane
wht-6	GO:0005886;GO:0016020	GO:0005886;GO:0016020	membrane;plasma membrane
wht-7	GO:0005886;GO:0016020	GO:0005886;GO:0016020	membrane;plasma membrane
wht-8	GO:0005886;GO:0016020	GO:0005886;GO:0016020	membrane;plasma membrane
wnk-1	GO:0005737	GO:0005737	cytoplasm
wrk-1	GO:0005886;GO:0030424;GO:0043025	GO:0005886;GO:0043005	neuron projection;plasma membrane
wrn-1	GO:0005634;GO:0005654;GO:0005694;GO:0005737;GO:0035861	GO:0005634;GO:0005654;GO:0005694;GO:0005737	chromosome;cytoplasm;nucleoplasm;nucleus
wrt-1	GO:0005576;GO:0005886;GO:0009986;GO:0016020;GO:0031012	GO:0005576;GO:0005886;GO:0016020;GO:0031012	extracellular matrix;extracellular region;membrane;plasma membrane
wrt-4	GO:0005576;GO:0005886;GO:0009986;GO:0016020;GO:0031012	GO:0005576;GO:0005886;GO:0016020;GO:0031012	extracellular matrix;extracellular region;membrane;plasma membrane
wrt-6	GO:0005576;GO:0005886;GO:0009986;GO:0016020;GO:0031012	GO:0005576;GO:0005886;GO:0016020;GO:0031012	extracellular matrix;extracellular region;membrane;plasma membrane
wrt-7	GO:0005576;GO:0031012	GO:0005576;GO:0031012	extracellular matrix;extracellular region
wrt-8	GO:0005576;GO:0005886;GO:0009986;GO:0016020;GO:0031012	GO:0005576;GO:0005886;GO:0016020;GO:0031012	extracellular matrix;extracellular region;membrane;plasma membrane
wshc-4	GO:0005768;GO:0071203	GO:0005768;GO:0032991	endosome;protein-containing complex
wshc-5	GO:0005768;GO:0071203	GO:0005768;GO:0032991	endosome;protein-containing complex
wts-1	GO:0005737;GO:0005886;GO:0016020;GO:0016324;GO:0045177;GO:0071944	GO:0005737;GO:0005886;GO:0016020	cytoplasm;membrane;plasma membrane
wwp-1	GO:0005737	GO:0005737	cytoplasm
xbp-1	GO:0005634;GO:0098793	GO:0005634	nucleus
xbx-1	GO:0005737;GO:0005813;GO:0036064;GO:0005856;GO:0005868;GO:0030286;GO:0005874;GO:0005930;GO:0035869;GO:0097546;GO:0005929;GO:0097730;GO:0042995	GO:0005737;GO:0005815;GO:0005856;GO:0005929;GO:0032991;GO:0042995	cell projection;cilium;cytoplasm;cytoskeleton;microtubule organizing center;protein-containing complex
xbx-6	GO:0005783;GO:0005794;GO:0016020	GO:0005783;GO:0005794;GO:0016020	Golgi apparatus;endoplasmic reticulum;membrane
xdh-1	GO:0005777	GO:0005777	peroxisome
xnp-1	GO:0005634	GO:0005634	nucleus
xpa-1	GO:0000110;GO:0005634	GO:0005634;GO:0032991	nucleus;protein-containing complex
xpb-1	GO:0000112;GO:0005675;GO:0097550;GO:0005634	GO:0005634;GO:0032991	nucleus;protein-containing complex
xpc-1	GO:0000111;GO:0071942;GO:0005634;GO:0005737	GO:0005634;GO:0005737;GO:0032991	cytoplasm;nucleus;protein-containing complex
xpd-1	GO:0005634	GO:0005634	nucleus
xpf-1	GO:0000110;GO:0005634	GO:0005634;GO:0032991	nucleus;protein-containing complex
xpg-1	GO:0005634	GO:0005634	nucleus
xpo-1	GO:0005634;GO:0005737	GO:0005634;GO:0005737	cytoplasm;nucleus
xrn-1	GO:0005634;GO:0005737	GO:0005634;GO:0005737	cytoplasm;nucleus
xrn-2	GO:0005634;GO:0005730	GO:0005634;GO:0005730	nucleolus;nucleus
yap-1	GO:0005634;GO:0005737;GO:0005856;GO:0005911;GO:0005929;GO:0005930;GO:0097546;GO:0042995;GO:0090575	GO:0005634;GO:0005737;GO:0005856;GO:0005929;GO:0030054;GO:0032991;GO:0042995	cell junction;cell projection;cilium;cytoplasm;cytoskeleton;nucleus;protein-containing complex
yars-1	GO:0005737	GO:0005737	cytoplasm
yars-2	GO:0005739;GO:0005829	GO:0005739;GO:0005829	cytosol;mitochondrion
yif-1	GO:0000139;GO:0005789;GO:0016020;GO:0005783;GO:0005793;GO:0005794;GO:0030134	GO:0005783;GO:0005794;GO:0016020;GO:0031410;GO:0043226	Golgi apparatus;cytoplasmic vesicle;endoplasmic reticulum;membrane;organelle
ykt-6	GO:0000139;GO:0016020;GO:0030659;GO:0005783;GO:0005794;GO:0005886	GO:0005783;GO:0005794;GO:0005886;GO:0016020	Golgi apparatus;endoplasmic reticulum;membrane;plasma membrane
ymel-1	GO:0005739;GO:0005743;GO:0016020;GO:0005745	GO:0005739;GO:0016020;GO:0032991	membrane;mitochondrion;protein-containing complex
yop-1	GO:0005886;GO:0016020;GO:0032541	GO:0005886;GO:0016020	membrane;plasma membrane
zag-1	GO:0005634	GO:0005634	nucleus
zak-1	GO:0005634;GO:0005737	GO:0005634;GO:0005737	cytoplasm;nucleus
zen-4	GO:0005634;GO:0005737;GO:0005813;GO:0005819;GO:0005856;GO:0005871;GO:0097149;GO:0005874;GO:0030496;GO:0051233;GO:1990023;GO:0032154	GO:0005634;GO:0005737;GO:0005815;GO:0005856;GO:0016020;GO:0032991;GO:0043226	cytoplasm;cytoskeleton;membrane;microtubule organizing center;nucleus;organelle;protein-containing complex
zfh-2	GO:0005634	GO:0005634	nucleus
zfp-1	GO:0000785;GO:0000793;GO:0005694;GO:0005634;GO:0035097;GO:0070776	GO:0005634;GO:0005694;GO:0032991	chromosome;nucleus;protein-containing complex
zfp-2	GO:0005634	GO:0005634	nucleus
zfyv-19	GO:0005813;GO:0030496;GO:0032154	GO:0005815;GO:0016020	membrane;microtubule organizing center
zhp-1	GO:0000795;GO:0005694	GO:0005694	chromosome
zhp-2	GO:0000795;GO:0005694	GO:0005694	chromosome
zhp-3	GO:0000795;GO:0005694	GO:0005694	chromosome
zhp-4	GO:0000795;GO:0005694	GO:0005694	chromosome
zig-10	GO:0016020;GO:0032589	GO:0016020	membrane
zig-4	GO:0005576	GO:0005576	extracellular region
zip-4	GO:0005634	GO:0005634	nucleus
zipt-13	GO:0016020	GO:0016020	membrane
zipt-15	GO:0005886;GO:0016020	GO:0005886;GO:0016020	membrane;plasma membrane
zipt-16	GO:0005886;GO:0016020	GO:0005886;GO:0016020	membrane;plasma membrane
zipt-17	GO:0016020	GO:0016020	membrane
zipt-7.1	GO:0016020	GO:0016020	membrane
zipt-7.2	GO:0016020	GO:0016020	membrane
zmp-1	GO:0005886;GO:0009986;GO:0016020;GO:0016323;GO:0031012	GO:0005886;GO:0016020;GO:0031012	extracellular matrix;membrane;plasma membrane
zmp-2	GO:0005576;GO:0005615;GO:0031012	GO:0005576;GO:0031012	extracellular matrix;extracellular region
zmp-3	GO:0005576;GO:0005615;GO:0031012	GO:0005576;GO:0031012	extracellular matrix;extracellular region
zmp-5	GO:0005615;GO:0016020;GO:0031012	GO:0016020;GO:0031012	extracellular matrix;membrane
zmp-6	GO:0031012	GO:0031012	extracellular matrix
znf-622	GO:0005737;GO:0030687	GO:0005737;GO:0032991	cytoplasm;protein-containing complex
znfx-1	GO:0005634;GO:0005694;GO:0005737;GO:0031380;GO:0048471	GO:0005634;GO:0005694;GO:0005737;GO:0032991	chromosome;cytoplasm;nucleus;protein-containing complex
zoo-1	GO:0005886;GO:0005912;GO:0005923	GO:0005886;GO:0030054	cell junction;plasma membrane
ztf-11	GO:0005634	GO:0005634	nucleus
ztf-14	GO:0005634	GO:0005634	nucleus
ztf-16	GO:0005634	GO:0005634	nucleus
zyg-12	GO:0005634;GO:0005635;GO:0005737;GO:0005813;GO:0005856;GO:0005874;GO:0016020;GO:0031965	GO:0005634;GO:0005635;GO:0005737;GO:0005815;GO:0005856;GO:0016020	cytoplasm;cytoskeleton;membrane;microtubule organizing center;nuclear envelope;nucleus
zyg-8	GO:0005634;GO:0005737;GO:0005813;GO:0005819;GO:0072687;GO:0005856;GO:0015630;GO:0097431;GO:1990498	GO:0005634;GO:0005737;GO:0005815;GO:0005856;GO:0043226	cytoplasm;cytoskeleton;microtubule organizing center;nucleus;organelle
zyx-1	GO:0001725;GO:0031430;GO:0055120;GO:0005634;GO:0005737;GO:0005856;GO:0015629;GO:0005925;GO:0070161;GO:0030424;GO:0042995	GO:0005634;GO:0005737;GO:0005856;GO:0030054;GO:0042995;GO:0043005	cell junction;cell projection;cytoplasm;cytoskeleton;neuron projection;nucleus
