gene	go_term	go_slim_term	cellular_component
B0001.4	GO:0005737	GO:0005737	cytoplasm
B0024.11	GO:0005634	GO:0005634	nucleus
B0024.15	GO:0005794	GO:0005794	Golgi apparatus
B0024.15	GO:0000139;GO:0016020	GO:0016020	membrane
B0035.15	GO:0005739	GO:0005739	mitochondrion
B0205.4	GO:0005794	GO:0005794	Golgi apparatus
B0205.4	GO:0016020;GO:0032580	GO:0016020	membrane
B0228.7	GO:0005634	GO:0005634	nucleus
B0228.7	GO:0005737	GO:0005737	cytoplasm
B0228.7	GO:0005829	GO:0005829	cytosol
B0250.5	GO:0005739	GO:0005739	mitochondrion
B0252.3	GO:0016020	GO:0016020	membrane
B0272.3	GO:0005739	GO:0005739	mitochondrion
B0272.3	GO:0005759		
B0281.5			
B0281.6			
B0285.6	GO:0005886	GO:0005886	plasma membrane
B0285.6	GO:0016020	GO:0016020	membrane
B0395.3	GO:0005777	GO:0005777	peroxisome
B0495.5	GO:0005575		
B0495.7	GO:0005783	GO:0005783	endoplasmic reticulum
B0495.7	GO:0005789;GO:0016020	GO:0016020	membrane
C01A2.4	GO:0005771	GO:0005768	endosome
C01A2.4	GO:0000815	GO:0032991	protein-containing complex
C01B4.6			
C01G5.5	GO:0005829	GO:0005829	cytosol
C01H6.4	GO:0005829	GO:0005829	cytosol
C02B8.6	GO:0005634	GO:0005634	nucleus
C02B8.6	GO:0005737	GO:0005737	cytoplasm
C02D5.4	GO:0005737	GO:0005737	cytoplasm
C02F5.13	GO:0016020	GO:0016020	membrane
C02G6.2	GO:0005737	GO:0005737	cytoplasm
C02G6.2	GO:0005739	GO:0005739	mitochondrion
C02G6.2	GO:0005829	GO:0005829	cytosol
C03H5.4	GO:0005576	GO:0005576	extracellular region
C04E6.5			
C04F12.8	GO:0005863		
C05C10.3	GO:0005739	GO:0005739	mitochondrion
C05C8.7	GO:0005829	GO:0005829	cytosol
C05C9.1	GO:0005615		
C05D11.1			
C06C3.3	GO:0005815	GO:0005815	microtubule organizing center
C06C3.3	GO:0005874		
C06E8.5	GO:0005615		
C06G1.1	GO:0005615		
C07D8.6	GO:0005829	GO:0005829	cytosol
C08A9.3	GO:0005764	GO:0005764	lysosome
C08A9.3	GO:0005886	GO:0005886	plasma membrane
C08A9.3	GO:0016020	GO:0016020	membrane
C09B8.4	GO:0005640	GO:0016020	membrane
C09B9.85	GO:0005886	GO:0005886	plasma membrane
C09B9.85	GO:0016020	GO:0016020	membrane
C09B9.85	GO:0034707	GO:0032991	protein-containing complex
C09D4.1	GO:0016020	GO:0016020	membrane
C11D2.7	GO:0005737	GO:0005737	cytoplasm
C11H1.7			
C13B9.2	GO:0005737	GO:0005737	cytoplasm
C14C10.1	GO:0005739	GO:0005739	mitochondrion
C14C10.1	GO:0005743;GO:0016020	GO:0016020	membrane
C15C8.4	GO:0005783	GO:0005783	endoplasmic reticulum
C15C8.4	GO:0012505		
C15H9.4	GO:0016020	GO:0016020	membrane
C15H9.4	GO:0012505		
C16A3.5	GO:0005739	GO:0005739	mitochondrion
C16A3.5	GO:0005743;GO:0016020	GO:0016020	membrane
C16A3.5	GO:0045271	GO:0032991	protein-containing complex
C16C10.1	GO:0005739	GO:0005739	mitochondrion
C16C10.1	GO:0005743;GO:0016020	GO:0016020	membrane
C16D9.6	GO:0016020	GO:0016020	membrane
C17H12.3			
C18B12.4	GO:0005737	GO:0005737	cytoplasm
C18B12.4	GO:0016020	GO:0016020	membrane
C18B2.4	GO:0005634	GO:0005634	nucleus
C18E9.7			
C18H7.4	GO:0005886	GO:0005886	plasma membrane
C24A3.1			
C24A3.4	GO:0005739	GO:0005739	mitochondrion
C25A8.5	GO:0005886	GO:0005886	plasma membrane
C25E10.4	GO:0005765;GO:0016020	GO:0016020	membrane
C25E10.5	GO:0005765;GO:0016020	GO:0016020	membrane
C25G4.2	GO:0005634	GO:0005634	nucleus
C25G4.2	GO:0005737	GO:0005737	cytoplasm
C26B9.6	GO:0005634	GO:0005634	nucleus
C26B9.6	GO:0005737	GO:0005737	cytoplasm
C26D10.3			
C27A7.3	GO:0016020	GO:0016020	membrane
C27B7.7	GO:0005576	GO:0005576	extracellular region
C27C7.5			
C27F2.4	GO:0005634	GO:0005634	nucleus
C27F2.4	GO:0005730	GO:0005730	nucleolus
C27F2.4	GO:0005737	GO:0005737	cytoplasm
C27H6.8	GO:0005634	GO:0005634	nucleus
C27H6.8	GO:0005737	GO:0005737	cytoplasm
C27H6.9	GO:0005739	GO:0005739	mitochondrion
C28F5.4			
C28G1.6			
C29A12.6			
C29E4.10	GO:0005764	GO:0005764	lysosome
C29E4.10	GO:0016020	GO:0016020	membrane
C29F5.8			
C29F7.3	GO:0005634	GO:0005634	nucleus
C29F7.3	GO:0005737	GO:0005737	cytoplasm
C30G12.2	GO:0005737	GO:0005737	cytoplasm
C31H5.6			
C32B5.7	GO:0005764	GO:0005764	lysosome
C32B5.7	GO:0016020	GO:0016020	membrane
C32B5.7	GO:0005615		
C32D5.11	GO:0005777	GO:0005777	peroxisome
C32D5.11	GO:0016020	GO:0016020	membrane
C32D5.11	GO:0005778	GO:0043226	organelle
C32D5.12			
C32F10.8			
C33A11.2	GO:0016020	GO:0016020	membrane
C33A11.2	GO:0012505		
C33F10.12	GO:0005739	GO:0005739	mitochondrion
C33F10.12	GO:0005743;GO:0016020	GO:0016020	membrane
C33G3.4	GO:0005764	GO:0005764	lysosome
C33H5.16			
C34C12.8	GO:0005739	GO:0005739	mitochondrion
C34C12.8	GO:0001405	GO:0032991	protein-containing complex
C34C12.8	GO:0005759		
C34E10.10	GO:0005634	GO:0005634	nucleus
C34E10.10	GO:0005730	GO:0005730	nucleolus
C34E10.10	GO:0032040	GO:0032991	protein-containing complex
C34F11.5	GO:0005886	GO:0005886	plasma membrane
C34F11.5	GO:0005925	GO:0030054	cell junction
C35A11.4	GO:0016020	GO:0016020	membrane
C35D6.4	GO:0005829	GO:0005829	cytosol
C35D6.4	GO:0043186	GO:0043226	organelle
C35E7.10	GO:0005886	GO:0005886	plasma membrane
C36B1.14	GO:0005737	GO:0005737	cytoplasm
C36B1.14	GO:0005681	GO:0032991	protein-containing complex
C36B1.14	GO:0030425	GO:0043005	neuron projection
C36B7.2	GO:0005634	GO:0005634	nucleus
C36B7.2	GO:0005737	GO:0005737	cytoplasm
C36B7.2	GO:0005856	GO:0005856	cytoskeleton
C36E8.4	GO:0043226	GO:0043226	organelle
C38H2.2	GO:0016020	GO:0016020	membrane
C39B5.6	GO:0005739	GO:0005739	mitochondrion
C39B5.6	GO:0030956	GO:0032991	protein-containing complex
C40A11.2			
C40A11.3			
C40A11.4			
C40A11.6			
C40A11.7			
C41D11.9	GO:0016020	GO:0016020	membrane
C42C1.19	GO:0005789;GO:0016020	GO:0016020	membrane
C42C1.19	GO:0012505		
C44B7.11	GO:0005783	GO:0005783	endoplasmic reticulum
C44B7.11	GO:0005789;GO:0016020	GO:0016020	membrane
C45B11.6	GO:0005783	GO:0005783	endoplasmic reticulum
C45B11.6	GO:0005789;GO:0016020	GO:0016020	membrane
C45B2.6	GO:0005739	GO:0005739	mitochondrion
C46F11.4	GO:0005634	GO:0005634	nucleus
C46F11.4	GO:0043186	GO:0043226	organelle
C46H11.2	GO:0005829	GO:0005829	cytosol
C46H11.3	GO:0005737	GO:0005737	cytoplasm
C46H11.3	GO:0005856;GO:0015629;GO:0030863	GO:0005856	cytoskeleton
C46H11.3	GO:0005885;GO:0032991	GO:0032991	protein-containing complex
C47D12.2	GO:0005783	GO:0005783	endoplasmic reticulum
C47D12.2	GO:0005794	GO:0005794	Golgi apparatus
C47E12.2	GO:0005739	GO:0005739	mitochondrion
C47E12.2	GO:0005743;GO:0016020	GO:0016020	membrane
C47E12.3	GO:0005783	GO:0005783	endoplasmic reticulum
C47E12.3	GO:0005789;GO:0016020	GO:0016020	membrane
C47E12.3	GO:0044322		
C47E8.4	GO:0005634	GO:0005634	nucleus
C47G2.3	GO:0005739	GO:0005739	mitochondrion
C47G2.3	GO:0005743;GO:0016020	GO:0016020	membrane
C47G2.3	GO:0042721	GO:0032991	protein-containing complex
C48E7.6	GO:0016020	GO:0016020	membrane
C49H3.4	GO:0005683	GO:0032991	protein-containing complex
C50F2.5			
C53A5.16			
C53A5.17	GO:0005634	GO:0005634	nucleus
C53A5.17	GO:0005737	GO:0005737	cytoplasm
C53A5.17	GO:0005739	GO:0005739	mitochondrion
C53A5.17	GO:0005759		
C53B4.3	GO:0005634	GO:0005634	nucleus
C53B4.3	GO:0005635	GO:0005635	nuclear envelope
C53B4.3	GO:0016020	GO:0016020	membrane
C53D5.5	GO:0005886	GO:0005886	plasma membrane
C53D5.5	GO:0016020	GO:0016020	membrane
C54D10.10			
C54G4.4	GO:0005886	GO:0005886	plasma membrane
C55A6.1	GO:0005634	GO:0005634	nucleus
C55A6.1	GO:0005737	GO:0005737	cytoplasm
C55A6.10	GO:0005737	GO:0005737	cytoplasm
C55A6.10	GO:0055120		
C55A6.3	GO:0005737	GO:0005737	cytoplasm
C55A6.4	GO:0005737	GO:0005737	cytoplasm
C55A6.6	GO:0005737	GO:0005737	cytoplasm
C55A6.7	GO:0005737	GO:0005737	cytoplasm
C55B7.3			
C55C3.4	GO:0005886	GO:0005886	plasma membrane
C56C10.6	GO:0005634	GO:0005634	nucleus
C56C10.6	GO:0005737	GO:0005737	cytoplasm
C56C10.6	GO:0015630	GO:0005856	cytoskeleton
C56G3.2	GO:0005829	GO:0005829	cytosol
D1005.2	GO:0005737	GO:0005737	cytoplasm
D1037.1			
D1053.2	GO:0005634	GO:0005634	nucleus
D1053.2	GO:0000781		
D1069.3	GO:0005737	GO:0005737	cytoplasm
D1069.3	GO:0005829	GO:0005829	cytosol
D1069.3	GO:0005886	GO:0005886	plasma membrane
D1069.3	GO:0016020	GO:0016020	membrane
D2023.4			
D2030.2	GO:0005759		
D2045.5	GO:0005634	GO:0005634	nucleus
D2045.5	GO:0005737	GO:0005737	cytoplasm
D2045.9			
DC2.5			
E03H4.8	GO:0030117	GO:0032991	protein-containing complex
E04F6.15			
F01F1.15	GO:0005783	GO:0005783	endoplasmic reticulum
F01G10.10	GO:0005615		
F01G4.6	GO:0005739	GO:0005739	mitochondrion
F01G4.6	GO:0005743;GO:0016020	GO:0016020	membrane
F02C12.1	GO:0016020	GO:0016020	membrane
F02D8.4	GO:0005615		
F02E9.7	GO:0016020	GO:0016020	membrane
F07F6.7	GO:0005576	GO:0005576	extracellular region
F07F6.8	GO:0005576	GO:0005576	extracellular region
F09B9.5	GO:0005615		
F09C12.2	GO:0005634	GO:0005634	nucleus
F09C12.2	GO:0005737	GO:0005737	cytoplasm
F09E5.11	GO:0005783	GO:0005783	endoplasmic reticulum
F09E5.11	GO:0005789;GO:0016020	GO:0016020	membrane
F09E5.11	GO:0012505		
F09E5.8	GO:0005737	GO:0005737	cytoplasm
F09G2.8	GO:0016020	GO:0016020	membrane
F09G2.8	GO:0012505		
F09G8.5	GO:0036064	GO:0005815	microtubule organizing center
F09G8.5	GO:0097733	GO:0005929	cilium
F10E7.11	GO:0005634	GO:0005634	nucleus
F10E7.11	GO:0005654	GO:0005654	nucleoplasm
F10G8.1			
F10G8.8	GO:0015629	GO:0005856	cytoskeleton
F11D5.5	GO:0016020	GO:0016020	membrane
F11D5.7	GO:0016020	GO:0016020	membrane
F11E6.6	GO:0016020	GO:0016020	membrane
F11E6.6	GO:0012505		
F11E6.8	GO:0005886	GO:0005886	plasma membrane
F11E6.8	GO:0016020	GO:0016020	membrane
F11E6.8	GO:0043235	GO:0032991	protein-containing complex
F13B12.2	GO:0016020	GO:0016020	membrane
F13C5.2	GO:0005634	GO:0005634	nucleus
F13C5.2	GO:0000785		
F13H8.2	GO:0032040;GO:0034388	GO:0032991	protein-containing complex
F14D7.6	GO:0005765;GO:0016020	GO:0016020	membrane
F15E6.6			
F16F9.1	GO:0005765;GO:0010008;GO:0016020;GO:0031902	GO:0016020	membrane
F17C8.6			
F17H10.1			
F18A11.5			
F19C6.3			
F20D6.8	GO:0005886	GO:0005886	plasma membrane
F20D6.9	GO:0005634	GO:0005634	nucleus
F20D6.9	GO:0005694	GO:0005694	chromosome
F20D6.9	GO:0000786	GO:0032991	protein-containing complex
F20G2.1	GO:0005737	GO:0005737	cytoplasm
F20G2.2	GO:0005737	GO:0005737	cytoplasm
F21D5.5			
F21D5.6	GO:0005654	GO:0005654	nucleoplasm
F21D5.6	GO:0032299	GO:0032991	protein-containing complex
F21D5.7	GO:0005634	GO:0005634	nucleus
F21D5.7	GO:0005737	GO:0005737	cytoplasm
F21D5.7	GO:0005783	GO:0005783	endoplasmic reticulum
F21D5.7	GO:0005829	GO:0005829	cytosol
F21D5.7	GO:0005786;GO:0048500;GO:1990904	GO:0032991	protein-containing complex
F21D5.7	GO:0016607	GO:0043226	organelle
F21G4.1	GO:0005886	GO:0005886	plasma membrane
F21G4.1	GO:0016020;GO:0016323	GO:0016020	membrane
F22B5.10	GO:0005737	GO:0005737	cytoplasm
F22B5.10	GO:0005783	GO:0005783	endoplasmic reticulum
F22B5.10	GO:0005789;GO:0016020	GO:0016020	membrane
F22B5.10	GO:0055120		
F22E5.12	GO:0016020	GO:0016020	membrane
F22E5.6			
F22E5.8			
F22G12.4			
F23C8.7	GO:0005886	GO:0005886	plasma membrane
F23F1.5	GO:0005634	GO:0005634	nucleus
F23F1.5	GO:0005737	GO:0005737	cytoplasm
F23F12.13	GO:0016020	GO:0016020	membrane
F23F12.3	GO:0016020	GO:0016020	membrane
F25B4.7	GO:0005739	GO:0005739	mitochondrion
F25B4.7	GO:0005743;GO:0016020	GO:0016020	membrane
F25B5.3	GO:0005737	GO:0005737	cytoplasm
F25D1.3	GO:0005576	GO:0005576	extracellular region
F25H8.2	GO:0005634	GO:0005634	nucleus
F25H8.2	GO:0005732;GO:1990904	GO:0032991	protein-containing complex
F25H9.7	GO:0005739	GO:0005739	mitochondrion
F25H9.7	GO:0005758;GO:0005759		
F26A3.4	GO:0005737	GO:0005737	cytoplasm
F26A3.4	GO:0055120		
F26E4.7	GO:0031012	GO:0031012	extracellular matrix
F26E4.7	GO:0005615		
F26G1.1	GO:0005768	GO:0005768	endosome
F26H9.5	GO:0005737	GO:0005737	cytoplasm
F27C1.11			
F27C1.2	GO:0016020	GO:0016020	membrane
F28H1.4	GO:0016020	GO:0016020	membrane
F30F8.9	GO:0005739	GO:0005739	mitochondrion
F30F8.9	GO:0005743;GO:0016020	GO:0016020	membrane
F31E8.4	GO:0016020	GO:0016020	membrane
F32A5.8			
F32B5.1	GO:0005615		
F32D8.13	GO:0005737	GO:0005737	cytoplasm
F32D8.13	GO:0005829	GO:0005829	cytosol
F32D8.14	GO:0005794	GO:0005794	Golgi apparatus
F32D8.14	GO:0000139;GO:0016020	GO:0016020	membrane
F32D8.14	GO:0005802		
F32D8.5	GO:0016020;GO:0031966	GO:0016020	membrane
F32H2.6			
F32H5.1	GO:0005764	GO:0005764	lysosome
F32H5.1	GO:0005615		
F33D11.10	GO:0005634	GO:0005634	nucleus
F33D11.10	GO:0005730	GO:0005730	nucleolus
F33D11.10	GO:0071013	GO:0032991	protein-containing complex
F33D11.10	GO:0043186	GO:0043226	organelle
F33D4.4	GO:0016020	GO:0016020	membrane
F33H2.3	GO:0005634	GO:0005634	nucleus
F35A5.1	GO:0005737	GO:0005737	cytoplasm
F35B12.10	GO:0005576	GO:0005576	extracellular region
F35B12.10	GO:0005615		
F35B3.7	GO:0005737	GO:0005737	cytoplasm
F35C11.3	GO:0005634	GO:0005634	nucleus
F35C11.3	GO:0005737	GO:0005737	cytoplasm
F35G2.1	GO:0000139	GO:0016020	membrane
F35G2.1	GO:0005615		
F36G3.3	GO:0005765;GO:0010008;GO:0016020;GO:0031902	GO:0016020	membrane
F37A4.1			
F37A8.5			
F37B12.3	GO:0005783	GO:0005783	endoplasmic reticulum
F37B12.3	GO:0005789;GO:0016020	GO:0016020	membrane
F37B12.3	GO:1904423	GO:0032991	protein-containing complex
F38A5.2			
F38B2.4	GO:0005737	GO:0005737	cytoplasm
F38B2.4	GO:0005829	GO:0005829	cytosol
F38B6.4	GO:0005829	GO:0005829	cytosol
F38B6.6	GO:0005783	GO:0005783	endoplasmic reticulum
F38B6.6	GO:0016020	GO:0016020	membrane
F38C2.7	GO:0005829	GO:0005829	cytosol
F38C2.7	GO:0043186	GO:0043226	organelle
F38H4.4			
F39H12.3			
F39H2.3	GO:0005739	GO:0005739	mitochondrion
F39H2.3	GO:0005759		
F40A3.3	GO:0005739	GO:0005739	mitochondrion
F40F8.1	GO:0005634	GO:0005634	nucleus
F40F8.1	GO:0005737	GO:0005737	cytoplasm
F40G9.19	GO:0016020	GO:0016020	membrane
F42A6.6	GO:0005634	GO:0005634	nucleus
F42A6.6	GO:0005829	GO:0005829	cytosol
F42C5.9	GO:0005886	GO:0005886	plasma membrane
F42C5.9	GO:0005869	GO:0032991	protein-containing complex
F42C5.9	GO:0055120		
F42G2.5	GO:0005856	GO:0005856	cytoskeleton
F42G2.5	GO:0005886	GO:0005886	plasma membrane
F42G2.5	GO:0005789	GO:0016020	membrane
F43B10.1	GO:0000159	GO:0032991	protein-containing complex
F43C11.8			
F43E2.11	GO:0005739	GO:0005739	mitochondrion
F43E2.11	GO:0005741	GO:0016020	membrane
F44B9.8	GO:0005634	GO:0005634	nucleus
F44B9.8	GO:0005663	GO:0032991	protein-containing complex
F44E2.6	GO:0005737	GO:0005737	cytoplasm
F44E7.4	GO:0005737	GO:0005737	cytoplasm
F44E7.4	GO:0005739	GO:0005739	mitochondrion
F44E7.4	GO:0005829	GO:0005829	cytosol
F44E7.9	GO:0005739	GO:0005739	mitochondrion
F44E7.9	GO:0005783	GO:0005783	endoplasmic reticulum
F44E7.9	GO:0005789;GO:0016020	GO:0016020	membrane
F45G2.8	GO:0005739	GO:0005739	mitochondrion
F45G2.8	GO:0005743;GO:0016020	GO:0016020	membrane
F45G2.8	GO:0005744	GO:0032991	protein-containing complex
F45G2.9	GO:0005739	GO:0005739	mitochondrion
F45H10.2	GO:0005739	GO:0005739	mitochondrion
F45H10.2	GO:0005743;GO:0016020	GO:0016020	membrane
F45H10.2	GO:0045275	GO:0032991	protein-containing complex
F46A8.3			
F46A8.4			
F46A8.5			
F46A8.8			
F46F11.1	GO:0005737	GO:0005737	cytoplasm
F46F11.1	GO:0005829	GO:0005829	cytosol
F46H5.3	GO:0005615		
F46H5.4			
F47B3.3	GO:0016020	GO:0016020	membrane
F47B3.7			
F47B7.2	GO:0000139;GO:0016020	GO:0016020	membrane
F47B7.2	GO:0005615		
F47B8.10	GO:0005789;GO:0016020	GO:0016020	membrane
F47B8.10	GO:0012505		
F47E1.2	GO:0005886	GO:0005886	plasma membrane
F47E1.2	GO:0016020;GO:0016323	GO:0016020	membrane
F47E1.20	GO:0005634	GO:0005634	nucleus
F47E1.4	GO:0005886	GO:0005886	plasma membrane
F47E1.4	GO:0016020;GO:0016323	GO:0016020	membrane
F47G4.4	GO:0008352	GO:0032991	protein-containing complex
F47G4.5	GO:0008352	GO:0032991	protein-containing complex
F49B2.6	GO:0016020	GO:0016020	membrane
F49D11.10	GO:0005634	GO:0005634	nucleus
F49D11.10	GO:0005730	GO:0005730	nucleolus
F49D11.10	GO:0032040	GO:0032991	protein-containing complex
F49F1.10			
F49F1.11			
F49F1.18			
F49F1.9			
F49H6.5			
F52B11.2	GO:0005737	GO:0005737	cytoplasm
F52B11.2	GO:0005829	GO:0005829	cytosol
F52C12.6	GO:0005634	GO:0005634	nucleus
F52C12.6	GO:0005829	GO:0005829	cytosol
F52C12.6	GO:0000408	GO:0032991	protein-containing complex
F52C9.3	GO:0005737	GO:0005737	cytoplasm
F52C9.3	GO:0005739	GO:0005739	mitochondrion
F52C9.3	GO:0016020	GO:0016020	membrane
F52F10.2	GO:0005765;GO:0016020	GO:0016020	membrane
F53A10.2	GO:0005737	GO:0005737	cytoplasm
F53B1.8	GO:0005886	GO:0005886	plasma membrane
F53B1.8	GO:0016020;GO:0016323	GO:0016020	membrane
F53E2.2	GO:0005737	GO:0005737	cytoplasm
F53E2.2	GO:0015629	GO:0005856	cytoskeleton
F53E2.2	GO:1990904	GO:0032991	protein-containing complex
F53E2.2	GO:0005865		
F53F1.2	GO:0005829	GO:0005829	cytosol
F53F1.3	GO:0005829	GO:0005829	cytosol
F53G2.12	GO:0005739	GO:0005739	mitochondrion
F53G2.12	GO:1990221	GO:0032991	protein-containing complex
F53H4.6	GO:0005634	GO:0005634	nucleus
F53H8.3	GO:0016020	GO:0016020	membrane
F54B3.1	GO:0005777	GO:0005777	peroxisome
F54C8.1	GO:0005739	GO:0005739	mitochondrion
F54C8.1	GO:0005759		
F54D5.7	GO:0005739	GO:0005739	mitochondrion
F54D5.7	GO:0005759		
F54G2.1	GO:0005737	GO:0005737	cytoplasm
F54G2.1	GO:0005768;GO:0005770	GO:0005768	endosome
F54G2.1	GO:0099503	GO:0031410	cytoplasmic vesicle
F54H5.2	GO:0005634	GO:0005634	nucleus
F54H5.2	GO:0005737	GO:0005737	cytoplasm
F54H5.2	GO:0015630	GO:0005856	cytoskeleton
F54H5.3	GO:0005856	GO:0005856	cytoskeleton
F54H5.3	GO:0005886	GO:0005886	plasma membrane
F54H5.3	GO:0005789	GO:0016020	membrane
F55A11.1			
F55C10.5	GO:0005737	GO:0005737	cytoplasm
F55F8.7			
F56A4.3	GO:0005829	GO:0005829	cytosol
F56A4.4			
F56A8.9			
F56B3.6	GO:0016020	GO:0016020	membrane
F56C11.3	GO:0005739	GO:0005739	mitochondrion
F56C11.3	GO:0005758		
F56C9.10	GO:0005737	GO:0005737	cytoplasm
F56F11.4	GO:0005634	GO:0005634	nucleus
F56F11.4	GO:0005737	GO:0005737	cytoplasm
F56F11.4	GO:0000502;GO:0008540	GO:0032991	protein-containing complex
F57B9.1			
F57B9.3	GO:0010494;GO:0043186	GO:0043226	organelle
F57B9.8	GO:0005886	GO:0005886	plasma membrane
F57C9.6	GO:0005886	GO:0005886	plasma membrane
F57C9.6	GO:0016020	GO:0016020	membrane
F58F12.1	GO:0005739	GO:0005739	mitochondrion
F58F12.1	GO:0005743;GO:0016020	GO:0016020	membrane
F58F12.1	GO:0045259	GO:0032991	protein-containing complex
F58G11.4	GO:0005765;GO:0016020	GO:0016020	membrane
F58G6.3	GO:0016020	GO:0016020	membrane
F59A2.5	GO:0005634	GO:0005634	nucleus
F59A2.5	GO:0005737	GO:0005737	cytoplasm
F59A2.5	GO:0000408	GO:0032991	protein-containing complex
F59A3.8	GO:0005886	GO:0005886	plasma membrane
F59E12.1	GO:0035267	GO:0032991	protein-containing complex
F59F5.3	GO:0005886	GO:0005886	plasma membrane
F59F5.3	GO:0016020	GO:0016020	membrane
F59F5.3	GO:0043235	GO:0032991	protein-containing complex
F59G1.4	GO:0036064	GO:0005815	microtubule organizing center
F59G1.4	GO:0005814	GO:0043226	organelle
F59G1.4	GO:0097542		
H12D21.10	GO:0005783	GO:0005783	endoplasmic reticulum
H12D21.10	GO:0005788		
H14A12.3	GO:0005634	GO:0005634	nucleus
H14A12.3	GO:0005635	GO:0005635	nuclear envelope
H14A12.3	GO:0043291	GO:0032991	protein-containing complex
H14N18.4	GO:0005886	GO:0005886	plasma membrane
H14N18.4	GO:0016020	GO:0016020	membrane
H18N23.2	GO:0000164	GO:0032991	protein-containing complex
H40L08.3			
H43I07.1	GO:0005739	GO:0005739	mitochondrion
K02E10.7	GO:0005634	GO:0005634	nucleus
K02F3.12	GO:0005634	GO:0005634	nucleus
K02F3.12	GO:0005694	GO:0005694	chromosome
K02F3.12	GO:0005737	GO:0005737	cytoplasm
K02F3.2	GO:0005739	GO:0005739	mitochondrion
K02F3.2	GO:0005743;GO:0016020	GO:0016020	membrane
K02F6.5			
K02F6.8			
K02G10.5	GO:0005886	GO:0005886	plasma membrane
K02G10.5	GO:0016020;GO:0016323	GO:0016020	membrane
K03B8.6			
K04F10.1	GO:0005634	GO:0005634	nucleus
K04F10.2	GO:0005737	GO:0005737	cytoplasm
K04F10.2	GO:0005856	GO:0005856	cytoskeleton
K04F10.2	GO:0042995	GO:0042995	cell projection
K04F10.2	GO:0097546		
K05B2.2			
K05B2.4			
K05C4.2	GO:0005783	GO:0005783	endoplasmic reticulum
K05C4.2	GO:0005789;GO:0016020	GO:0016020	membrane
K05C4.5	GO:0030686;GO:0032040;GO:0034455	GO:0032991	protein-containing complex
K05F1.6	GO:0016020	GO:0016020	membrane
K06H7.8	GO:0005634	GO:0005634	nucleus
K06H7.8	GO:0005737	GO:0005737	cytoplasm
K06H7.8	GO:0015630	GO:0005856	cytoskeleton
K07A1.10	GO:0005634	GO:0005634	nucleus
K07A1.10	GO:0005739	GO:0005739	mitochondrion
K07A1.10	GO:0005840	GO:0005840	ribosome
K07A1.10	GO:1990904	GO:0032991	protein-containing complex
K07A3.3	GO:0005759		
K07B1.4	GO:0005783	GO:0005783	endoplasmic reticulum
K07B1.4	GO:0005789;GO:0016020	GO:0016020	membrane
K07C11.10	GO:0034464	GO:0032991	protein-containing complex
K07C5.3	GO:0005634	GO:0005634	nucleus
K07E3.4			
K07F5.8			
K07H8.2	GO:0005886	GO:0005886	plasma membrane
K07H8.2	GO:0016020	GO:0016020	membrane
K08B4.7			
K08D12.3	GO:0005737	GO:0005737	cytoplasm
K08F9.1	GO:0016020	GO:0016020	membrane
K09A9.6	GO:0005783	GO:0005783	endoplasmic reticulum
K09A9.6	GO:0016020	GO:0016020	membrane
K09B11.5	GO:0005886	GO:0005886	plasma membrane
K09C4.1	GO:0016020	GO:0016020	membrane
K09C4.4	GO:0016020	GO:0016020	membrane
K09C4.5	GO:0016020	GO:0016020	membrane
K09E2.1			
K09E4.4			
K10C3.4	GO:0005576	GO:0005576	extracellular region
K10C3.4	GO:0005783	GO:0005783	endoplasmic reticulum
K10C3.4	GO:0005886	GO:0005886	plasma membrane
K10C3.4	GO:0005789;GO:0016020	GO:0016020	membrane
K10C3.5	GO:0005829	GO:0005829	cytosol
K10C3.5	GO:1990904	GO:0032991	protein-containing complex
K10H10.6			
K11H3.3	GO:0005739	GO:0005739	mitochondrion
K11H3.3	GO:0005743;GO:0016020	GO:0016020	membrane
K12C11.1			
K12C11.3	GO:0016020	GO:0016020	membrane
K12C11.6	GO:0016020	GO:0016020	membrane
M03D4.4	GO:0005634	GO:0005634	nucleus
M04B2.4	GO:0005739	GO:0005739	mitochondrion
M04D5.1	GO:0005783	GO:0005783	endoplasmic reticulum
M04F3.5	GO:0015629	GO:0005856	cytoskeleton
M04F3.5	GO:0030175	GO:0042995	cell projection
M04F3.5	GO:0009898		
M05D6.1	GO:0005634	GO:0005634	nucleus
M05D6.1	GO:0005737	GO:0005737	cytoplasm
M106.7	GO:0005634	GO:0005634	nucleus
M106.7	GO:0000428;GO:0005666;GO:0030880	GO:0032991	protein-containing complex
M176.9	GO:0005737	GO:0005737	cytoplasm
M176.9	GO:0005886	GO:0005886	plasma membrane
M176.9	GO:0016020	GO:0016020	membrane
M18.3	GO:0005737	GO:0005737	cytoplasm
M18.6	GO:0005634	GO:0005634	nucleus
M18.6	GO:0031464	GO:0032991	protein-containing complex
M28.4	GO:0016020	GO:0016020	membrane
M28.8	GO:0016020	GO:0016020	membrane
M28.9	GO:0016020	GO:0016020	membrane
M57.2	GO:0005737	GO:0005737	cytoplasm
M57.2	GO:0005968	GO:0032991	protein-containing complex
R02E12.4	GO:0005737	GO:0005737	cytoplasm
R02E12.4	GO:0015630	GO:0005856	cytoskeleton
R02E12.4	GO:0005929;GO:0031514	GO:0005929	cilium
R02E12.4	GO:0042995	GO:0042995	cell projection
R02F2.1	GO:0005634	GO:0005634	nucleus
R02F2.1	GO:0005737	GO:0005737	cytoplasm
R02F2.1	GO:0000307	GO:0032991	protein-containing complex
R04A9.7	GO:0005654	GO:0005654	nucleoplasm
R04A9.7	GO:0005737	GO:0005737	cytoplasm
R04A9.7	GO:0005886	GO:0005886	plasma membrane
R04A9.7	GO:0016020	GO:0016020	membrane
R04B3.2	GO:0005737	GO:0005737	cytoplasm
R04B3.2	GO:0005764	GO:0005764	lysosome
R04B5.5			
R04B5.6			
R04F11.5	GO:0005783	GO:0005783	endoplasmic reticulum
R04F11.5	GO:0042721	GO:0032991	protein-containing complex
R05G6.4	GO:0005634	GO:0005634	nucleus
R05G6.4	GO:0005737	GO:0005737	cytoplasm
R05G6.5			
R05H5.4	GO:0005886	GO:0005886	plasma membrane
R07E3.4	GO:0005739	GO:0005739	mitochondrion
R07E3.4	GO:0005743;GO:0016020	GO:0016020	membrane
R07E4.3	GO:0005739	GO:0005739	mitochondrion
R07E4.3	GO:0005743;GO:0016020	GO:0016020	membrane
R07E4.3	GO:0045275	GO:0032991	protein-containing complex
R07E5.7	GO:0005783	GO:0005783	endoplasmic reticulum
R07E5.7	GO:0005886	GO:0005886	plasma membrane
R07E5.7	GO:0005789;GO:0016020	GO:0016020	membrane
R07E5.7	GO:0031410	GO:0031410	cytoplasmic vesicle
R08E3.3			
R08F11.1	GO:0016020	GO:0016020	membrane
R09B5.11	GO:0005886	GO:0005886	plasma membrane
R09B5.11	GO:0016020	GO:0016020	membrane
R09H10.3			
R10H10.7	GO:0005737	GO:0005737	cytoplasm
R11F4.1	GO:0005739	GO:0005739	mitochondrion
R12B2.2	GO:0000139	GO:0016020	membrane
R12E2.11			
R12E2.13			
R151.1	GO:0005886	GO:0005886	plasma membrane
R151.1	GO:0016020	GO:0016020	membrane
R166.3			
R74.7	GO:0005737	GO:0005737	cytoplasm
R74.7	GO:0005829	GO:0005829	cytosol
T01D3.6	GO:0016020	GO:0016020	membrane
T01G1.4	GO:0005783	GO:0005783	endoplasmic reticulum
T01G1.4	GO:1904423	GO:0032991	protein-containing complex
T02C1.2	GO:0005634	GO:0005634	nucleus
T02C1.2	GO:0016020	GO:0016020	membrane
T02C1.2	GO:0035861		
T02G5.7	GO:0005739	GO:0005739	mitochondrion
T02H6.11	GO:0005739	GO:0005739	mitochondrion
T02H6.11	GO:0005743;GO:0016020	GO:0016020	membrane
T02H6.11	GO:0045275	GO:0032991	protein-containing complex
T03D8.6	GO:0005886	GO:0005886	plasma membrane
T03D8.6	GO:0016020	GO:0016020	membrane
T03F6.6	GO:0016020	GO:0016020	membrane
T04A8.7	GO:0005737	GO:0005737	cytoplasm
T04C9.1	GO:0005737	GO:0005737	cytoplasm
T04F3.4			
T05C3.6	GO:0016020	GO:0016020	membrane
T05C3.6	GO:0012505		
T05E12.3			
T05E7.1			
T05F1.8	GO:0005739	GO:0005739	mitochondrion
T05F1.8	GO:0005743;GO:0016020	GO:0016020	membrane
T05G5.5	GO:0005739	GO:0005739	mitochondrion
T05G5.5	GO:0016020	GO:0016020	membrane
T05H4.4	GO:0005739	GO:0005739	mitochondrion
T05H4.4	GO:0016020	GO:0016020	membrane
T06A4.1	GO:0005615		
T06A4.3	GO:0005615		
T06C10.3	GO:0005737	GO:0005737	cytoplasm
T06C10.3	GO:0005886	GO:0005886	plasma membrane
T06C10.3	GO:0016020	GO:0016020	membrane
T06D8.2	GO:0005929	GO:0005929	cilium
T07A5.1	GO:0016020	GO:0016020	membrane
T07D3.4	GO:0016020	GO:0016020	membrane
T08G3.13			
T09B4.8	GO:0005739	GO:0005739	mitochondrion
T09F3.2	GO:0005739	GO:0005739	mitochondrion
T09F3.2	GO:0005743;GO:0016020	GO:0016020	membrane
T10B11.5	GO:0005640	GO:0016020	membrane
T10B11.6	GO:0005739	GO:0005739	mitochondrion
T10F2.2	GO:0005739	GO:0005739	mitochondrion
T10F2.2	GO:0016020;GO:0031966	GO:0016020	membrane
T10H10.2	GO:0000139	GO:0016020	membrane
T10H10.2	GO:0005615		
T13H5.1			
T13H5.8	GO:0016020	GO:0016020	membrane
T13H5.8	GO:0012505		
T14B4.3	GO:0016020	GO:0016020	membrane
T14B4.3	GO:0009897		
T14G8.3	GO:0005783	GO:0005783	endoplasmic reticulum
T14G8.3	GO:0034663	GO:0032991	protein-containing complex
T15B7.1	GO:0005615		
T18D3.9	GO:0005737	GO:0005737	cytoplasm
T18D3.9	GO:0005739	GO:0005739	mitochondrion
T18D3.9	GO:0005743;GO:0016020	GO:0016020	membrane
T19B10.5	GO:0005634	GO:0005634	nucleus
T19B10.5	GO:0016020	GO:0016020	membrane
T19C3.4	GO:0005789;GO:0016020	GO:0016020	membrane
T19C3.4	GO:0005881;GO:0071782		
T19C3.5	GO:0005615		
T19D12.4	GO:0016020;GO:0045121	GO:0016020	membrane
T19D7.6			
T19H12.2	GO:0005634	GO:0005634	nucleus
T21G5.1	GO:0005886	GO:0005886	plasma membrane
T22B7.3			
T22B7.4	GO:0005634	GO:0005634	nucleus
T22B7.4	GO:0000124	GO:0032991	protein-containing complex
T22D1.3	GO:0005737	GO:0005737	cytoplasm
T22D1.5	GO:0000159	GO:0032991	protein-containing complex
T22F3.12	GO:0005737	GO:0005737	cytoplasm
T22F7.1	GO:0016020	GO:0016020	membrane
T23B12.5	GO:0000139;GO:0005789;GO:0016020	GO:0016020	membrane
T23B5.4	GO:0005739	GO:0005739	mitochondrion
T23D8.3	GO:0005634	GO:0005634	nucleus
T23D8.3	GO:0005829	GO:0005829	cytosol
T23D8.3	GO:0030688	GO:0032991	protein-containing complex
T23G11.7	GO:0005737	GO:0005737	cytoplasm
T23G11.7	GO:0005768	GO:0005768	endosome
T23G11.7	GO:0000323	GO:0005773	vacuole
T23G11.7	GO:0010008;GO:0016020	GO:0016020	membrane
T23G7.3	GO:0005730	GO:0005730	nucleolus
T24B8.7	GO:0005634	GO:0005634	nucleus
T24B8.7	GO:0005829	GO:0005829	cytosol
T24D5.4			
T24H10.4			
T24H7.2	GO:0034663	GO:0032991	protein-containing complex
T25B9.1	GO:0005739	GO:0005739	mitochondrion
T25B9.4	GO:0005886	GO:0005886	plasma membrane
T25B9.5	GO:0005886	GO:0005886	plasma membrane
T26C5.3	GO:0016020	GO:0016020	membrane
T26G10.3	GO:0005840	GO:0005840	ribosome
T26G10.3	GO:1990904	GO:0032991	protein-containing complex
T27E9.2	GO:0005739	GO:0005739	mitochondrion
T27E9.2	GO:0005743;GO:0016020	GO:0016020	membrane
T27E9.2	GO:0045275	GO:0032991	protein-containing complex
T28B8.3	GO:0005634	GO:0005634	nucleus
T28B8.3	GO:0005737	GO:0005737	cytoplasm
T28B8.3	GO:0005829	GO:0005829	cytosol
T28B8.3	GO:0000502	GO:0032991	protein-containing complex
T28B8.3	GO:0016607	GO:0043226	organelle
T28B8.4	GO:0005634	GO:0005634	nucleus
T28B8.4	GO:0005737	GO:0005737	cytoplasm
T28B8.4	GO:0005829	GO:0005829	cytosol
T28B8.4	GO:0000502	GO:0032991	protein-containing complex
T28B8.4	GO:0016607	GO:0043226	organelle
T28C12.1	GO:0005765;GO:0016020	GO:0016020	membrane
T28C12.2	GO:0005765;GO:0016020	GO:0016020	membrane
T28F3.5	GO:0005739	GO:0005739	mitochondrion
T28F4.4	GO:0005829	GO:0005829	cytosol
W01A11.1	GO:0005783	GO:0005783	endoplasmic reticulum
W01A11.1	GO:0005789;GO:0016020	GO:0016020	membrane
W01A8.6	GO:0005615		
W01A8.8	GO:0005576	GO:0005576	extracellular region
W01A8.8	GO:0005615		
W01B6.3	GO:0005765;GO:0016020	GO:0016020	membrane
W01C8.5			
W02B3.4	GO:0016020	GO:0016020	membrane
W02B3.7	GO:0016020	GO:0016020	membrane
W02D3.12	GO:0005739	GO:0005739	mitochondrion
W02F12.2	GO:0000139;GO:0016020	GO:0016020	membrane
W02F12.4	GO:0005737	GO:0005737	cytoplasm
W03A5.2	GO:0016020	GO:0016020	membrane
W03A5.2	GO:0012505		
W03C9.6	GO:0005765;GO:0016020	GO:0016020	membrane
W03D8.8			
W03F8.4	GO:0005634	GO:0005634	nucleus
W03F8.4	GO:0005829	GO:0005829	cytosol
W03F8.4	GO:0000408	GO:0032991	protein-containing complex
W03F9.4	GO:0005737	GO:0005737	cytoplasm
W03F9.4	GO:0005739	GO:0005739	mitochondrion
W03F9.4	GO:0016020	GO:0016020	membrane
W03G11.3	GO:0005764	GO:0005764	lysosome
W04A8.1	GO:0005634	GO:0005634	nucleus
W04C9.2	GO:0005739	GO:0005739	mitochondrion
W04C9.2	GO:0005743;GO:0016020	GO:0016020	membrane
W04C9.2	GO:0061617	GO:0032991	protein-containing complex
W04C9.2	GO:0044284		
W04C9.5	GO:0005886	GO:0005886	plasma membrane
W04G3.5	GO:0005737	GO:0005737	cytoplasm
W06E11.1	GO:0005634	GO:0005634	nucleus
W06E11.1	GO:0005666	GO:0032991	protein-containing complex
W07B8.4	GO:0005764	GO:0005764	lysosome
W07B8.4	GO:0005615		
W08F4.3	GO:0005783	GO:0005783	endoplasmic reticulum
W08F4.3	GO:0005637;GO:0005640;GO:0005789;GO:0016020	GO:0016020	membrane
W09C3.4	GO:0005634	GO:0005634	nucleus
W09C3.4	GO:0005654	GO:0005654	nucleoplasm
W09C3.4	GO:0005737	GO:0005737	cytoplasm
W09C3.4	GO:0000428;GO:0005666	GO:0032991	protein-containing complex
W09G3.6	GO:0005737	GO:0005737	cytoplasm
W09G3.7	GO:0005743	GO:0016020	membrane
W10C8.5	GO:0005615		
Y105C5A.24	GO:0005737	GO:0005737	cytoplasm
Y105C5A.24	GO:0005776	GO:0005773	vacuole
Y105C5A.24	GO:0005829	GO:0005829	cytosol
Y105C5A.24	GO:0034045	GO:0016020	membrane
Y105C5A.24	GO:0000407		
Y105E8A.11	GO:0005759		
Y105E8A.14	GO:0005634	GO:0005634	nucleus
Y105E8A.14	GO:0005737	GO:0005737	cytoplasm
Y105E8A.14	GO:0005829	GO:0005829	cytosol
Y105E8B.9	GO:0005615		
Y106G6D.5	GO:0005694	GO:0005694	chromosome
Y106G6D.5	GO:0016604	GO:0043226	organelle
Y110A7A.9	GO:0005634	GO:0005634	nucleus
Y110A7A.9	GO:0005737	GO:0005737	cytoplasm
Y110A7A.9	GO:0005794	GO:0005794	Golgi apparatus
Y110A7A.9	GO:0005856	GO:0005856	cytoskeleton
Y110A7A.9	GO:0005929	GO:0005929	cilium
Y110A7A.9	GO:0031410	GO:0031410	cytoplasmic vesicle
Y110A7A.9	GO:0042995	GO:0042995	cell projection
Y113G7B.15	GO:0005764	GO:0005764	lysosome
Y113G7B.15	GO:0005615		
Y116A8C.10	GO:0012505		
Y116A8C.19	GO:0005829	GO:0005829	cytosol
Y116A8C.19	GO:0043186	GO:0043226	organelle
Y116A8C.20	GO:0005829	GO:0005829	cytosol
Y116A8C.20	GO:0043186	GO:0043226	organelle
Y116A8C.24	GO:0005886	GO:0005886	plasma membrane
Y116A8C.27	GO:0005739	GO:0005739	mitochondrion
Y116A8C.30	GO:0005739	GO:0005739	mitochondrion
Y116A8C.30	GO:0016020	GO:0016020	membrane
Y116A8C.30	GO:0045271	GO:0032991	protein-containing complex
Y119D3B.14	GO:0005739	GO:0005739	mitochondrion
Y16B4A.2	GO:0045121	GO:0016020	membrane
Y17G9B.8	GO:0005634	GO:0005634	nucleus
Y17G9B.8	GO:0000124;GO:0140535;GO:1990234	GO:0032991	protein-containing complex
Y17G9B.8	GO:0000785		
Y18H1A.11			
Y18H1A.9	GO:0005615		
Y19D10A.16			
Y22D7AL.11	GO:0016020	GO:0016020	membrane
Y32F6B.1	GO:0005886	GO:0005886	plasma membrane
Y32F6B.1	GO:0016020;GO:0016323	GO:0016020	membrane
Y32H12A.7	GO:0005739	GO:0005739	mitochondrion
Y34B4A.2	GO:0005768	GO:0005768	endosome
Y34B4A.2	GO:0000323	GO:0005773	vacuole
Y34B4A.4	GO:0005886	GO:0005886	plasma membrane
Y37A1A.3	GO:0016020	GO:0016020	membrane
Y37A1A.4			
Y37B11A.3	GO:0005739	GO:0005739	mitochondrion
Y37B11A.3	GO:0016020;GO:0031966	GO:0016020	membrane
Y37E11AM.3	GO:0005783	GO:0005783	endoplasmic reticulum
Y37E11AM.3	GO:0005789;GO:0016020	GO:0016020	membrane
Y37E3.17	GO:0005737	GO:0005737	cytoplasm
Y37E3.17	GO:0005739	GO:0005739	mitochondrion
Y37E3.17	GO:0005759		
Y38E10A.8	GO:0005634	GO:0005634	nucleus
Y38E10A.8	GO:0005737	GO:0005737	cytoplasm
Y38F1A.2	GO:0005783	GO:0005783	endoplasmic reticulum
Y38F1A.2	GO:0005789;GO:0016020	GO:0016020	membrane
Y38F1A.8	GO:0000139;GO:0005789;GO:0016020	GO:0016020	membrane
Y38F2AR.3	GO:0005739	GO:0005739	mitochondrion
Y38F2AR.3	GO:0016020	GO:0016020	membrane
Y38H6C.16	GO:0016020	GO:0016020	membrane
Y38H6C.8	GO:0009897		
Y39A1A.22	GO:0005886	GO:0005886	plasma membrane
Y39A1A.22	GO:0016020	GO:0016020	membrane
Y39B6A.3	GO:0005737	GO:0005737	cytoplasm
Y39B6A.3	GO:0005739	GO:0005739	mitochondrion
Y39B6A.34	GO:0005739	GO:0005739	mitochondrion
Y39B6A.34	GO:0005743;GO:0016020	GO:0016020	membrane
Y39G8B.1	GO:0005829	GO:0005829	cytosol
Y39G8B.2	GO:0005829	GO:0005829	cytosol
Y41D4A.6	GO:0005739	GO:0005739	mitochondrion
Y41D4A.6	GO:0030956	GO:0032991	protein-containing complex
Y42H9AR.1	GO:0005794	GO:0005794	Golgi apparatus
Y42H9AR.1	GO:0000139;GO:0016020	GO:0016020	membrane
Y42H9AR.2	GO:0005783	GO:0005783	endoplasmic reticulum
Y42H9AR.2	GO:0005794	GO:0005794	Golgi apparatus
Y42H9AR.2	GO:0016020	GO:0016020	membrane
Y43C5B.2			
Y43D4A.6	GO:0005634	GO:0005634	nucleus
Y44A6D.5	GO:0005739	GO:0005739	mitochondrion
Y45F10D.7	GO:0032040;GO:0034388	GO:0032991	protein-containing complex
Y45G12C.3	GO:0005829	GO:0005829	cytosol
Y46B2A.3	GO:0016020	GO:0016020	membrane
Y46B2A.3	GO:0005615		
Y46E12A.3			
Y47C4A.1	GO:0005739	GO:0005739	mitochondrion
Y47C4A.1	GO:0016020	GO:0016020	membrane
Y47C4A.1	GO:0005745	GO:0032991	protein-containing complex
Y47D3A.14	GO:0005634	GO:0005634	nucleus
Y47D3A.14	GO:0005737	GO:0005737	cytoplasm
Y47D3A.21			
Y47D9A.1	GO:0005737	GO:0005737	cytoplasm
Y47G6A.31	GO:0016020	GO:0016020	membrane
Y48A6B.3	GO:0005634	GO:0005634	nucleus
Y48A6B.3	GO:0005730	GO:0005730	nucleolus
Y48A6B.3	GO:0005732;GO:0031429;GO:1990904	GO:0032991	protein-containing complex
Y48B6A.13	GO:0005829	GO:0005829	cytosol
Y48C3A.18	GO:0005737	GO:0005737	cytoplasm
Y48E1B.17	GO:0005783	GO:0005783	endoplasmic reticulum
Y48E1B.17	GO:0016020	GO:0016020	membrane
Y48G9A.9			
Y50E8A.6	GO:0005739	GO:0005739	mitochondrion
Y51A2D.13	GO:0016020	GO:0016020	membrane
Y51A2D.13	GO:0012505		
Y52B11A.4	GO:0005886	GO:0005886	plasma membrane
Y52D5A.2	GO:0005886	GO:0005886	plasma membrane
Y53F4B.12	GO:0005886	GO:0005886	plasma membrane
Y53F4B.12	GO:0016020	GO:0016020	membrane
Y53F4B.14	GO:0005739	GO:0005739	mitochondrion
Y53F4B.14	GO:0005743;GO:0016020;GO:0031966	GO:0016020	membrane
Y53F4B.9	GO:0005634	GO:0005634	nucleus
Y53G8B.2	GO:0005783	GO:0005783	endoplasmic reticulum
Y53G8B.2	GO:0005789;GO:0016020	GO:0016020	membrane
Y54E2A.4	GO:0005783	GO:0005783	endoplasmic reticulum
Y54E2A.4	GO:0016020	GO:0016020	membrane
Y54F10AL.1	GO:0005794	GO:0005794	Golgi apparatus
Y54F10AL.1	GO:0016020	GO:0016020	membrane
Y54F10AR.1	GO:0005737	GO:0005737	cytoplasm
Y54G11A.9	GO:0005739	GO:0005739	mitochondrion
Y54G2A.12	GO:0071013	GO:0032991	protein-containing complex
Y54G2A.18	GO:0005783	GO:0005783	endoplasmic reticulum
Y54G2A.18	GO:0005789;GO:0016020;GO:0045121	GO:0016020	membrane
Y55F3BR.2			
Y55F3BR.6	GO:0005634	GO:0005634	nucleus
Y55F3BR.6	GO:0005737	GO:0005737	cytoplasm
Y56A3A.16			
Y56A3A.2	GO:0005737	GO:0005737	cytoplasm
Y56A3A.2	GO:0016020	GO:0016020	membrane
Y56A3A.2	GO:0012505		
Y57A10A.29	GO:0005739	GO:0005739	mitochondrion
Y57A10A.29	GO:0005759		
Y57G11A.4			
Y57G11A.5	GO:0005634	GO:0005634	nucleus
Y57G11A.5	GO:0016607	GO:0043226	organelle
Y58A7A.1	GO:0016020	GO:0016020	membrane
Y59C2A.1	GO:0005576	GO:0005576	extracellular region
Y59C2A.1	GO:0005615		
Y60A9.3	GO:0005829	GO:0005829	cytosol
Y60A9.3	GO:0043186	GO:0043226	organelle
Y61A9LA.10	GO:0005634	GO:0005634	nucleus
Y61A9LA.10	GO:0005654	GO:0005654	nucleoplasm
Y61A9LA.10	GO:0005730	GO:0005730	nucleolus
Y61A9LA.10	GO:0032040	GO:0032991	protein-containing complex
Y62E10A.13	GO:0005737	GO:0005737	cytoplasm
Y62E10A.6	GO:0005739	GO:0005739	mitochondrion
Y65B4A.8			
Y66D12A.21	GO:0016020	GO:0016020	membrane
Y66D12A.7	GO:0005739	GO:0005739	mitochondrion
Y66D12A.7	GO:0030956	GO:0032991	protein-containing complex
Y66D12A.8	GO:0005737	GO:0005737	cytoplasm
Y67D8C.22	GO:0016020	GO:0016020	membrane
Y67H2A.7	GO:0005739	GO:0005739	mitochondrion
Y69A2AR.18	GO:0005739	GO:0005739	mitochondrion
Y69A2AR.18	GO:0005743;GO:0016020	GO:0016020	membrane
Y69A2AR.18	GO:0045259	GO:0032991	protein-containing complex
Y69E1A.3	GO:0005886	GO:0005886	plasma membrane
Y6B3B.9	GO:0005634	GO:0005634	nucleus
Y6B3B.9	GO:0090730	GO:0032991	protein-containing complex
Y70C5C.1	GO:0005737	GO:0005737	cytoplasm
Y70C5C.1	GO:0005739	GO:0005739	mitochondrion
Y70C5C.1	GO:0005829	GO:0005829	cytosol
Y70G10A.3	GO:0005886	GO:0005886	plasma membrane
Y70G10A.3	GO:0016020;GO:0016323	GO:0016020	membrane
Y71A12B.10	GO:0070971		
Y71F9B.2	GO:0005739	GO:0005739	mitochondrion
Y71F9B.2	GO:0005743;GO:0016020	GO:0016020	membrane
Y71G10AR.4	GO:0016020	GO:0016020	membrane
Y71G12B.10			
Y71G12B.17	GO:0005737	GO:0005737	cytoplasm
Y71G12B.17	GO:0071944		
Y71G12B.23	GO:0016020	GO:0016020	membrane
Y71H2AM.1	GO:0005634	GO:0005634	nucleus
Y71H2AM.1	GO:0005737	GO:0005737	cytoplasm
Y71H2AM.1	GO:0000408	GO:0032991	protein-containing complex
Y71H2AM.11			
Y71H2AM.20	GO:0005634	GO:0005634	nucleus
Y71H2AM.20	GO:0005737	GO:0005737	cytoplasm
Y71H2AM.20	GO:0000159	GO:0032991	protein-containing complex
Y71H2AM.6	GO:0005634	GO:0005634	nucleus
Y71H2AM.6	GO:0005737	GO:0005737	cytoplasm
Y73B3B.1			
Y73B6BL.14			
Y73B6BL.289	GO:0000930;GO:0031083;GO:0099078	GO:0032991	protein-containing complex
Y73F8A.26	GO:0005783	GO:0005783	endoplasmic reticulum
Y7A9A.1	GO:0005886	GO:0005886	plasma membrane
Y7A9A.1	GO:0016020	GO:0016020	membrane
Y82E9BR.18	GO:0005634	GO:0005634	nucleus
Y82E9BR.18	GO:0005737	GO:0005737	cytoplasm
Y82E9BR.18	GO:1990112	GO:0032991	protein-containing complex
Y82E9BR.3	GO:0005739	GO:0005739	mitochondrion
Y82E9BR.3	GO:0016020;GO:0031966	GO:0016020	membrane
Y82E9BR.3	GO:0033177;GO:0045259	GO:0032991	protein-containing complex
Y87G2A.19	GO:0005765;GO:0010008;GO:0016020;GO:0031902	GO:0016020	membrane
Y92H12A.2	GO:0005737	GO:0005737	cytoplasm
Y92H12A.5			
Y92H12BL.1	GO:0005783	GO:0005783	endoplasmic reticulum
Y92H12BL.1	GO:0016020	GO:0016020	membrane
Y94A7B.11	GO:0016020	GO:0016020	membrane
Y94A7B.11	GO:0005744	GO:0032991	protein-containing complex
Y94H6A.7	GO:0005737	GO:0005737	cytoplasm
ZC196.2	GO:0005856	GO:0005856	cytoskeleton
ZC196.2	GO:0005886	GO:0005886	plasma membrane
ZC196.2	GO:0005789	GO:0016020	membrane
ZC239.14			
ZC239.15			
ZC239.16	GO:0016020	GO:0016020	membrane
ZC239.17	GO:0016020	GO:0016020	membrane
ZC239.3	GO:0016020	GO:0016020	membrane
ZC239.4			
ZC239.5	GO:0016020	GO:0016020	membrane
ZC250.2	GO:0016020	GO:0016020	membrane
ZC262.5	GO:0005739	GO:0005739	mitochondrion
ZC262.5	GO:0005743;GO:0016020	GO:0016020	membrane
ZC262.5	GO:0045259	GO:0032991	protein-containing complex
ZC434.4	GO:0032545;GO:0034456	GO:0032991	protein-containing complex
ZC434.8	GO:0005615		
ZC434.9	GO:0005615		
ZC443.1	GO:0005829	GO:0005829	cytosol
ZC506.1	GO:0005783	GO:0005783	endoplasmic reticulum
ZC506.1	GO:0016020	GO:0016020	membrane
ZC506.1	GO:0044322		
ZC513.2	GO:0005615		
ZC581.7	GO:0005886	GO:0005886	plasma membrane
ZC581.9			
ZK1010.2	GO:0005739	GO:0005739	mitochondrion
ZK1053.6	GO:0005886	GO:0005886	plasma membrane
ZK1053.6	GO:0016020	GO:0016020	membrane
ZK1058.3	GO:0005737	GO:0005737	cytoplasm
ZK1067.4	GO:0016020	GO:0016020	membrane
ZK1127.3	GO:0005634	GO:0005634	nucleus
ZK1127.3	GO:0035267;GO:0043189	GO:0032991	protein-containing complex
ZK1128.7	GO:0005634	GO:0005634	nucleus
ZK1128.7	GO:0005737	GO:0005737	cytoplasm
ZK1236.1	GO:0005739	GO:0005739	mitochondrion
ZK1236.1	GO:0005743;GO:0016020	GO:0016020	membrane
ZK1236.1	GO:0005759		
ZK1240.1			
ZK1240.2			
ZK1240.3			
ZK1240.9			
ZK1248.11	GO:0005634	GO:0005634	nucleus
ZK1248.11	GO:0030915	GO:0032991	protein-containing complex
ZK1248.19			
ZK1251.3	GO:0016020	GO:0016020	membrane
ZK1290.5	GO:0005829	GO:0005829	cytosol
ZK1307.8	GO:0005783	GO:0005783	endoplasmic reticulum
ZK1307.8	GO:0017177	GO:0032991	protein-containing complex
ZK154.4	GO:0030141	GO:0031410	cytoplasmic vesicle
ZK185.2	GO:0005886	GO:0005886	plasma membrane
ZK185.2	GO:0016020	GO:0016020	membrane
ZK185.4	GO:0000139;GO:0005789;GO:0016020	GO:0016020	membrane
ZK287.4			
ZK354.8			
ZK430.5	GO:0005634	GO:0005634	nucleus
ZK430.5	GO:0005737	GO:0005737	cytoplasm
ZK430.5	GO:0005813	GO:0005815	microtubule organizing center
ZK430.5	GO:0072686	GO:0043226	organelle
ZK470.1	GO:0005737	GO:0005737	cytoplasm
ZK470.1	GO:0005739	GO:0005739	mitochondrion
ZK470.1	GO:0016020	GO:0016020	membrane
ZK484.7			
ZK550.6	GO:0005777	GO:0005777	peroxisome
ZK563.2	GO:0005886	GO:0005886	plasma membrane
ZK563.2	GO:0016020;GO:0016324	GO:0016020	membrane
ZK563.7			
ZK622.1	GO:0005886	GO:0005886	plasma membrane
ZK632.14	GO:0005634	GO:0005634	nucleus
ZK632.14	GO:0000172	GO:0032991	protein-containing complex
ZK632.4	GO:0005737	GO:0005737	cytoplasm
ZK632.4	GO:0005829	GO:0005829	cytosol
ZK673.2	GO:0005737	GO:0005737	cytoplasm
ZK673.2	GO:0005759		
ZK686.3	GO:0005783	GO:0005783	endoplasmic reticulum
ZK686.3	GO:0005789;GO:0016020	GO:0016020	membrane
ZK686.3	GO:0008250	GO:0032991	protein-containing complex
ZK688.5	GO:0071818	GO:0032991	protein-containing complex
ZK697.14	GO:0005737	GO:0005737	cytoplasm
ZK697.8			
ZK792.4			
ZK84.2	GO:0016020	GO:0016020	membrane
ZK892.4	GO:0005739	GO:0005739	mitochondrion
ZK930.2	GO:0005634	GO:0005634	nucleus
ZK973.9			
aagr-1	GO:0005764	GO:0005764	lysosome
aagr-1	GO:0016020	GO:0016020	membrane
aagr-2	GO:0005764	GO:0005764	lysosome
aagr-2	GO:0016020	GO:0016020	membrane
aagr-3	GO:0005764	GO:0005764	lysosome
aagr-3	GO:0005783	GO:0005783	endoplasmic reticulum
aagr-4			
aak-1	GO:0005634	GO:0005634	nucleus
aak-1	GO:0005737	GO:0005737	cytoplasm
aak-1	GO:0031588	GO:0032991	protein-containing complex
aak-2	GO:0005634	GO:0005634	nucleus
aak-2	GO:0005737	GO:0005737	cytoplasm
aak-2	GO:0031588	GO:0032991	protein-containing complex
aak-2	GO:0120025	GO:0042995	cell projection
aak-2	GO:0030424	GO:0043005	neuron projection
aak-2	GO:0043025		
aakg-1	GO:0005634	GO:0005634	nucleus
aakg-1	GO:0005737	GO:0005737	cytoplasm
aakg-1	GO:0005886	GO:0005886	plasma membrane
aakg-1	GO:0031588	GO:0032991	protein-containing complex
aakg-2	GO:0005634	GO:0005634	nucleus
aakg-2	GO:0005737	GO:0005737	cytoplasm
aakg-2	GO:0005886	GO:0005886	plasma membrane
aakg-2	GO:0031588	GO:0032991	protein-containing complex
aakg-3	GO:0005634	GO:0005634	nucleus
aakg-3	GO:0005737	GO:0005737	cytoplasm
aakg-3	GO:0005886	GO:0005886	plasma membrane
aakg-3	GO:0031588	GO:0032991	protein-containing complex
aap-1	GO:0005942;GO:0005943	GO:0032991	protein-containing complex
aars-1	GO:0005737	GO:0005737	cytoplasm
aars-1	GO:0005739	GO:0005739	mitochondrion
aars-2	GO:0005737	GO:0005737	cytoplasm
aass-1	GO:0005737	GO:0005737	cytoplasm
aat-1	GO:0005886	GO:0005886	plasma membrane
aat-1	GO:0016020	GO:0016020	membrane
aat-1	GO:1990184	GO:0032991	protein-containing complex
aat-2	GO:0016020	GO:0016020	membrane
aat-3	GO:0005886	GO:0005886	plasma membrane
aat-3	GO:0016020	GO:0016020	membrane
aat-3	GO:1990184	GO:0032991	protein-containing complex
aat-4	GO:0016020	GO:0016020	membrane
aat-9	GO:0016020	GO:0016020	membrane
aat-9	GO:0009986		
aatf-1	GO:0005634	GO:0005634	nucleus
aatf-1	GO:0005730	GO:0005730	nucleolus
abce-1	GO:0005737	GO:0005737	cytoplasm
abce-1	GO:0005829	GO:0005829	cytosol
abch-1	GO:0005886	GO:0005886	plasma membrane
abch-1	GO:0016020	GO:0016020	membrane
abch-1	GO:0043190	GO:0032991	protein-containing complex
abcx-1	GO:0005886	GO:0005886	plasma membrane
abcx-1	GO:0016020	GO:0016020	membrane
abhd-12	GO:0005789;GO:0016020	GO:0016020	membrane
abhd-5.1	GO:0005811	GO:0005811	lipid droplet
abhd-5.2	GO:0005811	GO:0005811	lipid droplet
abl-1	GO:0005737	GO:0005737	cytoplasm
abl-1	GO:0005886	GO:0005886	plasma membrane
abl-1	GO:0016020	GO:0016020	membrane
abt-2	GO:0016020	GO:0016020	membrane
abt-4	GO:0016020	GO:0016020	membrane
abtm-1	GO:0005739	GO:0005739	mitochondrion
abtm-1	GO:0005743;GO:0016020	GO:0016020	membrane
abts-1	GO:0005886	GO:0005886	plasma membrane
abts-1	GO:0016020;GO:0016323	GO:0016020	membrane
abts-1	GO:0045202	GO:0045202	synapse
abts-2	GO:0005886	GO:0005886	plasma membrane
abts-2	GO:0016020;GO:0016323	GO:0016020	membrane
abts-3	GO:0005886	GO:0005886	plasma membrane
abts-3	GO:0016020;GO:0016323	GO:0016020	membrane
abts-4	GO:0005886	GO:0005886	plasma membrane
abts-4	GO:0016020;GO:0016323	GO:0016020	membrane
acbp-1			
acbp-3	GO:0005737	GO:0005737	cytoplasm
acbp-4	GO:0005737	GO:0005737	cytoplasm
acdh-10	GO:0005737	GO:0005737	cytoplasm
acdh-10	GO:0005739	GO:0005739	mitochondrion
acdh-10	GO:0005759		
acdh-12	GO:0005739	GO:0005739	mitochondrion
acdh-12	GO:0005743;GO:0016020	GO:0016020	membrane
acdh-13	GO:0005739	GO:0005739	mitochondrion
acdh-7	GO:0005737	GO:0005737	cytoplasm
acdh-7	GO:0005739	GO:0005739	mitochondrion
acdh-7	GO:0005759		
acdh-8	GO:0005737	GO:0005737	cytoplasm
acdh-8	GO:0005739	GO:0005739	mitochondrion
acdh-8	GO:0005759		
ace-1	GO:0005576;GO:0043083	GO:0005576	extracellular region
ace-1	GO:0005886	GO:0005886	plasma membrane
ace-1	GO:0016020	GO:0016020	membrane
ace-1	GO:0045202	GO:0045202	synapse
ace-1	GO:0005615		
ace-2	GO:0043083	GO:0005576	extracellular region
ace-2	GO:0005886	GO:0005886	plasma membrane
ace-2	GO:0045202	GO:0045202	synapse
ace-2	GO:0005615		
ace-3	GO:0043083	GO:0005576	extracellular region
ace-3	GO:0005886	GO:0005886	plasma membrane
ace-3	GO:0005615		
ace-4	GO:0005886	GO:0005886	plasma membrane
ace-4	GO:0005615		
acl-1	GO:0005783	GO:0005783	endoplasmic reticulum
acl-1	GO:0016020	GO:0016020	membrane
acl-2	GO:0005783	GO:0005783	endoplasmic reticulum
acl-2	GO:0016020	GO:0016020	membrane
acl-3	GO:0005739	GO:0005739	mitochondrion
acl-3	GO:0005741;GO:0005743;GO:0031966	GO:0016020	membrane
acl-6	GO:0005739	GO:0005739	mitochondrion
acl-6	GO:0005886	GO:0005886	plasma membrane
acl-6	GO:0016020;GO:0031966	GO:0016020	membrane
acl-7	GO:0016020	GO:0016020	membrane
acl-7	GO:0005778	GO:0043226	organelle
acl-7	GO:0012505		
acn-1	GO:0016020	GO:0016020	membrane
acn-1	GO:0005575		
aco-1	GO:0005737	GO:0005737	cytoplasm
aco-1	GO:0005829	GO:0005829	cytosol
aco-2	GO:0005739	GO:0005739	mitochondrion
aco-2	GO:0005829	GO:0005829	cytosol
acox-1.1	GO:0005777	GO:0005777	peroxisome
acox-1.1	GO:0005782		
acox-1.2	GO:0005777	GO:0005777	peroxisome
acox-1.3	GO:0005777	GO:0005777	peroxisome
acox-1.4	GO:0005777	GO:0005777	peroxisome
acox-1.5	GO:0005777	GO:0005777	peroxisome
acox-1.6	GO:0005777	GO:0005777	peroxisome
acr-10	GO:0005886	GO:0005886	plasma membrane
acr-10	GO:0016020;GO:0045211	GO:0016020	membrane
acr-10	GO:0005892	GO:0032991	protein-containing complex
acr-10	GO:0043005	GO:0043005	neuron projection
acr-10	GO:0045202	GO:0045202	synapse
acr-11	GO:0005886	GO:0005886	plasma membrane
acr-11	GO:0016020;GO:0045211	GO:0016020	membrane
acr-11	GO:0005892	GO:0032991	protein-containing complex
acr-11	GO:0043005	GO:0043005	neuron projection
acr-11	GO:0045202	GO:0045202	synapse
acr-12	GO:0005886	GO:0005886	plasma membrane
acr-12	GO:0016020;GO:0045211	GO:0016020	membrane
acr-12	GO:0005892	GO:0032991	protein-containing complex
acr-12	GO:0043005	GO:0043005	neuron projection
acr-12	GO:0045202	GO:0045202	synapse
acr-14	GO:0005886	GO:0005886	plasma membrane
acr-14	GO:0016020;GO:0045211	GO:0016020	membrane
acr-14	GO:0005892	GO:0032991	protein-containing complex
acr-14	GO:0043005	GO:0043005	neuron projection
acr-14	GO:0045202	GO:0045202	synapse
acr-15	GO:0005886	GO:0005886	plasma membrane
acr-15	GO:0016020;GO:0045211	GO:0016020	membrane
acr-15	GO:0005892	GO:0032991	protein-containing complex
acr-15	GO:0043005	GO:0043005	neuron projection
acr-15	GO:0045202	GO:0045202	synapse
acr-16	GO:0005886	GO:0005886	plasma membrane
acr-16	GO:0016020;GO:0045211	GO:0016020	membrane
acr-16	GO:0005892	GO:0032991	protein-containing complex
acr-16	GO:0042995	GO:0042995	cell projection
acr-16	GO:0043005	GO:0043005	neuron projection
acr-16	GO:0045202	GO:0045202	synapse
acr-18	GO:0005886	GO:0005886	plasma membrane
acr-18	GO:0016020	GO:0016020	membrane
acr-18	GO:0005892	GO:0032991	protein-containing complex
acr-18	GO:0043005	GO:0043005	neuron projection
acr-18	GO:0045202	GO:0045202	synapse
acr-18	GO:0098794		
acr-19	GO:0005886	GO:0005886	plasma membrane
acr-19	GO:0016020;GO:0045211	GO:0016020	membrane
acr-19	GO:0005892	GO:0032991	protein-containing complex
acr-19	GO:0043005	GO:0043005	neuron projection
acr-19	GO:0045202	GO:0045202	synapse
acr-21	GO:0005886	GO:0005886	plasma membrane
acr-21	GO:0016020;GO:0045211	GO:0016020	membrane
acr-21	GO:1902495	GO:0032991	protein-containing complex
acr-21	GO:0043005	GO:0043005	neuron projection
acr-21	GO:0045202	GO:0045202	synapse
acr-25	GO:0005886	GO:0005886	plasma membrane
acr-25	GO:0016020;GO:0045211	GO:0016020	membrane
acr-25	GO:0005892	GO:0032991	protein-containing complex
acr-25	GO:0043005	GO:0043005	neuron projection
acr-25	GO:0045202	GO:0045202	synapse
acr-3	GO:0005886	GO:0005886	plasma membrane
acr-3	GO:0016020;GO:0045211	GO:0016020	membrane
acr-3	GO:0005892	GO:0032991	protein-containing complex
acr-3	GO:0043005	GO:0043005	neuron projection
acr-3	GO:0045202	GO:0045202	synapse
acr-5	GO:0005886	GO:0005886	plasma membrane
acr-5	GO:0016020;GO:0045211	GO:0016020	membrane
acr-5	GO:1902495	GO:0032991	protein-containing complex
acr-5	GO:0043005	GO:0043005	neuron projection
acr-5	GO:0045202	GO:0045202	synapse
acr-7	GO:0005886	GO:0005886	plasma membrane
acr-7	GO:0016020;GO:0045211	GO:0016020	membrane
acr-7	GO:0005892	GO:0032991	protein-containing complex
acr-7	GO:0043005	GO:0043005	neuron projection
acr-7	GO:0045202	GO:0045202	synapse
acr-8	GO:0005886	GO:0005886	plasma membrane
acr-8	GO:0016020;GO:0045211	GO:0016020	membrane
acr-8	GO:0005892	GO:0032991	protein-containing complex
acr-8	GO:0043005	GO:0043005	neuron projection
acr-8	GO:0045202	GO:0045202	synapse
acr-9	GO:0005886	GO:0005886	plasma membrane
acr-9	GO:0016020;GO:0045211	GO:0016020	membrane
acr-9	GO:0005892	GO:0032991	protein-containing complex
acr-9	GO:0043005	GO:0043005	neuron projection
acr-9	GO:0045202	GO:0045202	synapse
acs-11			
acs-13	GO:0005783	GO:0005783	endoplasmic reticulum
acs-13	GO:0016020	GO:0016020	membrane
acs-17	GO:0005783	GO:0005783	endoplasmic reticulum
acs-17	GO:0005811	GO:0005811	lipid droplet
acs-17	GO:0005886	GO:0005886	plasma membrane
acs-17	GO:0016020	GO:0016020	membrane
acs-19			
acs-20	GO:0005886	GO:0005886	plasma membrane
acs-20	GO:0005789;GO:0016020	GO:0016020	membrane
acs-20	GO:0043231	GO:0043226	organelle
acs-21			
acs-22	GO:0005777	GO:0005777	peroxisome
acs-22	GO:0005783	GO:0005783	endoplasmic reticulum
acs-22	GO:0005886	GO:0005886	plasma membrane
acs-22	GO:0005789;GO:0016020	GO:0016020	membrane
acs-22	GO:0005778	GO:0043226	organelle
acs-4	GO:0005783	GO:0005783	endoplasmic reticulum
acs-4	GO:0005811	GO:0005811	lipid droplet
acs-4	GO:0005886	GO:0005886	plasma membrane
acs-5	GO:0005783	GO:0005783	endoplasmic reticulum
acs-5	GO:0016020	GO:0016020	membrane
acsd-1	GO:0005737	GO:0005737	cytoplasm
acsd-1	GO:0005829	GO:0005829	cytosol
act-1	GO:0005737	GO:0005737	cytoplasm
act-1	GO:0005856;GO:0015629	GO:0005856	cytoskeleton
act-2	GO:0005737;GO:0005938	GO:0005737	cytoplasm
act-2	GO:0005856;GO:0015629	GO:0005856	cytoskeleton
act-2	GO:0005884		
act-4	GO:0005737	GO:0005737	cytoplasm
act-4	GO:0005856;GO:0015629	GO:0005856	cytoskeleton
act-4	GO:0045121	GO:0016020	membrane
act-4	GO:0005865		
act-5	GO:0005737	GO:0005737	cytoplasm
act-5	GO:0005856;GO:0015629;GO:1990357	GO:0005856	cytoskeleton
act-5	GO:0097516		
acy-1	GO:0005886	GO:0005886	plasma membrane
acy-1	GO:0016020	GO:0016020	membrane
acy-2	GO:0005886	GO:0005886	plasma membrane
acy-2	GO:0016020	GO:0016020	membrane
acy-3	GO:0005886	GO:0005886	plasma membrane
acy-3	GO:0016020	GO:0016020	membrane
acy-4	GO:0005886	GO:0005886	plasma membrane
acy-4	GO:0016020	GO:0016020	membrane
adah-1	GO:0005829	GO:0005829	cytosol
adah-1	GO:0009897		
add-1	GO:0005737	GO:0005737	cytoplasm
add-1	GO:0005856	GO:0005856	cytoskeleton
add-1	GO:0005886	GO:0005886	plasma membrane
add-1	GO:0016020	GO:0016020	membrane
add-1	GO:0014069	GO:0043226	organelle
add-2	GO:0005737	GO:0005737	cytoplasm
add-2	GO:0005856	GO:0005856	cytoskeleton
add-2	GO:0005886	GO:0005886	plasma membrane
add-2	GO:0016020	GO:0016020	membrane
add-2	GO:0014069	GO:0043226	organelle
adh-5	GO:0005737	GO:0005737	cytoplasm
adh-5	GO:0005829	GO:0005829	cytosol
adk-1	GO:0005634	GO:0005634	nucleus
adk-1	GO:0005829	GO:0005829	cytosol
adm-2	GO:0005764	GO:0005764	lysosome
adm-2	GO:0005768	GO:0005768	endosome
adm-2	GO:0005886	GO:0005886	plasma membrane
adm-2	GO:0005765;GO:0010008;GO:0016020	GO:0016020	membrane
adm-4	GO:0005886	GO:0005886	plasma membrane
adm-4	GO:0016020	GO:0016020	membrane
ador-1	GO:0005886	GO:0005886	plasma membrane
ador-1	GO:0016020	GO:0016020	membrane
adpr-1	GO:0005737	GO:0005737	cytoplasm
adpr-1	GO:0080008	GO:0032991	protein-containing complex
adr-2	GO:0005634	GO:0005634	nucleus
adr-2	GO:0005730	GO:0005730	nucleolus
adr-2	GO:0005737	GO:0005737	cytoplasm
ads-1	GO:0005777	GO:0005777	peroxisome
adsl-1	GO:0005829	GO:0005829	cytosol
adss-1	GO:0005737	GO:0005737	cytoplasm
adt-1	GO:0005576	GO:0005576	extracellular region
adt-1	GO:0031012	GO:0031012	extracellular matrix
adt-2	GO:0005576	GO:0005576	extracellular region
adt-2	GO:0031012	GO:0031012	extracellular matrix
adt-3	GO:0005576	GO:0005576	extracellular region
adt-3	GO:0031012	GO:0031012	extracellular matrix
aex-3	GO:0005737	GO:0005737	cytoplasm
aex-3	GO:0005829	GO:0005829	cytosol
aex-3	GO:0005886	GO:0005886	plasma membrane
aex-3	GO:0016020	GO:0016020	membrane
aex-3	GO:0045202	GO:0045202	synapse
aex-6	GO:0005737	GO:0005737	cytoplasm
aex-6	GO:0005768;GO:0005770	GO:0005768	endosome
aex-6	GO:0005794	GO:0005794	Golgi apparatus
aex-6	GO:0016020;GO:0016324	GO:0016020	membrane
aex-6	GO:0008021;GO:0030141;GO:0070382	GO:0031410	cytoplasmic vesicle
aex-6	GO:0012505		
afd-1	GO:0005911;GO:0005912	GO:0030054	cell junction
age-1	GO:0005737	GO:0005737	cytoplasm
age-1	GO:0005886	GO:0005886	plasma membrane
age-1	GO:0097730	GO:0005929	cilium
age-1	GO:0005942	GO:0032991	protein-containing complex
agef-1	GO:0005737	GO:0005737	cytoplasm
agef-1	GO:0005794	GO:0005794	Golgi apparatus
agef-1	GO:0016020	GO:0016020	membrane
agef-1	GO:0048471		
agl-1	GO:0005737	GO:0005737	cytoplasm
agns-1			
agr-1	GO:0005886	GO:0005886	plasma membrane
agr-1	GO:0005604	GO:0031012	extracellular matrix
agr-1	GO:0005615		
ags-3	GO:0005737;GO:0005938	GO:0005737	cytoplasm
ags-3	GO:0005886	GO:0005886	plasma membrane
ags-3	GO:0016020	GO:0016020	membrane
agt-1	GO:0005634	GO:0005634	nucleus
agxt-1	GO:0005739	GO:0005739	mitochondrion
agxt-1	GO:0005777	GO:0005777	peroxisome
aha-1	GO:0005634	GO:0005634	nucleus
aha-1	GO:0005737	GO:0005737	cytoplasm
aha-1	GO:0005667;GO:0034751;GO:0090575;GO:0101031	GO:0032991	protein-containing complex
ahcy-1	GO:0005829	GO:0005829	cytosol
ahr-1	GO:0005634	GO:0005634	nucleus
ahr-1	GO:0034751;GO:0034753	GO:0032991	protein-containing complex
aipr-1	GO:0005737	GO:0005737	cytoplasm
air-1	GO:0000794	GO:0000228	nuclear chromosome
air-1	GO:0005634	GO:0005634	nucleus
air-1	GO:0005813;GO:0031616	GO:0005815	microtubule organizing center
air-1	GO:0032133	GO:0032991	protein-containing complex
air-1	GO:0000776	GO:0043226	organelle
air-1	GO:0000235;GO:0000922;GO:0005828;GO:0005876;GO:0030496;GO:0051233		
air-2	GO:0000794	GO:0000228	nuclear chromosome
air-2	GO:0005634	GO:0005634	nucleus
air-2	GO:0000793;GO:0005694	GO:0005694	chromosome
air-2	GO:0005737	GO:0005737	cytoplasm
air-2	GO:0005813	GO:0005815	microtubule organizing center
air-2	GO:0005856;GO:0015630	GO:0005856	cytoskeleton
air-2	GO:0032133	GO:0032991	protein-containing complex
air-2	GO:0000776;GO:0005819	GO:0043226	organelle
air-2	GO:0000922;GO:0005876;GO:0030496;GO:0051233		
akap-1	GO:0005739	GO:0005739	mitochondrion
akap-1	GO:0016020	GO:0016020	membrane
akap-1	GO:0005575		
akir-1	GO:0005634	GO:0005634	nucleus
akir-1	GO:0000785		
akt-1	GO:1902911	GO:0032991	protein-containing complex
akt-1	GO:0030424;GO:0030425	GO:0043005	neuron projection
akt-1	GO:0009898;GO:0043025		
akt-2	GO:1902911	GO:0032991	protein-containing complex
aldo-1	GO:0005737	GO:0005737	cytoplasm
aldo-1	GO:0005783	GO:0005783	endoplasmic reticulum
aldo-1	GO:0005829	GO:0005829	cytosol
aldo-1	GO:0000792;GO:0030017;GO:0055120		
aldo-2	GO:0005737	GO:0005737	cytoplasm
aldo-2	GO:0005829	GO:0005829	cytosol
aldo-2	GO:0000792		
alfa-1	GO:0005768	GO:0005768	endosome
alfa-1	GO:0005776	GO:0005773	vacuole
alg-1	GO:0005634	GO:0005634	nucleus
alg-1	GO:0005737	GO:0005737	cytoplasm
alg-1	GO:0016442;GO:1990904	GO:0032991	protein-containing complex
alg-1	GO:0000932;GO:0036464	GO:0043226	organelle
alg-2	GO:0005634	GO:0005634	nucleus
alg-2	GO:0005737	GO:0005737	cytoplasm
alg-2	GO:0016442;GO:1990904	GO:0032991	protein-containing complex
alg-2	GO:0000932;GO:0036464	GO:0043226	organelle
algn-1	GO:0005783	GO:0005783	endoplasmic reticulum
algn-1	GO:0005789;GO:0016020	GO:0016020	membrane
algn-10	GO:0005783	GO:0005783	endoplasmic reticulum
algn-10	GO:0005789;GO:0016020	GO:0016020	membrane
algn-11	GO:0005783	GO:0005783	endoplasmic reticulum
algn-11	GO:0005789;GO:0016020	GO:0016020	membrane
algn-12	GO:0005783	GO:0005783	endoplasmic reticulum
algn-12	GO:0005789;GO:0016020	GO:0016020	membrane
algn-13	GO:0005783	GO:0005783	endoplasmic reticulum
algn-14	GO:0005783	GO:0005783	endoplasmic reticulum
algn-14	GO:0005789;GO:0016020	GO:0016020	membrane
algn-14	GO:0043541	GO:0032991	protein-containing complex
algn-2	GO:0005783	GO:0005783	endoplasmic reticulum
algn-2	GO:0005789;GO:0016020	GO:0016020	membrane
algn-2	GO:0012505		
algn-3	GO:0005783	GO:0005783	endoplasmic reticulum
algn-3	GO:0005789;GO:0016020	GO:0016020	membrane
algn-5	GO:0005783	GO:0005783	endoplasmic reticulum
algn-5	GO:0005789;GO:0016020	GO:0016020	membrane
algn-6	GO:0005783	GO:0005783	endoplasmic reticulum
algn-6	GO:0005789;GO:0016020	GO:0016020	membrane
algn-7	GO:0005783	GO:0005783	endoplasmic reticulum
algn-7	GO:0005789;GO:0016020	GO:0016020	membrane
algn-8	GO:0005783	GO:0005783	endoplasmic reticulum
algn-8	GO:0005789;GO:0016020	GO:0016020	membrane
algn-9	GO:0005783	GO:0005783	endoplasmic reticulum
algn-9	GO:0005789;GO:0016020	GO:0016020	membrane
alh-1			
alh-13	GO:0005737	GO:0005737	cytoplasm
alh-13	GO:0005739	GO:0005739	mitochondrion
alh-2			
alh-3	GO:0005737	GO:0005737	cytoplasm
alh-4	GO:0005737	GO:0005737	cytoplasm
alh-4	GO:0016020	GO:0016020	membrane
alh-5	GO:0005737	GO:0005737	cytoplasm
alh-6	GO:0005759		
alh-7	GO:0005739	GO:0005739	mitochondrion
alh-9			
alkb-8	GO:0005634	GO:0005634	nucleus
alkb-8	GO:0005737	GO:0005737	cytoplasm
alp-1	GO:0005634	GO:0005634	nucleus
alp-1	GO:0005737	GO:0005737	cytoplasm
alp-1	GO:0005911;GO:0005912	GO:0030054	cell junction
alp-1	GO:0031941	GO:0032991	protein-containing complex
alp-1	GO:0001725;GO:0030018;GO:0032432;GO:0045177;GO:0045178;GO:0055120		
alr-1	GO:0005634	GO:0005634	nucleus
alx-1	GO:0005768;GO:0005771;GO:0055037	GO:0005768	endosome
alx-1	GO:0016323	GO:0016020	membrane
alx-1	GO:0031410	GO:0031410	cytoplasmic vesicle
alx-1	GO:0043226	GO:0043226	organelle
aly-1	GO:0005634	GO:0005634	nucleus
aly-2	GO:0005634	GO:0005634	nucleus
aly-3	GO:0005634	GO:0005634	nucleus
ama-1	GO:0005634	GO:0005634	nucleus
ama-1	GO:0005654	GO:0005654	nucleoplasm
ama-1	GO:0005694	GO:0005694	chromosome
ama-1	GO:0000428;GO:0005665	GO:0032991	protein-containing complex
ama-1	GO:0016604	GO:0043226	organelle
ama-1	GO:0000791		
aman-1	GO:0005764	GO:0005764	lysosome
aman-2	GO:0005794	GO:0005794	Golgi apparatus
aman-2	GO:0000139;GO:0016020	GO:0016020	membrane
amn-1	GO:0005886	GO:0005886	plasma membrane
amn-1	GO:0016020;GO:0016324	GO:0016020	membrane
amn-1	GO:0030139	GO:0031410	cytoplasmic vesicle
ampd-1	GO:0005829	GO:0005829	cytosol
amph-1	GO:0005635	GO:0005635	nuclear envelope
amph-1	GO:0005737	GO:0005737	cytoplasm
amph-1	GO:0055037	GO:0005768	endosome
amph-1	GO:0005886	GO:0005886	plasma membrane
amph-1	GO:0016020	GO:0016020	membrane
amph-1	GO:0012505;GO:0048471		
amt-1	GO:0005886	GO:0005886	plasma membrane
amt-1	GO:0016020	GO:0016020	membrane
amt-2	GO:0005886	GO:0005886	plasma membrane
amt-2	GO:0016020	GO:0016020	membrane
amt-3	GO:0005886	GO:0005886	plasma membrane
amt-3	GO:0016020	GO:0016020	membrane
amt-4	GO:0005886	GO:0005886	plasma membrane
amt-4	GO:0016020	GO:0016020	membrane
amx-1	GO:0005634	GO:0005634	nucleus
amx-2	GO:0005741	GO:0016020	membrane
amx-3	GO:0005737	GO:0005737	cytoplasm
anc-1	GO:0005634	GO:0005634	nucleus
anc-1	GO:0005635	GO:0005635	nuclear envelope
anc-1	GO:0005737	GO:0005737	cytoplasm
anc-1	GO:0005856	GO:0005856	cytoskeleton
anc-1	GO:0005640;GO:0016020;GO:0031965	GO:0016020	membrane
anc-1	GO:0012505;GO:0048471		
ani-1	GO:0005634	GO:0005634	nucleus
ani-1	GO:0005737;GO:0005938	GO:0005737	cytoplasm
ani-1	GO:0005856	GO:0005856	cytoskeleton
ani-1	GO:0032154	GO:0016020	membrane
ani-1	GO:0005819	GO:0043226	organelle
ani-1	GO:0005826;GO:0005874;GO:0030426;GO:0030496;GO:0031252		
ani-2	GO:0005737	GO:0005737	cytoplasm
ani-2	GO:0005826		
ani-3	GO:0005826		
anmt-1	GO:0005829	GO:0005829	cytosol
anmt-1	GO:0005863;GO:0055120		
anmt-2	GO:0005829	GO:0005829	cytosol
anmt-3	GO:0005829	GO:0005829	cytosol
anoh-1	GO:0005886	GO:0005886	plasma membrane
anoh-1	GO:0016020	GO:0016020	membrane
ant-1.1	GO:0005739	GO:0005739	mitochondrion
ant-1.1	GO:0005743;GO:0016020	GO:0016020	membrane
ant-1.2	GO:0005739	GO:0005739	mitochondrion
ant-1.2	GO:0005743;GO:0016020	GO:0016020	membrane
ant-1.3	GO:0005739	GO:0005739	mitochondrion
ant-1.3	GO:0005743;GO:0016020	GO:0016020	membrane
ant-1.4	GO:0005739	GO:0005739	mitochondrion
ant-1.4	GO:0005743;GO:0016020	GO:0016020	membrane
aos-1	GO:0005737	GO:0005737	cytoplasm
aos-1	GO:0031510	GO:0032991	protein-containing complex
apa-2	GO:0005886	GO:0005886	plasma membrane
apa-2	GO:0005905;GO:0016020;GO:0036062	GO:0016020	membrane
apa-2	GO:0030139;GO:0045334	GO:0031410	cytoplasmic vesicle
apa-2	GO:0030117;GO:0030122;GO:0030131	GO:0032991	protein-containing complex
apa-2	GO:0045202	GO:0045202	synapse
apb-1	GO:0005737	GO:0005737	cytoplasm
apb-1	GO:0016020	GO:0016020	membrane
apb-1	GO:0030117;GO:0030131	GO:0032991	protein-containing complex
apb-1	GO:0012505		
apb-3	GO:0005794	GO:0005794	Golgi apparatus
apb-3	GO:0016020;GO:0030665	GO:0016020	membrane
apb-3	GO:0031410	GO:0031410	cytoplasmic vesicle
apb-3	GO:0030117;GO:0030123	GO:0032991	protein-containing complex
apc-1	GO:0005680	GO:0032991	protein-containing complex
apc-2	GO:0005680	GO:0032991	protein-containing complex
apd-3	GO:0005737;GO:1904115	GO:0005737	cytoplasm
apd-3	GO:0098830	GO:0005768	endosome
apd-3	GO:0005794	GO:0005794	Golgi apparatus
apd-3	GO:0010008;GO:0016020	GO:0016020	membrane
apd-3	GO:0030117;GO:0030123	GO:0032991	protein-containing complex
apd-3	GO:0012505;GO:0043195		
ape-1	GO:0005634	GO:0005634	nucleus
ape-1	GO:0005737	GO:0005737	cytoplasm
aph-1	GO:0005783	GO:0005783	endoplasmic reticulum
aph-1	GO:0016020	GO:0016020	membrane
aph-1	GO:0070765	GO:0032991	protein-containing complex
aph-2	GO:0005886	GO:0005886	plasma membrane
aph-2	GO:0016020	GO:0016020	membrane
aph-2	GO:0070765	GO:0032991	protein-containing complex
apl-1	GO:0005768;GO:0005769	GO:0005768	endosome
apl-1	GO:0016020	GO:0016020	membrane
apl-1	GO:0031410	GO:0031410	cytoplasmic vesicle
apl-1	GO:0043005	GO:0043005	neuron projection
apl-1	GO:0043025		
app-1	GO:0005737	GO:0005737	cytoplasm
apr-1	GO:0005634	GO:0005634	nucleus
apr-1	GO:0005737;GO:0005938	GO:0005737	cytoplasm
apr-1	GO:0005912;GO:0070161	GO:0030054	cell junction
apr-1	GO:0016342;GO:0030877	GO:0032991	protein-containing complex
apr-1	GO:0005881;GO:0071944		
aprt-1	GO:0005737	GO:0005737	cytoplasm
aps-1	GO:0005794	GO:0005794	Golgi apparatus
aps-1	GO:0005905;GO:0016020;GO:0030659	GO:0016020	membrane
aps-1	GO:0031410	GO:0031410	cytoplasmic vesicle
aps-1	GO:0030121	GO:0032991	protein-containing complex
aps-2	GO:0005886	GO:0005886	plasma membrane
aps-2	GO:0005905;GO:0016020;GO:0098588	GO:0016020	membrane
aps-2	GO:0031410	GO:0031410	cytoplasmic vesicle
aps-2	GO:0098797	GO:0032991	protein-containing complex
aps-2	GO:0012505		
apt-9	GO:0005769	GO:0005768	endosome
apt-9	GO:0005794	GO:0005794	Golgi apparatus
apt-9	GO:0005802		
aptf-1	GO:0005634	GO:0005634	nucleus
aptf-2	GO:0005634	GO:0005634	nucleus
aptf-2	GO:0005737	GO:0005737	cytoplasm
aptf-3	GO:0005634	GO:0005634	nucleus
aptf-4	GO:0005634	GO:0005634	nucleus
apx-1	GO:0005634	GO:0005634	nucleus
apx-1	GO:0005737	GO:0005737	cytoplasm
apx-1	GO:0005886	GO:0005886	plasma membrane
apx-1	GO:0016020	GO:0016020	membrane
apy-1	GO:0016020	GO:0016020	membrane
apy-1	GO:0012505		
aqp-1	GO:0005886	GO:0005886	plasma membrane
aqp-1	GO:0016020;GO:0016323	GO:0016020	membrane
aqp-2	GO:0005886	GO:0005886	plasma membrane
aqp-2	GO:0016020;GO:0016323	GO:0016020	membrane
aqp-3	GO:0005886	GO:0005886	plasma membrane
aqp-3	GO:0016020;GO:0016323	GO:0016020	membrane
aqp-4	GO:0005737	GO:0005737	cytoplasm
aqp-4	GO:0005886	GO:0005886	plasma membrane
aqp-4	GO:0016020;GO:0016324	GO:0016020	membrane
aqp-4	GO:0012505		
aqp-5	GO:0005886	GO:0005886	plasma membrane
aqp-5	GO:0016020	GO:0016020	membrane
aqp-5	GO:0009986		
aqp-6	GO:0005886	GO:0005886	plasma membrane
aqp-6	GO:0097730	GO:0005929	cilium
aqp-6	GO:0016020	GO:0016020	membrane
aqp-6	GO:0043025		
aqp-7	GO:0005886	GO:0005886	plasma membrane
aqp-7	GO:0016020;GO:0016323	GO:0016020	membrane
aqp-8	GO:0005886	GO:0005886	plasma membrane
aqp-8	GO:0016020;GO:0016323	GO:0016020	membrane
aqp-8	GO:0009986		
ard-1	GO:0005739	GO:0005739	mitochondrion
arf-1	GO:0005737	GO:0005737	cytoplasm
arf-1	GO:0005783	GO:0005783	endoplasmic reticulum
arf-1	GO:0005794	GO:0005794	Golgi apparatus
arf-1	GO:0005886	GO:0005886	plasma membrane
arf-1	GO:0000139;GO:0016020	GO:0016020	membrane
arf-6	GO:0005737	GO:0005737	cytoplasm
arf-6	GO:0005886	GO:0005886	plasma membrane
arf-6	GO:0016323;GO:0055038	GO:0016020	membrane
arf-6	GO:0012505;GO:0098592		
argk-1	GO:0005615		
argn-1	GO:0005737	GO:0005737	cytoplasm
argn-1	GO:0005829	GO:0005829	cytosol
arid-1	GO:0005634	GO:0005634	nucleus
arid-1	GO:0017053	GO:0032991	protein-containing complex
arl-13	GO:0005886	GO:0005886	plasma membrane
arl-13	GO:0005929;GO:0097730	GO:0005929	cilium
arl-13	GO:0016020;GO:0031528;GO:0060170	GO:0016020	membrane
arl-13	GO:0042995	GO:0042995	cell projection
arl-13	GO:0061917;GO:0097543		
arl-3	GO:0005737	GO:0005737	cytoplasm
arl-3	GO:0005794	GO:0005794	Golgi apparatus
arl-3	GO:0015630	GO:0005856	cytoskeleton
arl-6	GO:0005737	GO:0005737	cytoplasm
arl-6	GO:0005829	GO:0005829	cytosol
arl-6	GO:0030425	GO:0043005	neuron projection
arl-6	GO:0005930		
arp-1	GO:0005737	GO:0005737	cytoplasm
arp-1	GO:0005856	GO:0005856	cytoskeleton
arp-1	GO:0005869	GO:0032991	protein-containing complex
arr-1	GO:0005737	GO:0005737	cytoplasm
arr-1	GO:0062049	GO:0032991	protein-containing complex
arr-1	GO:0042995	GO:0042995	cell projection
arr-1	GO:0030425	GO:0043005	neuron projection
arr-1	GO:0043204		
arrd-24	GO:0005737	GO:0005737	cytoplasm
arrd-6	GO:0005737	GO:0005737	cytoplasm
arrd-7	GO:0005737	GO:0005737	cytoplasm
arrd-8	GO:0005737	GO:0005737	cytoplasm
art-1	GO:0005783	GO:0005783	endoplasmic reticulum
art-1	GO:0005789;GO:0016020	GO:0016020	membrane
arv-1	GO:0005783	GO:0005783	endoplasmic reticulum
arv-1	GO:0005794	GO:0005794	Golgi apparatus
arv-1	GO:0005789;GO:0016020	GO:0016020	membrane
arv-1	GO:0032541		
arx-1	GO:0005737	GO:0005737	cytoplasm
arx-1	GO:0005856	GO:0005856	cytoskeleton
arx-1	GO:0005885	GO:0032991	protein-containing complex
arx-1	GO:0031252		
arx-2	GO:0005737;GO:0005938	GO:0005737	cytoplasm
arx-2	GO:0005856	GO:0005856	cytoskeleton
arx-2	GO:0005885	GO:0032991	protein-containing complex
arx-3	GO:0005737	GO:0005737	cytoplasm
arx-3	GO:0005856;GO:0015629	GO:0005856	cytoskeleton
arx-3	GO:0005885	GO:0032991	protein-containing complex
arx-4	GO:0005737	GO:0005737	cytoplasm
arx-4	GO:0005856;GO:0015629	GO:0005856	cytoskeleton
arx-4	GO:0005885	GO:0032991	protein-containing complex
arx-5	GO:0005737	GO:0005737	cytoplasm
arx-5	GO:0005856	GO:0005856	cytoskeleton
arx-5	GO:0005885	GO:0032991	protein-containing complex
arx-5	GO:0055120		
arx-6	GO:0005737	GO:0005737	cytoplasm
arx-6	GO:0005856;GO:0015629	GO:0005856	cytoskeleton
arx-6	GO:0005885	GO:0032991	protein-containing complex
arx-7	GO:0005737	GO:0005737	cytoplasm
arx-7	GO:0005856;GO:0015629;GO:0030863	GO:0005856	cytoskeleton
arx-7	GO:0005885;GO:0032991	GO:0032991	protein-containing complex
asah-1	GO:0005576	GO:0005576	extracellular region
asah-1	GO:0005764	GO:0005764	lysosome
asah-1	GO:0016020	GO:0016020	membrane
asah-2	GO:0005764	GO:0005764	lysosome
asah-2	GO:0016020	GO:0016020	membrane
asb-1	GO:0005739	GO:0005739	mitochondrion
asb-1	GO:0097730	GO:0005929	cilium
asb-1	GO:0005743;GO:0016020	GO:0016020	membrane
asb-1	GO:0045259	GO:0032991	protein-containing complex
asb-2	GO:0005739	GO:0005739	mitochondrion
asb-2	GO:0005743;GO:0016020	GO:0016020	membrane
asb-2	GO:0045259	GO:0032991	protein-containing complex
ascc-1	GO:0005634	GO:0005634	nucleus
asd-1	GO:0005634	GO:0005634	nucleus
asd-1	GO:0005737	GO:0005737	cytoplasm
asfl-1	GO:0005634	GO:0005634	nucleus
asfl-1	GO:0000785		
asg-1	GO:0005739	GO:0005739	mitochondrion
asg-1	GO:0016020;GO:0031966	GO:0016020	membrane
asg-1	GO:0045259	GO:0032991	protein-containing complex
asg-2	GO:0005739	GO:0005739	mitochondrion
asg-2	GO:0097730	GO:0005929	cilium
asg-2	GO:0016020;GO:0031966	GO:0016020	membrane
asg-2	GO:0045259	GO:0032991	protein-containing complex
ash-2	GO:0005634	GO:0005634	nucleus
ash-2	GO:0044666;GO:0048188	GO:0032991	protein-containing complex
asic-1	GO:0005886	GO:0005886	plasma membrane
asic-1	GO:0016020;GO:0045211	GO:0016020	membrane
asic-1	GO:0042995	GO:0042995	cell projection
asic-1	GO:0030425	GO:0043005	neuron projection
asic-1	GO:0045202	GO:0045202	synapse
asic-2	GO:0005886	GO:0005886	plasma membrane
asic-2	GO:0016020	GO:0016020	membrane
asm-1	GO:0005576	GO:0005576	extracellular region
asm-1	GO:0005764	GO:0005764	lysosome
asm-1	GO:0016020	GO:0016020	membrane
asm-1	GO:0005615		
asm-2	GO:0005576	GO:0005576	extracellular region
asm-2	GO:0005764	GO:0005764	lysosome
asm-2	GO:0016020	GO:0016020	membrane
asm-2	GO:0005615		
asm-3	GO:0005576	GO:0005576	extracellular region
asm-3	GO:0005764	GO:0005764	lysosome
asm-3	GO:0016020	GO:0016020	membrane
asm-3	GO:0005615		
asna-1	GO:0005737	GO:0005737	cytoplasm
asna-1	GO:0005783	GO:0005783	endoplasmic reticulum
asna-1	GO:0043529	GO:0032991	protein-containing complex
asna-1	GO:0030424	GO:0043005	neuron projection
asna-1	GO:0043025		
asns-1	GO:0005829	GO:0005829	cytosol
asns-2	GO:0005829	GO:0005829	cytosol
asp-1	GO:0005576	GO:0005576	extracellular region
asp-1	GO:0005737	GO:0005737	cytoplasm
asp-1	GO:0005764	GO:0005764	lysosome
asp-1	GO:0098591		
asp-12	GO:0005576	GO:0005576	extracellular region
asp-12	GO:0005764	GO:0005764	lysosome
asp-15	GO:0005576	GO:0005576	extracellular region
asp-15	GO:0005764	GO:0005764	lysosome
asp-16	GO:0005576	GO:0005576	extracellular region
asp-16	GO:0005764	GO:0005764	lysosome
asp-17	GO:0005576	GO:0005576	extracellular region
asp-17	GO:0005764	GO:0005764	lysosome
asp-18	GO:0005576	GO:0005576	extracellular region
asp-18	GO:0005764	GO:0005764	lysosome
asp-3	GO:0005576	GO:0005576	extracellular region
asp-3	GO:0005737	GO:0005737	cytoplasm
asp-3	GO:0005764	GO:0005764	lysosome
asp-4	GO:0005576	GO:0005576	extracellular region
asp-4	GO:0005737	GO:0005737	cytoplasm
asp-4	GO:0005764	GO:0005764	lysosome
asp-5	GO:0005576	GO:0005576	extracellular region
asp-5	GO:0005764	GO:0005764	lysosome
asp-7	GO:0005576	GO:0005576	extracellular region
asp-7	GO:0005764	GO:0005764	lysosome
aspm-1	GO:0005737	GO:0005737	cytoplasm
aspm-1	GO:0005819	GO:0043226	organelle
aspm-1	GO:0000922;GO:0051233		
asps-1	GO:0005634	GO:0005634	nucleus
asps-1	GO:0005737	GO:0005737	cytoplasm
asps-1	GO:0012506	GO:0016020	membrane
ast-1	GO:0005634	GO:0005634	nucleus
ast-1	GO:0042995	GO:0042995	cell projection
ast-1	GO:0043005	GO:0043005	neuron projection
atad-3	GO:0005739	GO:0005739	mitochondrion
atad-3	GO:0005743;GO:0016020	GO:0016020	membrane
atad-3	GO:0042645	GO:0043226	organelle
atf-2	GO:0005634	GO:0005634	nucleus
atf-4	GO:0005634	GO:0005634	nucleus
atf-6	GO:0005634	GO:0005634	nucleus
atf-6	GO:0016020	GO:0016020	membrane
atf-7	GO:0005634	GO:0005634	nucleus
atf-7	GO:0005694	GO:0005694	chromosome
atf-7	GO:0000785		
atf-8	GO:0005634	GO:0005634	nucleus
atg-16.1	GO:0005737	GO:0005737	cytoplasm
atg-16.1	GO:0000421;GO:0034045	GO:0016020	membrane
atg-16.1	GO:0034274	GO:0032991	protein-containing complex
atg-16.2	GO:0005737	GO:0005737	cytoplasm
atg-16.2	GO:0005886	GO:0005886	plasma membrane
atg-16.2	GO:0000421;GO:0016020;GO:0034045	GO:0016020	membrane
atg-16.2	GO:0034274	GO:0032991	protein-containing complex
atg-18	GO:0005737	GO:0005737	cytoplasm
atg-18	GO:0005829	GO:0005829	cytosol
atg-18	GO:0016020;GO:0030670;GO:0034045	GO:0016020	membrane
atg-18	GO:0031410;GO:0045335	GO:0031410	cytoplasmic vesicle
atg-4.1	GO:0005737	GO:0005737	cytoplasm
atg-4.2	GO:0005737	GO:0005737	cytoplasm
atg-5	GO:0005737	GO:0005737	cytoplasm
atg-5	GO:0005776	GO:0005773	vacuole
atg-5	GO:0005829	GO:0005829	cytosol
atg-5	GO:0016020;GO:0034045	GO:0016020	membrane
atg-5	GO:0034274;GO:1990234	GO:0032991	protein-containing complex
atg-5	GO:0061908		
atg-7	GO:0005737	GO:0005737	cytoplasm
atg-7	GO:0000407		
atg-9	GO:0005737	GO:0005737	cytoplasm
atg-9	GO:0005776	GO:0005773	vacuole
atg-9	GO:0016020;GO:0034045	GO:0016020	membrane
atg-9	GO:0000407;GO:0098793		
atgl-1	GO:0005737	GO:0005737	cytoplasm
atgl-1	GO:0005811	GO:0005811	lipid droplet
atgl-1	GO:0005886	GO:0005886	plasma membrane
atgl-1	GO:0016020	GO:0016020	membrane
atgp-1	GO:0005886	GO:0005886	plasma membrane
atgp-1	GO:0016020	GO:0016020	membrane
atgp-2	GO:0005886	GO:0005886	plasma membrane
atgp-2	GO:0016020	GO:0016020	membrane
atgp-2	GO:1990184	GO:0032991	protein-containing complex
atic-1	GO:0005737	GO:0005737	cytoplasm
atic-1	GO:0005829	GO:0005829	cytosol
atl-1	GO:0000794	GO:0000228	nuclear chromosome
atl-1	GO:0005634	GO:0005634	nucleus
atl-1	GO:0005694	GO:0005694	chromosome
atln-1	GO:0005783	GO:0005783	endoplasmic reticulum
atln-1	GO:0005789;GO:0016020	GO:0016020	membrane
atln-1	GO:0098827		
atm-1	GO:0005634	GO:0005634	nucleus
atm-1	GO:0000785		
atn-1	GO:0030864	GO:0005856	cytoskeleton
atn-1	GO:0005886	GO:0005886	plasma membrane
atn-1	GO:0030054	GO:0030054	cell junction
atn-1	GO:0042995	GO:0042995	cell projection
atn-1	GO:0005865;GO:0030018;GO:0055120;GO:0097433		
atp-1	GO:0005739	GO:0005739	mitochondrion
atp-1	GO:0005743;GO:0016020	GO:0016020	membrane
atp-1	GO:0045259	GO:0032991	protein-containing complex
atp-2	GO:0005739	GO:0005739	mitochondrion
atp-2	GO:0005929;GO:0097730	GO:0005929	cilium
atp-2	GO:0005743;GO:0016020	GO:0016020	membrane
atp-2	GO:0045259	GO:0032991	protein-containing complex
atp-2	GO:0042995	GO:0042995	cell projection
atp-3	GO:0005739	GO:0005739	mitochondrion
atp-3	GO:0005743;GO:0016020	GO:0016020	membrane
atp-4	GO:0005739	GO:0005739	mitochondrion
atp-4	GO:0005743;GO:0016020	GO:0016020	membrane
atp-4	GO:0045259	GO:0032991	protein-containing complex
atp-5	GO:0005739	GO:0005739	mitochondrion
atp-5	GO:0005743;GO:0016020	GO:0016020	membrane
atp-5	GO:0045259	GO:0032991	protein-containing complex
atx-2	GO:0005634	GO:0005634	nucleus
atx-2	GO:0005737	GO:0005737	cytoplasm
atx-2	GO:0010494	GO:0043226	organelle
atx-3	GO:0005634	GO:0005634	nucleus
atx-3	GO:0005730	GO:0005730	nucleolus
atx-3	GO:0005737	GO:0005737	cytoplasm
atx-3	GO:0045202	GO:0045202	synapse
ave-1	GO:0009898		
avr-14	GO:0005886	GO:0005886	plasma membrane
avr-14	GO:0016020	GO:0016020	membrane
avr-14	GO:0098794		
avr-15	GO:0005886	GO:0005886	plasma membrane
avr-15	GO:0016020	GO:0016020	membrane
avr-15	GO:0098794		
baf-1	GO:0005634	GO:0005634	nucleus
baf-1	GO:0005635	GO:0005635	nuclear envelope
baf-1	GO:0005654	GO:0005654	nucleoplasm
baf-1	GO:0000793	GO:0005694	chromosome
baf-1	GO:0005737	GO:0005737	cytoplasm
baf-1	GO:0000779		
bag-1	GO:0005634	GO:0005634	nucleus
bag-1	GO:0005737	GO:0005737	cytoplasm
bag-1	GO:0005829	GO:0005829	cytosol
bag-1	GO:0016020	GO:0016020	membrane
bah-1	GO:0016020	GO:0016020	membrane
bah-3			
bas-1	GO:0005737	GO:0005737	cytoplasm
basl-1	GO:0005737	GO:0005737	cytoplasm
bbs-1	GO:0005737	GO:0005737	cytoplasm
bbs-1	GO:0005813;GO:0036064	GO:0005815	microtubule organizing center
bbs-1	GO:0005856	GO:0005856	cytoskeleton
bbs-1	GO:0005929	GO:0005929	cilium
bbs-1	GO:0034464	GO:0032991	protein-containing complex
bbs-1	GO:0042995	GO:0042995	cell projection
bbs-1	GO:0043005	GO:0043005	neuron projection
bbs-1	GO:0005930		
bbs-2	GO:0005737	GO:0005737	cytoplasm
bbs-2	GO:0036064	GO:0005815	microtubule organizing center
bbs-2	GO:0005856	GO:0005856	cytoskeleton
bbs-2	GO:0005929;GO:0031514	GO:0005929	cilium
bbs-2	GO:0016020	GO:0016020	membrane
bbs-2	GO:0034464	GO:0032991	protein-containing complex
bbs-2	GO:0042995	GO:0042995	cell projection
bbs-2	GO:0043005	GO:0043005	neuron projection
bbs-4	GO:0005737	GO:0005737	cytoplasm
bbs-4	GO:0005813;GO:0036064	GO:0005815	microtubule organizing center
bbs-4	GO:0005856	GO:0005856	cytoskeleton
bbs-4	GO:0005886	GO:0005886	plasma membrane
bbs-4	GO:0005929	GO:0005929	cilium
bbs-4	GO:0016020;GO:0060170	GO:0016020	membrane
bbs-4	GO:0034464	GO:0032991	protein-containing complex
bbs-4	GO:0042995	GO:0042995	cell projection
bbs-4	GO:0000242		
bbs-5	GO:0005737	GO:0005737	cytoplasm
bbs-5	GO:0036064	GO:0005815	microtubule organizing center
bbs-5	GO:0005856	GO:0005856	cytoskeleton
bbs-5	GO:0005886	GO:0005886	plasma membrane
bbs-5	GO:0005929;GO:0097730	GO:0005929	cilium
bbs-5	GO:0016020;GO:0060170	GO:0016020	membrane
bbs-5	GO:0034464	GO:0032991	protein-containing complex
bbs-5	GO:0042995	GO:0042995	cell projection
bbs-5	GO:0005930;GO:0034451;GO:0097546		
bbs-8	GO:0005737	GO:0005737	cytoplasm
bbs-8	GO:0036064	GO:0005815	microtubule organizing center
bbs-8	GO:0005856	GO:0005856	cytoskeleton
bbs-8	GO:0005929;GO:0097730	GO:0005929	cilium
bbs-8	GO:0034464	GO:0032991	protein-containing complex
bbs-8	GO:0042995	GO:0042995	cell projection
bbs-8	GO:0043005	GO:0043005	neuron projection
bbs-8	GO:0044292;GO:0097546		
bbs-9	GO:0036064	GO:0005815	microtubule organizing center
bbs-9	GO:0005929	GO:0005929	cilium
bbs-9	GO:0016020	GO:0016020	membrane
bbs-9	GO:0034464	GO:0032991	protein-containing complex
bcas-2	GO:0005634	GO:0005634	nucleus
bcas-2	GO:0000974;GO:0005681;GO:0071013	GO:0032991	protein-containing complex
bcat-1	GO:0005737	GO:0005737	cytoplasm
bcat-1	GO:0005739	GO:0005739	mitochondrion
bcc-1	GO:0005737	GO:0005737	cytoplasm
bckd-1A	GO:0005739	GO:0005739	mitochondrion
bckd-1A	GO:0160157	GO:0032991	protein-containing complex
bckd-1A	GO:0005759		
bckd-1B	GO:0005739	GO:0005739	mitochondrion
bckd-1B	GO:0160157	GO:0032991	protein-containing complex
bckd-1B	GO:0005759		
bcl-11	GO:0005634	GO:0005634	nucleus
bcmo-1			
bcmo-2			
bcs-1	GO:0005739	GO:0005739	mitochondrion
bcs-1	GO:0005743;GO:0016020	GO:0016020	membrane
bec-1	GO:0005634	GO:0005634	nucleus
bec-1	GO:0005737	GO:0005737	cytoplasm
bec-1	GO:0005768	GO:0005768	endosome
bec-1	GO:0031410	GO:0031410	cytoplasmic vesicle
bec-1	GO:0034271;GO:0034272	GO:0032991	protein-containing complex
bec-1	GO:0042995	GO:0042995	cell projection
bec-1	GO:0030424;GO:0030425	GO:0043005	neuron projection
bec-1	GO:0000407;GO:0043204		
ben-1	GO:0005737	GO:0005737	cytoplasm
ben-1	GO:0005856	GO:0005856	cytoskeleton
ben-1	GO:0005874		
best-1	GO:0005886	GO:0005886	plasma membrane
best-1	GO:0016020;GO:0098857	GO:0016020	membrane
best-1	GO:0034707	GO:0032991	protein-containing complex
best-1	GO:0098793		
best-10	GO:0005886	GO:0005886	plasma membrane
best-10	GO:0016020	GO:0016020	membrane
best-10	GO:0034707	GO:0032991	protein-containing complex
best-11	GO:0005886	GO:0005886	plasma membrane
best-11	GO:0016020	GO:0016020	membrane
best-11	GO:0034707	GO:0032991	protein-containing complex
best-12	GO:0005886	GO:0005886	plasma membrane
best-12	GO:0016020	GO:0016020	membrane
best-12	GO:0034707	GO:0032991	protein-containing complex
best-13	GO:0005886	GO:0005886	plasma membrane
best-13	GO:0016020	GO:0016020	membrane
best-13	GO:0034707	GO:0032991	protein-containing complex
best-14	GO:0005886	GO:0005886	plasma membrane
best-14	GO:0016020	GO:0016020	membrane
best-15	GO:0005886	GO:0005886	plasma membrane
best-15	GO:0016020	GO:0016020	membrane
best-15	GO:0034707	GO:0032991	protein-containing complex
best-16	GO:0005886	GO:0005886	plasma membrane
best-16	GO:0016020	GO:0016020	membrane
best-16	GO:0034707	GO:0032991	protein-containing complex
best-17	GO:0005886	GO:0005886	plasma membrane
best-17	GO:0016020	GO:0016020	membrane
best-17	GO:0034707	GO:0032991	protein-containing complex
best-18	GO:0005886	GO:0005886	plasma membrane
best-18	GO:0016020	GO:0016020	membrane
best-18	GO:0034707	GO:0032991	protein-containing complex
best-19	GO:0005886	GO:0005886	plasma membrane
best-19	GO:0016020	GO:0016020	membrane
best-19	GO:0034707	GO:0032991	protein-containing complex
best-2	GO:0005886	GO:0005886	plasma membrane
best-2	GO:0016020	GO:0016020	membrane
best-2	GO:0034707	GO:0032991	protein-containing complex
best-20	GO:0005886	GO:0005886	plasma membrane
best-20	GO:0016020	GO:0016020	membrane
best-20	GO:0034707	GO:0032991	protein-containing complex
best-21	GO:0005886	GO:0005886	plasma membrane
best-21	GO:0016020	GO:0016020	membrane
best-21	GO:0034707	GO:0032991	protein-containing complex
best-22	GO:0005886	GO:0005886	plasma membrane
best-22	GO:0016020	GO:0016020	membrane
best-22	GO:0034707	GO:0032991	protein-containing complex
best-23	GO:0005886	GO:0005886	plasma membrane
best-23	GO:0016020	GO:0016020	membrane
best-23	GO:0034707	GO:0032991	protein-containing complex
best-24	GO:0005886	GO:0005886	plasma membrane
best-24	GO:0016020	GO:0016020	membrane
best-24	GO:0034707	GO:0032991	protein-containing complex
best-25	GO:0005886	GO:0005886	plasma membrane
best-25	GO:0016020	GO:0016020	membrane
best-25	GO:0034707	GO:0032991	protein-containing complex
best-26	GO:0005886	GO:0005886	plasma membrane
best-26	GO:0016020	GO:0016020	membrane
best-26	GO:0034707	GO:0032991	protein-containing complex
best-3	GO:0005886	GO:0005886	plasma membrane
best-3	GO:0016020	GO:0016020	membrane
best-3	GO:0034707	GO:0032991	protein-containing complex
best-4	GO:0005886	GO:0005886	plasma membrane
best-4	GO:0016020	GO:0016020	membrane
best-4	GO:0034707	GO:0032991	protein-containing complex
best-5	GO:0005886	GO:0005886	plasma membrane
best-5	GO:0016020	GO:0016020	membrane
best-5	GO:0034707	GO:0032991	protein-containing complex
best-7	GO:0005886	GO:0005886	plasma membrane
best-7	GO:0016020	GO:0016020	membrane
best-7	GO:0034707	GO:0032991	protein-containing complex
best-8	GO:0005886	GO:0005886	plasma membrane
best-8	GO:0016020	GO:0016020	membrane
best-8	GO:0034707	GO:0032991	protein-containing complex
best-9	GO:0005886	GO:0005886	plasma membrane
best-9	GO:0016020	GO:0016020	membrane
best-9	GO:0034707	GO:0032991	protein-containing complex
bet-1	GO:0005634	GO:0005634	nucleus
bet-1	GO:0005694	GO:0005694	chromosome
bet-1	GO:0000785;GO:0070090		
bet-2	GO:0005634	GO:0005634	nucleus
bet-2	GO:0000785		
bgal-1	GO:0005576	GO:0005576	extracellular region
bgal-1	GO:0005764	GO:0005764	lysosome
bgal-1	GO:0005773	GO:0005773	vacuole
bgal-1	GO:0016020	GO:0016020	membrane
bgal-2	GO:0005773	GO:0005773	vacuole
bgnt-1.1	GO:0016020	GO:0016020	membrane
bgnt-1.2			
bgnt-1.3			
bgnt-1.4	GO:0016020	GO:0016020	membrane
bgnt-1.5			
bgnt-1.6			
bgnt-1.7			
bgnt-1.8			
bicd-1	GO:0005634	GO:0005634	nucleus
bicd-1	GO:0005635	GO:0005635	nuclear envelope
bicd-1	GO:0005794	GO:0005794	Golgi apparatus
bicd-1	GO:0005829	GO:0005829	cytosol
bicd-1	GO:0005875	GO:0032991	protein-containing complex
bicd-1	GO:0042995	GO:0042995	cell projection
bicd-1	GO:0030425	GO:0043005	neuron projection
bicd-1	GO:0043025;GO:0043204		
bir-1	GO:0000793;GO:0005694	GO:0005694	chromosome
bir-1	GO:0005737	GO:0005737	cytoplasm
bir-1	GO:0005856;GO:0015630	GO:0005856	cytoskeleton
bir-1	GO:0032133	GO:0032991	protein-containing complex
bir-1	GO:0000776;GO:0005819	GO:0043226	organelle
bir-1	GO:0030496;GO:0051233		
bir-2	GO:0005737	GO:0005737	cytoplasm
bir-2	GO:0032133	GO:0032991	protein-containing complex
bir-2	GO:0000776	GO:0043226	organelle
bir-2	GO:0051233		
bli-3	GO:0005886	GO:0005886	plasma membrane
bli-3	GO:0016020	GO:0016020	membrane
bli-3	GO:0043020;GO:1990204	GO:0032991	protein-containing complex
blmp-1	GO:0005634	GO:0005634	nucleus
blmp-1	GO:0005737	GO:0005737	cytoplasm
blos-1	GO:0005737	GO:0005737	cytoplasm
blos-1	GO:0005739	GO:0005739	mitochondrion
blos-1	GO:0005829	GO:0005829	cytosol
blos-1	GO:0031082;GO:0031083	GO:0032991	protein-containing complex
blos-1	GO:0005758;GO:0005759		
blos-2	GO:0000930;GO:0031082;GO:0031083;GO:0099078	GO:0032991	protein-containing complex
blos-8	GO:0005764	GO:0005764	lysosome
blos-8	GO:0005765;GO:0016020	GO:0016020	membrane
blos-8	GO:0099078	GO:0032991	protein-containing complex
bmk-1	GO:0005634	GO:0005634	nucleus
bmk-1	GO:0005737	GO:0005737	cytoplasm
bmk-1	GO:0005856	GO:0005856	cytoskeleton
bmk-1	GO:0005819;GO:0072686	GO:0043226	organelle
bmk-1	GO:0000922;GO:0005874;GO:0005876;GO:0051233		
bmy-1	GO:0005783	GO:0005783	endoplasmic reticulum
bnc-1	GO:0005634	GO:0005634	nucleus
bpl-1	GO:0005737	GO:0005737	cytoplasm
bra-1	GO:0005634	GO:0005634	nucleus
bra-1	GO:0005694	GO:0005694	chromosome
bra-1	GO:0030424;GO:0030425	GO:0043005	neuron projection
bra-2	GO:0005634	GO:0005634	nucleus
bra-2	GO:0005694	GO:0005694	chromosome
brc-1	GO:0005634	GO:0005634	nucleus
brc-1	GO:0005694	GO:0005694	chromosome
brc-1	GO:0005737	GO:0005737	cytoplasm
brc-1	GO:0031436	GO:0032991	protein-containing complex
brd-1	GO:0005634	GO:0005634	nucleus
brd-1	GO:0005694	GO:0005694	chromosome
brd-1	GO:0005737	GO:0005737	cytoplasm
brd-1	GO:0031436;GO:0070531	GO:0032991	protein-containing complex
bre-1	GO:0005783	GO:0005783	endoplasmic reticulum
bre-1	GO:0030017;GO:0055120		
bre-4	GO:0005794	GO:0005794	Golgi apparatus
bre-4	GO:0016020	GO:0016020	membrane
brf-1	GO:0005634	GO:0005634	nucleus
brf-1	GO:0000126;GO:0097550	GO:0032991	protein-containing complex
bris-1	GO:0005737	GO:0005737	cytoplasm
bro-1	GO:0005634	GO:0005634	nucleus
bro-1	GO:0005737	GO:0005737	cytoplasm
bro-1	GO:0016513	GO:0032991	protein-containing complex
bub-1	GO:0005634	GO:0005634	nucleus
bub-1	GO:0005694	GO:0005694	chromosome
bub-1	GO:0005737;GO:0005938	GO:0005737	cytoplasm
bub-1	GO:0000940;GO:0032991;GO:1990298	GO:0032991	protein-containing complex
bub-1	GO:0000776	GO:0043226	organelle
bub-1	GO:0000775		
bub-3	GO:0005634	GO:0005634	nucleus
bub-3	GO:0005654	GO:0005654	nucleoplasm
bub-3	GO:0005694	GO:0005694	chromosome
bub-3	GO:0033597;GO:1990298	GO:0032991	protein-containing complex
bub-3	GO:0000776	GO:0043226	organelle
bub-3	GO:0000775		
bud-31	GO:0005634	GO:0005634	nucleus
bud-31	GO:0005681	GO:0032991	protein-containing complex
bus-5			
cah-1	GO:0005576	GO:0005576	extracellular region
cah-2	GO:0005576	GO:0005576	extracellular region
cah-3	GO:0005737	GO:0005737	cytoplasm
cah-4	GO:0005737	GO:0005737	cytoplasm
cah-5	GO:0005576	GO:0005576	extracellular region
cah-5	GO:0005737	GO:0005737	cytoplasm
cah-6	GO:0005737	GO:0005737	cytoplasm
cah-6	GO:0016020	GO:0016020	membrane
cal-1	GO:0005737	GO:0005737	cytoplasm
cal-1	GO:0005813	GO:0005815	microtubule organizing center
cal-3	GO:0005737	GO:0005737	cytoplasm
cal-3	GO:0005813	GO:0005815	microtubule organizing center
cal-5			
calm-1			
calu-1	GO:0005783	GO:0005783	endoplasmic reticulum
calu-1	GO:0005788		
cam-1	GO:0005886	GO:0005886	plasma membrane
cam-1	GO:0016020	GO:0016020	membrane
cam-1	GO:0043235	GO:0032991	protein-containing complex
cam-1	GO:0042995	GO:0042995	cell projection
cam-1	GO:0030424;GO:0030425;GO:0043005	GO:0043005	neuron projection
cam-1	GO:0031594;GO:0045202	GO:0045202	synapse
cam-1	GO:0032809;GO:0043204		
camt-1	GO:0005634	GO:0005634	nucleus
camt-1	GO:0000785		
cand-1	GO:0005634	GO:0005634	nucleus
cap-1	GO:0005737	GO:0005737	cytoplasm
cap-1	GO:0005856;GO:0015629;GO:0030863	GO:0005856	cytoskeleton
cap-1	GO:0005869;GO:0008290;GO:0032991	GO:0032991	protein-containing complex
cap-2	GO:0005737	GO:0005737	cytoplasm
cap-2	GO:0005856;GO:0015629	GO:0005856	cytoskeleton
cap-2	GO:0005869;GO:0008290	GO:0032991	protein-containing complex
capg-2	GO:0005634	GO:0005634	nucleus
capg-2	GO:0000796	GO:0032991	protein-containing complex
cars-1			
cas-1	GO:0005737	GO:0005737	cytoplasm
cas-2	GO:0005737	GO:0005737	cytoplasm
cat-1	GO:0016020;GO:0030672	GO:0016020	membrane
cat-1	GO:0008021	GO:0031410	cytoplasmic vesicle
cat-1	GO:0043195		
cat-2	GO:0005737	GO:0005737	cytoplasm
cat-2	GO:0042995	GO:0042995	cell projection
cat-2	GO:0030424	GO:0043005	neuron projection
cat-2	GO:0045202	GO:0045202	synapse
cat-2	GO:0043204;GO:0048471		
cat-4	GO:0005737	GO:0005737	cytoplasm
catp-5	GO:0005886	GO:0005886	plasma membrane
catp-5	GO:0016020;GO:0016324	GO:0016020	membrane
catp-6	GO:0005764	GO:0005764	lysosome
catp-6	GO:0005886	GO:0005886	plasma membrane
catp-6	GO:0005774;GO:0016020	GO:0016020	membrane
catp-6	GO:0031410	GO:0031410	cytoplasmic vesicle
catp-7	GO:0016020	GO:0016020	membrane
cav-1	GO:0005938	GO:0005737	cytoplasm
cav-1	GO:0005794	GO:0005794	Golgi apparatus
cav-1	GO:0005886	GO:0005886	plasma membrane
cav-1	GO:0000139;GO:0005901;GO:0016020;GO:0045121	GO:0016020	membrane
cav-1	GO:0030133;GO:0060473	GO:0031410	cytoplasmic vesicle
cav-1	GO:0009898;GO:0048471		
cav-2	GO:0005794	GO:0005794	Golgi apparatus
cav-2	GO:0005886	GO:0005886	plasma membrane
cav-2	GO:0000139;GO:0005901;GO:0016020;GO:0016324	GO:0016020	membrane
cblc-1	GO:0005737	GO:0005737	cytoplasm
cbp-1	GO:0005634	GO:0005634	nucleus
cbp-1	GO:0005737	GO:0005737	cytoplasm
cbp-1	GO:0000123;GO:0005667;GO:0017053	GO:0032991	protein-containing complex
cbs-1	GO:0005737	GO:0005737	cytoplasm
cbs-2	GO:0005737	GO:0005737	cytoplasm
cca-1	GO:0005886	GO:0005886	plasma membrane
cca-1	GO:0016020	GO:0016020	membrane
cca-1	GO:0001518;GO:0005891;GO:0034702	GO:0032991	protein-containing complex
cca-1	GO:0043005	GO:0043005	neuron projection
ccb-1	GO:0005891;GO:0034702	GO:0032991	protein-containing complex
ccb-1	GO:0048786		
ccb-2	GO:0005891	GO:0032991	protein-containing complex
ccb-2	GO:0045202	GO:0045202	synapse
ccch-1	GO:0016529	GO:0005783	endoplasmic reticulum
ccch-1	GO:0005829	GO:0005829	cytosol
ccch-1	GO:0043186	GO:0043226	organelle
ccch-2	GO:0005829	GO:0005829	cytosol
ccch-2	GO:0043186	GO:0043226	organelle
ccch-5	GO:0005829	GO:0005829	cytosol
ccch-5	GO:0043186	GO:0043226	organelle
ccct-1	GO:0005634	GO:0005634	nucleus
ccf-1	GO:0005634	GO:0005634	nucleus
ccf-1	GO:0005737	GO:0005737	cytoplasm
ccf-1	GO:0030014;GO:0030015	GO:0032991	protein-containing complex
ccf-1	GO:0000932;GO:0043186	GO:0043226	organelle
cchl-1	GO:0005739	GO:0005739	mitochondrion
cchl-1	GO:0005743;GO:0016020	GO:0016020	membrane
ccm-3	GO:0005737	GO:0005737	cytoplasm
ccm-3	GO:0005886	GO:0005886	plasma membrane
ccm-3	GO:0016020;GO:0016324	GO:0016020	membrane
ccm-3	GO:0090443	GO:0032991	protein-containing complex
ccm-3	GO:0035838;GO:0098592		
ccpp-1	GO:0005737	GO:0005737	cytoplasm
ccpp-1	GO:0015630	GO:0005856	cytoskeleton
ccpp-1	GO:0005929	GO:0005929	cilium
ccpp-1	GO:0042995	GO:0042995	cell projection
ccpp-1	GO:0030425	GO:0043005	neuron projection
ccpp-1	GO:0043204		
ccr-4	GO:0005634	GO:0005634	nucleus
ccr-4	GO:0005737	GO:0005737	cytoplasm
ccr-4	GO:0030014;GO:0030015	GO:0032991	protein-containing complex
cct-2	GO:0005737	GO:0005737	cytoplasm
cct-2	GO:0005829	GO:0005829	cytosol
cct-2	GO:0005832	GO:0032991	protein-containing complex
cct-3	GO:0005737	GO:0005737	cytoplasm
cct-3	GO:0005832	GO:0032991	protein-containing complex
cct-3	GO:0005874		
cct-4	GO:0005737	GO:0005737	cytoplasm
cct-4	GO:0005832	GO:0032991	protein-containing complex
cct-5	GO:0005737	GO:0005737	cytoplasm
cct-5	GO:0005832	GO:0032991	protein-containing complex
cct-6	GO:0005737	GO:0005737	cytoplasm
cct-6	GO:0005832	GO:0032991	protein-containing complex
cct-7	GO:0005737	GO:0005737	cytoplasm
cct-7	GO:0005832	GO:0032991	protein-containing complex
ccz-1	GO:0045335	GO:0031410	cytoplasmic vesicle
ccz-1	GO:0035658	GO:0032991	protein-containing complex
cdap-2			
cdc-14	GO:0005634	GO:0005634	nucleus
cdc-14	GO:0005730	GO:0005730	nucleolus
cdc-14	GO:0005737	GO:0005737	cytoplasm
cdc-14	GO:0005813;GO:1902636	GO:0005815	microtubule organizing center
cdc-14	GO:0005856	GO:0005856	cytoskeleton
cdc-14	GO:0005819;GO:0072686	GO:0043226	organelle
cdc-14	GO:0000235;GO:0000922;GO:0005874;GO:0030496;GO:0051233;GO:1990023		
cdc-25.1	GO:0005634	GO:0005634	nucleus
cdc-25.1	GO:0005737	GO:0005737	cytoplasm
cdc-25.2	GO:0005634	GO:0005634	nucleus
cdc-25.2	GO:0005737	GO:0005737	cytoplasm
cdc-25.3	GO:0005634	GO:0005634	nucleus
cdc-25.3	GO:0005737	GO:0005737	cytoplasm
cdc-25.4	GO:0005634	GO:0005634	nucleus
cdc-25.4	GO:0005737	GO:0005737	cytoplasm
cdc-42	GO:0005737;GO:0005938	GO:0005737	cytoplasm
cdc-42	GO:0005768;GO:0055037	GO:0005768	endosome
cdc-42	GO:0005813	GO:0005815	microtubule organizing center
cdc-42	GO:0005829	GO:0005829	cytosol
cdc-42	GO:0005886	GO:0005886	plasma membrane
cdc-42	GO:0016020	GO:0016020	membrane
cdc-42	GO:0048471;GO:0071944		
cdc-48.1	GO:0005634	GO:0005634	nucleus
cdc-48.1	GO:0005654	GO:0005654	nucleoplasm
cdc-48.1	GO:0005737	GO:0005737	cytoplasm
cdc-48.1	GO:0005829	GO:0005829	cytosol
cdc-48.1	GO:0005789	GO:0016020	membrane
cdc-48.1	GO:0034098;GO:0098796	GO:0032991	protein-containing complex
cdc-48.1	GO:0048471		
cdc-48.2	GO:0005634	GO:0005634	nucleus
cdc-48.2	GO:0005737	GO:0005737	cytoplasm
cdc-48.2	GO:0005829	GO:0005829	cytosol
cdc-48.2	GO:0005789	GO:0016020	membrane
cdc-48.2	GO:0034098;GO:0098796	GO:0032991	protein-containing complex
cdc-5L	GO:0005634	GO:0005634	nucleus
cdc-5L	GO:0000974;GO:0005681	GO:0032991	protein-containing complex
cdc-6	GO:0000794	GO:0000228	nuclear chromosome
cdc-6	GO:0005634	GO:0005634	nucleus
cdc-6	GO:0005730	GO:0005730	nucleolus
cdc-6	GO:0005737	GO:0005737	cytoplasm
cdc-73	GO:0005634	GO:0005634	nucleus
cdc-73	GO:0016593	GO:0032991	protein-containing complex
cdd-1	GO:0005737	GO:0005737	cytoplasm
cdd-1	GO:0005829	GO:0005829	cytosol
cdd-2	GO:0005737	GO:0005737	cytoplasm
cdd-2	GO:0005829	GO:0005829	cytosol
cdf-1	GO:0005886	GO:0005886	plasma membrane
cdf-1	GO:0016020;GO:0016323	GO:0016020	membrane
cdf-2	GO:0005886	GO:0005886	plasma membrane
cdf-2	GO:0016020;GO:0044841	GO:0016020	membrane
cdgs-1	GO:0005789;GO:0016020	GO:0016020	membrane
cdh-1	GO:0005886	GO:0005886	plasma membrane
cdh-1	GO:0016020	GO:0016020	membrane
cdh-1	GO:0005912	GO:0030054	cell junction
cdh-4	GO:0005886	GO:0005886	plasma membrane
cdh-4	GO:0016020	GO:0016020	membrane
cdh-4	GO:0005911	GO:0030054	cell junction
cdh-5	GO:0005886	GO:0005886	plasma membrane
cdh-5	GO:0016020	GO:0016020	membrane
cdh-5	GO:0005912	GO:0030054	cell junction
cdh-8	GO:0005886	GO:0005886	plasma membrane
cdh-8	GO:0016020	GO:0016020	membrane
cdh-8	GO:0005912	GO:0030054	cell junction
cdk-1	GO:0005634	GO:0005634	nucleus
cdk-1	GO:0005694	GO:0005694	chromosome
cdk-1	GO:0005737	GO:0005737	cytoplasm
cdk-1	GO:0005813	GO:0005815	microtubule organizing center
cdk-1	GO:0005856	GO:0005856	cytoskeleton
cdk-12	GO:0005634	GO:0005634	nucleus
cdk-12	GO:0008024	GO:0032991	protein-containing complex
cdk-12	GO:0000791		
cdk-4	GO:0005634	GO:0005634	nucleus
cdk-4	GO:0005737	GO:0005737	cytoplasm
cdk-4	GO:0000307;GO:0097128	GO:0032991	protein-containing complex
cdk-5	GO:0005634	GO:0005634	nucleus
cdk-5	GO:0005737;GO:1904115	GO:0005737	cytoplasm
cdk-5	GO:0016533	GO:0032991	protein-containing complex
cdk-5	GO:0042995	GO:0042995	cell projection
cdk-5	GO:0030424;GO:0030425	GO:0043005	neuron projection
cdk-5	GO:0045202	GO:0045202	synapse
cdk-7	GO:0005634	GO:0005634	nucleus
cdk-7	GO:0005737	GO:0005737	cytoplasm
cdk-7	GO:0005675;GO:0070985	GO:0032991	protein-containing complex
cdk-8	GO:0005634	GO:0005634	nucleus
cdk-9	GO:0005634	GO:0005634	nucleus
cdk-9	GO:0000791		
cdka-1	GO:0005737;GO:1904115	GO:0005737	cytoplasm
cdka-1	GO:0016533	GO:0032991	protein-containing complex
cdka-1	GO:0042995	GO:0042995	cell projection
cdka-1	GO:0030424;GO:0030425	GO:0043005	neuron projection
cdka-1	GO:0045202	GO:0045202	synapse
cdka-1	GO:0030426		
cdkr-3	GO:0012505		
cdo-1			
cdt-1	GO:0005634	GO:0005634	nucleus
cdt-1	GO:0005737	GO:0005737	cytoplasm
cdt-1	GO:0000785		
cebp-1	GO:0005634	GO:0005634	nucleus
cebp-1	GO:0005737	GO:0005737	cytoplasm
cebp-1	GO:0090575	GO:0032991	protein-containing complex
cebp-1	GO:0042995	GO:0042995	cell projection
cebp-1	GO:0030424	GO:0043005	neuron projection
cebp-1	GO:0045202	GO:0045202	synapse
cebp-2	GO:0005634	GO:0005634	nucleus
cec-1	GO:0005634	GO:0005634	nucleus
cec-1	GO:0005694	GO:0005694	chromosome
cec-1	GO:0005721		
ced-1	GO:0005886	GO:0005886	plasma membrane
ced-1	GO:0016020;GO:0030670;GO:0031260	GO:0016020	membrane
ced-1	GO:0031410	GO:0031410	cytoplasmic vesicle
ced-1	GO:0001891;GO:0009986		
ced-10	GO:0005856	GO:0005856	cytoskeleton
ced-10	GO:0005886	GO:0005886	plasma membrane
ced-10	GO:0016020	GO:0016020	membrane
ced-10	GO:0031410	GO:0031410	cytoplasmic vesicle
ced-10	GO:0042995	GO:0042995	cell projection
ced-10	GO:0009898;GO:0043025		
ced-2	GO:0005737	GO:0005737	cytoplasm
ced-2	GO:0005886	GO:0005886	plasma membrane
ced-3	GO:0005634	GO:0005634	nucleus
ced-3	GO:0005737	GO:0005737	cytoplasm
ced-3	GO:0005739	GO:0005739	mitochondrion
ced-3	GO:0016020;GO:0031965	GO:0016020	membrane
ced-3	GO:0008303	GO:0032991	protein-containing complex
ced-3	GO:0045202	GO:0045202	synapse
ced-3	GO:0043025;GO:0043204;GO:0048471;GO:0098793		
ced-5	GO:0005737	GO:0005737	cytoplasm
ced-5	GO:0005886	GO:0005886	plasma membrane
ced-5	GO:0032045	GO:0032991	protein-containing complex
ced-5	GO:0098793		
ced-9	GO:0005737	GO:0005737	cytoplasm
ced-9	GO:0005739	GO:0005739	mitochondrion
ced-9	GO:0005741;GO:0016020;GO:0031090;GO:0031966	GO:0016020	membrane
ced-9	GO:0045202	GO:0045202	synapse
ced-9	GO:0012505;GO:0043025;GO:0043204;GO:0048471;GO:0098793		
cee-1	GO:0005829	GO:0005829	cytosol
cee-1	GO:0071818	GO:0032991	protein-containing complex
ceh-10	GO:0005634	GO:0005634	nucleus
ceh-12	GO:0005634	GO:0005634	nucleus
ceh-13	GO:0005634	GO:0005634	nucleus
ceh-13	GO:0005737	GO:0005737	cytoplasm
ceh-14	GO:0005634	GO:0005634	nucleus
ceh-16	GO:0005634	GO:0005634	nucleus
ceh-16	GO:0005737	GO:0005737	cytoplasm
ceh-17	GO:0005634	GO:0005634	nucleus
ceh-2	GO:0005634	GO:0005634	nucleus
ceh-20	GO:0005634	GO:0005634	nucleus
ceh-20	GO:0090575	GO:0032991	protein-containing complex
ceh-22	GO:0005634	GO:0005634	nucleus
ceh-24	GO:0005634	GO:0005634	nucleus
ceh-27	GO:0005634	GO:0005634	nucleus
ceh-28	GO:0005634	GO:0005634	nucleus
ceh-28	GO:0000785		
ceh-30	GO:0005634	GO:0005634	nucleus
ceh-31	GO:0005634	GO:0005634	nucleus
ceh-32	GO:0005634	GO:0005634	nucleus
ceh-32	GO:0005667	GO:0032991	protein-containing complex
ceh-33	GO:0005634	GO:0005634	nucleus
ceh-33	GO:0005667	GO:0032991	protein-containing complex
ceh-34	GO:0005634	GO:0005634	nucleus
ceh-34	GO:0005667	GO:0032991	protein-containing complex
ceh-37	GO:0005634	GO:0005634	nucleus
ceh-37	GO:0005694	GO:0005694	chromosome
ceh-37	GO:0000781		
ceh-40	GO:0005634	GO:0005634	nucleus
ceh-43	GO:0005634	GO:0005634	nucleus
ceh-5	GO:0005634	GO:0005634	nucleus
ceh-53	GO:0005634	GO:0005634	nucleus
ceh-54	GO:0005634	GO:0005634	nucleus
ceh-6	GO:0005634	GO:0005634	nucleus
ceh-6	GO:0005737	GO:0005737	cytoplasm
ceh-6	GO:0005829	GO:0005829	cytosol
ceh-60	GO:0005634	GO:0005634	nucleus
ceh-60	GO:0000785		
ceh-63	GO:0005634	GO:0005634	nucleus
ceh-8	GO:0005634	GO:0005634	nucleus
ceh-89	GO:0005634	GO:0005634	nucleus
cep-1	GO:0005634	GO:0005634	nucleus
cep-1	GO:0005654	GO:0005654	nucleoplasm
cep-1	GO:0005730	GO:0005730	nucleolus
cep-1	GO:0017053	GO:0032991	protein-containing complex
ceph-41	GO:0005737	GO:0005737	cytoplasm
ceph-41	GO:0005813	GO:0005815	microtubule organizing center
ceph-41	GO:0005856	GO:0005856	cytoskeleton
ceph-41	GO:0005929	GO:0005929	cilium
ceph-41	GO:0042995	GO:0042995	cell projection
cept-1	GO:0005737	GO:0005737	cytoplasm
cept-1	GO:0005794	GO:0005794	Golgi apparatus
cept-1	GO:0005789;GO:0016020	GO:0016020	membrane
cept-1	GO:0012505		
cept-2	GO:0005737	GO:0005737	cytoplasm
cept-2	GO:0005794	GO:0005794	Golgi apparatus
cept-2	GO:0005789;GO:0016020	GO:0016020	membrane
cept-2	GO:0012505		
cerk-1	GO:0016020	GO:0016020	membrane
cert-1	GO:0005737	GO:0005737	cytoplasm
cert-1	GO:0005783	GO:0005783	endoplasmic reticulum
cert-1	GO:0005794	GO:0005794	Golgi apparatus
ces-2	GO:0005634	GO:0005634	nucleus
cest-1.1	GO:0016020	GO:0016020	membrane
cest-1.2	GO:0016020	GO:0016020	membrane
cest-2.1	GO:0016020	GO:0016020	membrane
cest-2.2	GO:0016020	GO:0016020	membrane
cest-2.3	GO:0016020	GO:0016020	membrane
cest-35.2			
cest-7	GO:0016020	GO:0016020	membrane
cey-1	GO:0005634	GO:0005634	nucleus
cey-1	GO:0005783	GO:0005783	endoplasmic reticulum
cey-2	GO:0005634	GO:0005634	nucleus
cey-2	GO:1990904	GO:0032991	protein-containing complex
cey-3	GO:0005634	GO:0005634	nucleus
cey-3	GO:1990904	GO:0032991	protein-containing complex
cey-4	GO:0005634	GO:0005634	nucleus
cey-4	GO:1990904	GO:0032991	protein-containing complex
cfh-1			
cfz-2	GO:0005886	GO:0005886	plasma membrane
cfz-2	GO:0016020	GO:0016020	membrane
cgt-1	GO:0016020	GO:0016020	membrane
cgt-2	GO:0016020	GO:0016020	membrane
cgt-3	GO:0005886	GO:0005886	plasma membrane
cgt-3	GO:0016020	GO:0016020	membrane
cha-1	GO:0005737	GO:0005737	cytoplasm
cha-1	GO:0005829	GO:0005829	cytosol
cha-1	GO:0005886	GO:0005886	plasma membrane
cha-1	GO:0031090	GO:0016020	membrane
cha-1	GO:0043005	GO:0043005	neuron projection
cha-1	GO:0045202;GO:0060076	GO:0045202	synapse
cha-1	GO:0043025		
chaf-1	GO:0005634	GO:0005634	nucleus
chaf-1	GO:0033186	GO:0032991	protein-containing complex
chaf-2	GO:0005634	GO:0005634	nucleus
chaf-2	GO:0033186	GO:0032991	protein-containing complex
chc-1	GO:0005737;GO:0005938	GO:0005737	cytoplasm
chc-1	GO:0005886	GO:0005886	plasma membrane
chc-1	GO:0005905;GO:0016020;GO:0016324;GO:0030659	GO:0016020	membrane
chc-1	GO:0030139;GO:0031410;GO:0045334	GO:0031410	cytoplasmic vesicle
chc-1	GO:0030130;GO:0030132;GO:0071439	GO:0032991	protein-containing complex
chc-1	GO:0072686	GO:0043226	organelle
chc-1	GO:0009898		
chca-1	GO:0016020	GO:0016020	membrane
chch-3	GO:0005739	GO:0005739	mitochondrion
chch-3	GO:0005743;GO:0016020	GO:0016020	membrane
chch-3	GO:0061617	GO:0032991	protein-containing complex
chd-1	GO:0005634	GO:0005634	nucleus
chd-1	GO:0000785		
chd-3	GO:0005634	GO:0005634	nucleus
chd-3	GO:0000118;GO:0016581	GO:0032991	protein-containing complex
chd-3	GO:0000785		
chd-7	GO:0005634	GO:0005634	nucleus
chd-7	GO:0000785		
che-10	GO:0005737	GO:0005737	cytoplasm
che-10	GO:0005813;GO:0036064	GO:0005815	microtubule organizing center
che-10	GO:0005856	GO:0005856	cytoskeleton
che-10	GO:0005929	GO:0005929	cilium
che-10	GO:0042995	GO:0042995	cell projection
che-10	GO:0035869		
che-11	GO:0036064	GO:0005815	microtubule organizing center
che-11	GO:0005929;GO:0097730	GO:0005929	cilium
che-11	GO:0030991	GO:0032991	protein-containing complex
che-11	GO:0042995	GO:0042995	cell projection
che-11	GO:0005930		
che-12	GO:0005929	GO:0005929	cilium
che-12	GO:0042995	GO:0042995	cell projection
che-12	GO:0030425	GO:0043005	neuron projection
che-12	GO:0005881;GO:0043025;GO:0043204		
che-13	GO:0005737	GO:0005737	cytoplasm
che-13	GO:0005794	GO:0005794	Golgi apparatus
che-13	GO:0005815;GO:0036064	GO:0005815	microtubule organizing center
che-13	GO:0005856	GO:0005856	cytoskeleton
che-13	GO:0005929	GO:0005929	cilium
che-13	GO:0030992	GO:0032991	protein-containing complex
che-13	GO:0042995	GO:0042995	cell projection
che-13	GO:0005930;GO:0035869		
che-2	GO:0036064	GO:0005815	microtubule organizing center
che-2	GO:0005929;GO:0097730	GO:0005929	cilium
che-2	GO:0030992	GO:0032991	protein-containing complex
che-2	GO:0042995	GO:0042995	cell projection
che-3	GO:0005737	GO:0005737	cytoplasm
che-3	GO:0005856	GO:0005856	cytoskeleton
che-3	GO:0005886	GO:0005886	plasma membrane
che-3	GO:0005929;GO:0097729;GO:0097730	GO:0005929	cilium
che-3	GO:0016020;GO:0060170	GO:0016020	membrane
che-3	GO:0005868;GO:0030286	GO:0032991	protein-containing complex
che-3	GO:0042995	GO:0042995	cell projection
che-3	GO:0005874;GO:0005930		
che-6	GO:0005886	GO:0005886	plasma membrane
che-6	GO:0016020	GO:0016020	membrane
che-6	GO:0017071	GO:0032991	protein-containing complex
che-6	GO:0043025		
che-7	GO:0005886	GO:0005886	plasma membrane
che-7	GO:0016020	GO:0016020	membrane
che-7	GO:0005921;GO:0070161	GO:0030054	cell junction
chhy-1			
chil-11			
chil-13	GO:0016020	GO:0016020	membrane
chil-15	GO:0016020	GO:0016020	membrane
chil-17	GO:0016020	GO:0016020	membrane
chil-18	GO:0016020	GO:0016020	membrane
chil-2			
chil-23	GO:0016020	GO:0016020	membrane
chil-24			
chil-8			
chin-1	GO:0005938	GO:0005737	cytoplasm
chk-1	GO:0005634	GO:0005634	nucleus
chk-1	GO:0005737	GO:0005737	cytoplasm
chk-1	GO:0048471		
chk-2	GO:0005634	GO:0005634	nucleus
chk-2	GO:0005737	GO:0005737	cytoplasm
chkr-2	GO:0005634	GO:0005634	nucleus
chkr-2	GO:0005737	GO:0005737	cytoplasm
chl-1	GO:0005634	GO:0005634	nucleus
chn-1	GO:0005737	GO:0005737	cytoplasm
chn-1	GO:0030018		
cho-1	GO:0005886	GO:0005886	plasma membrane
cho-1	GO:0016020	GO:0016020	membrane
cho-1	GO:0008021	GO:0031410	cytoplasmic vesicle
cho-1	GO:0030424;GO:0043005	GO:0043005	neuron projection
cho-1	GO:0045202	GO:0045202	synapse
cho-1	GO:0043025		
chp-1			
chpf-1	GO:0005634	GO:0005634	nucleus
chpf-1	GO:0005737	GO:0005737	cytoplasm
chpf-1	GO:0005886	GO:0005886	plasma membrane
chpf-1	GO:0016020	GO:0016020	membrane
chpf-2	GO:0005634	GO:0005634	nucleus
chpf-2	GO:0005737	GO:0005737	cytoplasm
chpf-2	GO:0005886	GO:0005886	plasma membrane
chpf-2	GO:0016020	GO:0016020	membrane
cht-1	GO:0005576	GO:0005576	extracellular region
chtl-1	GO:0016020	GO:0016020	membrane
chup-1	GO:0005764	GO:0005764	lysosome
chup-1	GO:0005768	GO:0005768	endosome
chup-1	GO:0005794	GO:0005794	Golgi apparatus
chup-1	GO:0005886	GO:0005886	plasma membrane
chup-1	GO:0016020	GO:0016020	membrane
chup-1	GO:0031410	GO:0031410	cytoplasmic vesicle
cid-1	GO:0000794	GO:0000228	nuclear chromosome
cid-1	GO:0005737	GO:0005737	cytoplasm
cid-1	GO:0043186	GO:0043226	organelle
cid-1	GO:0048471		
cin-4	GO:0005634	GO:0005634	nucleus
cisd-1	GO:0005739	GO:0005739	mitochondrion
cisd-1	GO:0005783	GO:0005783	endoplasmic reticulum
cisd-1	GO:0005741;GO:0005789;GO:0016020	GO:0016020	membrane
cisd-1	GO:0043231	GO:0043226	organelle
citk-2	GO:0005737	GO:0005737	cytoplasm
citk-2	GO:0005856	GO:0005856	cytoskeleton
cka-1	GO:0005737;GO:0005938	GO:0005737	cytoplasm
cka-2	GO:0005737	GO:0005737	cytoplasm
ckb-1	GO:0005737	GO:0005737	cytoplasm
ckb-2	GO:0005737	GO:0005737	cytoplasm
ckb-3	GO:0005737	GO:0005737	cytoplasm
ckb-4	GO:0005737	GO:0005737	cytoplasm
ckc-1	GO:0005737	GO:0005737	cytoplasm
cki-1	GO:0005634	GO:0005634	nucleus
cki-2	GO:0005634	GO:0005634	nucleus
ckk-1	GO:0005634	GO:0005634	nucleus
ckk-1	GO:0005737	GO:0005737	cytoplasm
ckr-1	GO:0005886	GO:0005886	plasma membrane
ckr-1	GO:0016020	GO:0016020	membrane
ckr-2	GO:0005886	GO:0005886	plasma membrane
ckr-2	GO:0016020	GO:0016020	membrane
cku-70	GO:0005634	GO:0005634	nucleus
cku-70	GO:0043564	GO:0032991	protein-containing complex
cku-80	GO:0005634	GO:0005634	nucleus
cku-80	GO:0043564	GO:0032991	protein-containing complex
clc-5	GO:0005886	GO:0005886	plasma membrane
clc-5	GO:0016020	GO:0016020	membrane
cle-1	GO:0005576	GO:0005576	extracellular region
cle-1	GO:0030054	GO:0030054	cell junction
cle-1	GO:0005604;GO:0031012	GO:0031012	extracellular matrix
cle-1	GO:0005581;GO:0005587	GO:0032991	protein-containing complex
cle-1	GO:0045202	GO:0045202	synapse
clec-150	GO:0009897		
clec-178			
clec-196	GO:0009897		
clec-224	GO:0009897		
clec-83			
clec-86	GO:0009897		
clec-87	GO:0009897		
clec-91	GO:0005576	GO:0005576	extracellular region
clec-91	GO:0009897		
clh-2	GO:0005886	GO:0005886	plasma membrane
clh-2	GO:0016020	GO:0016020	membrane
clh-3	GO:0005886	GO:0005886	plasma membrane
clh-3	GO:0016020	GO:0016020	membrane
clh-4	GO:0005886	GO:0005886	plasma membrane
clh-4	GO:0016020	GO:0016020	membrane
clh-5	GO:0005769	GO:0005768	endosome
clh-5	GO:0005794	GO:0005794	Golgi apparatus
clh-5	GO:0005886	GO:0005886	plasma membrane
clh-5	GO:0010008;GO:0016020	GO:0016020	membrane
clh-5	GO:0008021	GO:0031410	cytoplasmic vesicle
clh-6	GO:0005886	GO:0005886	plasma membrane
clh-6	GO:0005765;GO:0016020	GO:0016020	membrane
clh-6	GO:0034707	GO:0032991	protein-containing complex
clhm-1	GO:0005886	GO:0005886	plasma membrane
clhm-1	GO:0097730	GO:0005929	cilium
clhm-1	GO:0016020	GO:0016020	membrane
clhm-1	GO:0034702	GO:0032991	protein-containing complex
clk-1	GO:0005634	GO:0005634	nucleus
clk-1	GO:0005739	GO:0005739	mitochondrion
clk-1	GO:0005743;GO:0016020	GO:0016020	membrane
clk-1	GO:0031314		
cln-3.1	GO:0005737	GO:0005737	cytoplasm
cln-3.1	GO:0005764	GO:0005764	lysosome
cln-3.1	GO:0005773	GO:0005773	vacuole
cln-3.1	GO:0005765;GO:0016020	GO:0016020	membrane
cln-3.1	GO:0012505		
cln-3.2	GO:0005764	GO:0005764	lysosome
cln-3.2	GO:0005773	GO:0005773	vacuole
cln-3.2	GO:0005765;GO:0016020	GO:0016020	membrane
cln-3.2	GO:0012505		
cln-3.3	GO:0005764	GO:0005764	lysosome
cln-3.3	GO:0005773	GO:0005773	vacuole
cln-3.3	GO:0005765;GO:0016020	GO:0016020	membrane
cln-3.3	GO:0012505		
clp-1	GO:0005737	GO:0005737	cytoplasm
clp-1	GO:0030017;GO:0031430		
clp-3	GO:0005737	GO:0005737	cytoplasm
clp-4	GO:0005737	GO:0005737	cytoplasm
clp-6	GO:0005737	GO:0005737	cytoplasm
clp-7	GO:0005737	GO:0005737	cytoplasm
clpf-1	GO:0005634	GO:0005634	nucleus
clpp-1	GO:0005739	GO:0005739	mitochondrion
clpp-1	GO:0009368	GO:0032991	protein-containing complex
clpp-1	GO:0005759		
clpr-1			
clpr-3			
clpr-4			
clr-1	GO:0005886	GO:0005886	plasma membrane
clr-1	GO:0016020	GO:0016020	membrane
clr-1	GO:0045202	GO:0045202	synapse
clr-1	GO:0098794		
cmd-1	GO:0005737	GO:0005737	cytoplasm
cmd-1	GO:0005813	GO:0005815	microtubule organizing center
cmd-1	GO:0031965	GO:0016020	membrane
cmd-1	GO:0005955	GO:0032991	protein-containing complex
cmd-1	GO:0072686	GO:0043226	organelle
cmd-1	GO:0071944		
cnb-1	GO:0005737	GO:0005737	cytoplasm
cnb-1	GO:0005783	GO:0005783	endoplasmic reticulum
cnb-1	GO:0005955	GO:0032991	protein-containing complex
cnb-1	GO:0030017;GO:0055120		
cnd-1	GO:0005634	GO:0005634	nucleus
cng-1	GO:0005886	GO:0005886	plasma membrane
cng-1	GO:0016020	GO:0016020	membrane
cng-1	GO:0017071;GO:0034703	GO:0032991	protein-containing complex
cng-1	GO:0043025		
cng-2	GO:0005886	GO:0005886	plasma membrane
cng-2	GO:0016020	GO:0016020	membrane
cng-2	GO:0017071	GO:0032991	protein-containing complex
cng-2	GO:0043025		
cng-3	GO:0005886	GO:0005886	plasma membrane
cng-3	GO:0097730	GO:0005929	cilium
cng-3	GO:0016020	GO:0016020	membrane
cng-3	GO:0017071	GO:0032991	protein-containing complex
cnk-1	GO:0005737	GO:0005737	cytoplasm
cnk-1	GO:0016020	GO:0016020	membrane
cnnm-1	GO:0005886	GO:0005886	plasma membrane
cnnm-1	GO:0016020;GO:0016323	GO:0016020	membrane
cnnm-2	GO:0005886	GO:0005886	plasma membrane
cnnm-2	GO:0016020	GO:0016020	membrane
cnnm-3	GO:0005886	GO:0005886	plasma membrane
cnnm-3	GO:0016020;GO:0016323	GO:0016020	membrane
cnp-2			
cnt-1	GO:0005737	GO:0005737	cytoplasm
cnt-1	GO:0005768	GO:0005768	endosome
cnt-1	GO:0005886	GO:0005886	plasma membrane
cnt-1	GO:0016020;GO:0016323;GO:0016324;GO:0031901;GO:0055038	GO:0016020	membrane
cnt-1	GO:0009898;GO:0098592		
cnt-2			
cnx-1	GO:0005737	GO:0005737	cytoplasm
cnx-1	GO:0005783	GO:0005783	endoplasmic reticulum
cnx-1	GO:0005789;GO:0016020	GO:0016020	membrane
cnx-1	GO:0031410	GO:0031410	cytoplasmic vesicle
cnx-1	GO:0048471		
coa-3	GO:0005739	GO:0005739	mitochondrion
coa-3	GO:0005743;GO:0016020;GO:0031966	GO:0016020	membrane
coa-5	GO:0005739	GO:0005739	mitochondrion
coa-7	GO:0005758		
cof-2	GO:0005576	GO:0005576	extracellular region
cof-2	GO:0016020	GO:0016020	membrane
cof-2	GO:0005615		
cog-1	GO:0005634	GO:0005634	nucleus
cogc-1	GO:0005794	GO:0005794	Golgi apparatus
cogc-1	GO:0000139;GO:0016020	GO:0016020	membrane
cogc-1	GO:0017119	GO:0032991	protein-containing complex
cogc-2	GO:0005794	GO:0005794	Golgi apparatus
cogc-2	GO:0000139;GO:0016020	GO:0016020	membrane
cogc-2	GO:0017119	GO:0032991	protein-containing complex
cogc-3	GO:0005783	GO:0005783	endoplasmic reticulum
cogc-3	GO:0005794	GO:0005794	Golgi apparatus
cogc-3	GO:0000139;GO:0016020	GO:0016020	membrane
cogc-3	GO:0017119	GO:0032991	protein-containing complex
cogc-3	GO:0005801	GO:0043226	organelle
cogc-4	GO:0005794	GO:0005794	Golgi apparatus
cogc-4	GO:0000139;GO:0016020	GO:0016020	membrane
cogc-4	GO:0017119	GO:0032991	protein-containing complex
cogc-5	GO:0017119	GO:0032991	protein-containing complex
cogc-6	GO:0005794	GO:0005794	Golgi apparatus
cogc-6	GO:0000139;GO:0016020	GO:0016020	membrane
cogc-6	GO:0017119	GO:0032991	protein-containing complex
cogc-8	GO:0005794	GO:0005794	Golgi apparatus
cogc-8	GO:0000139;GO:0016020	GO:0016020	membrane
cogc-8	GO:0017119	GO:0032991	protein-containing complex
coh-1	GO:0005634	GO:0005634	nucleus
coh-1	GO:0005694	GO:0005694	chromosome
coh-1	GO:0008278	GO:0032991	protein-containing complex
col-104	GO:0016020	GO:0016020	membrane
col-104	GO:0005581	GO:0032991	protein-containing complex
col-121	GO:0016020	GO:0016020	membrane
col-121	GO:0005581	GO:0032991	protein-containing complex
col-135	GO:0031012	GO:0031012	extracellular matrix
col-135	GO:0005581;GO:0005587	GO:0032991	protein-containing complex
col-48	GO:0016020	GO:0016020	membrane
col-48	GO:0005581	GO:0032991	protein-containing complex
col-78	GO:0016020	GO:0016020	membrane
col-99	GO:0005886	GO:0005886	plasma membrane
col-99	GO:0031012	GO:0031012	extracellular matrix
col-99	GO:0005581	GO:0032991	protein-containing complex
col-99	GO:0031594	GO:0045202	synapse
col-99	GO:0005615		
com-1			
cone-1	GO:0005794	GO:0005794	Golgi apparatus
cone-1	GO:0000139;GO:0016020	GO:0016020	membrane
copa-1	GO:0005737	GO:0005737	cytoplasm
copa-1	GO:0005794	GO:0005794	Golgi apparatus
copa-1	GO:0000139;GO:0016020;GO:0030663	GO:0016020	membrane
copa-1	GO:0030117;GO:0030126	GO:0032991	protein-containing complex
copb-2	GO:0005737	GO:0005737	cytoplasm
copb-2	GO:0005794	GO:0005794	Golgi apparatus
copb-2	GO:0000139;GO:0016020;GO:0030663	GO:0016020	membrane
copb-2	GO:0031410	GO:0031410	cytoplasmic vesicle
copb-2	GO:0030117;GO:0030126	GO:0032991	protein-containing complex
copg-1	GO:0005737	GO:0005737	cytoplasm
copg-1	GO:0005783	GO:0005783	endoplasmic reticulum
copg-1	GO:0005794	GO:0005794	Golgi apparatus
copg-1	GO:0000139;GO:0016020;GO:0030663	GO:0016020	membrane
copg-1	GO:0031410	GO:0031410	cytoplasmic vesicle
copg-1	GO:0030117;GO:0030126	GO:0032991	protein-containing complex
copg-1	GO:0005793	GO:0043226	organelle
coq-1	GO:0005739	GO:0005739	mitochondrion
coq-1	GO:0032476;GO:0032478	GO:0032991	protein-containing complex
coq-1	GO:0031314		
coq-2	GO:0005739	GO:0005739	mitochondrion
coq-2	GO:0005743;GO:0016020;GO:0031966	GO:0016020	membrane
coq-4	GO:0005739	GO:0005739	mitochondrion
coq-4	GO:0005743;GO:0016020	GO:0016020	membrane
coq-4	GO:0031314		
coq-5	GO:0005739	GO:0005739	mitochondrion
coq-5	GO:0005743;GO:0016020	GO:0016020	membrane
coq-5	GO:0031314		
coq-6	GO:0005739	GO:0005739	mitochondrion
coq-6	GO:0005743;GO:0016020	GO:0016020	membrane
coq-6	GO:0031314		
coq-8	GO:0005739	GO:0005739	mitochondrion
cor-1	GO:0005737	GO:0005737	cytoplasm
cor-1	GO:0005856	GO:0005856	cytoskeleton
cox-10	GO:0005739	GO:0005739	mitochondrion
cox-10	GO:0016020;GO:0031966	GO:0016020	membrane
cox-11	GO:0005739	GO:0005739	mitochondrion
cox-11	GO:0005743;GO:0016020	GO:0016020	membrane
cox-15	GO:0005743;GO:0016020	GO:0016020	membrane
cox-16	GO:0005739	GO:0005739	mitochondrion
cox-16	GO:0005743;GO:0016020;GO:0031966	GO:0016020	membrane
cox-4	GO:0005739	GO:0005739	mitochondrion
cox-4	GO:0005743	GO:0016020	membrane
cox-4	GO:0045277	GO:0032991	protein-containing complex
cox-5A	GO:0005739	GO:0005739	mitochondrion
cox-5A	GO:0005743;GO:0016020	GO:0016020	membrane
cox-5A	GO:0045277	GO:0032991	protein-containing complex
cox-5B	GO:0005739	GO:0005739	mitochondrion
cox-5B	GO:0045277	GO:0032991	protein-containing complex
cox-5B	GO:0005740		
cox-6A	GO:0005739	GO:0005739	mitochondrion
cox-6A	GO:0005743;GO:0016020	GO:0016020	membrane
cox-6A	GO:0045277	GO:0032991	protein-containing complex
cox-6B	GO:0005739	GO:0005739	mitochondrion
cox-6B	GO:0016020	GO:0016020	membrane
cox-6B	GO:0045277	GO:0032991	protein-containing complex
cox-7C	GO:0005739	GO:0005739	mitochondrion
cox-7C	GO:0005743;GO:0016020	GO:0016020	membrane
cox-7C	GO:0045277	GO:0032991	protein-containing complex
cpb-1	GO:0005634	GO:0005634	nucleus
cpb-1	GO:0005737	GO:0005737	cytoplasm
cpb-1	GO:0043005	GO:0043005	neuron projection
cpb-1	GO:0045202	GO:0045202	synapse
cpb-2	GO:0005634	GO:0005634	nucleus
cpb-2	GO:0005737	GO:0005737	cytoplasm
cpb-3	GO:0005634	GO:0005634	nucleus
cpb-3	GO:0005737	GO:0005737	cytoplasm
cpb-3	GO:0043005	GO:0043005	neuron projection
cpb-3	GO:0045202	GO:0045202	synapse
cpd-2	GO:0005615		
cpf-2	GO:0005634	GO:0005634	nucleus
cpf-2	GO:0005847	GO:0032991	protein-containing complex
cpf-2	GO:0016607	GO:0043226	organelle
cpi-1	GO:0005737	GO:0005737	cytoplasm
cpi-1	GO:0031982	GO:0043226	organelle
cpi-1	GO:0005615		
cpi-2	GO:0005576	GO:0005576	extracellular region
cpi-2	GO:0005737	GO:0005737	cytoplasm
cpi-2	GO:0031982	GO:0043226	organelle
cpi-2	GO:0005615;GO:0042718		
cpin-1	GO:0005829	GO:0005829	cytosol
cpl-1	GO:0005576	GO:0005576	extracellular region
cpl-1	GO:0005737	GO:0005737	cytoplasm
cpl-1	GO:0005764;GO:0005767;GO:0036019	GO:0005764	lysosome
cpl-1	GO:0005768	GO:0005768	endosome
cpl-1	GO:0031410;GO:0032010;GO:0045335	GO:0031410	cytoplasmic vesicle
cpl-1	GO:0005615;GO:0031983;GO:0042718		
cpr-1	GO:0005764	GO:0005764	lysosome
cpr-1	GO:0005615		
cpr-2	GO:0005764	GO:0005764	lysosome
cpr-2	GO:0005615		
cpr-3	GO:0005764	GO:0005764	lysosome
cpr-3	GO:0005615		
cpr-4	GO:0005576	GO:0005576	extracellular region
cpr-4	GO:0005764	GO:0005764	lysosome
cpr-4	GO:0005615		
cpr-5	GO:0005764	GO:0005764	lysosome
cpr-5	GO:0005615		
cpr-6	GO:0005764	GO:0005764	lysosome
cpr-6	GO:0005615		
cpr-8	GO:0005764	GO:0005764	lysosome
cpr-8	GO:0005615		
cpr-9	GO:0005764	GO:0005764	lysosome
cpr-9	GO:0005615		
cps-6	GO:0005634	GO:0005634	nucleus
cps-6	GO:0005739	GO:0005739	mitochondrion
cps-6	GO:0005743	GO:0016020	membrane
cps-6	GO:0005758		
cpsf-1	GO:0005634	GO:0005634	nucleus
cpsf-1	GO:0005847	GO:0032991	protein-containing complex
cpt-1	GO:0005739	GO:0005739	mitochondrion
cpt-1	GO:0016020;GO:0031966	GO:0016020	membrane
cpt-2	GO:0005739	GO:0005739	mitochondrion
cpx-1	GO:0005737	GO:0005737	cytoplasm
cpx-1	GO:0005829	GO:0005829	cytosol
cpx-1	GO:0031201	GO:0032991	protein-containing complex
cpx-1	GO:0030424	GO:0043005	neuron projection
cpx-1	GO:0045202	GO:0045202	synapse
cpx-1	GO:0043195		
crb-1	GO:0005576	GO:0005576	extracellular region
crb-1	GO:0005737	GO:0005737	cytoplasm
crb-1	GO:0005886	GO:0005886	plasma membrane
crb-1	GO:0016020	GO:0016020	membrane
crb-1	GO:0032991	GO:0032991	protein-containing complex
crb-1	GO:0045177		
crh-1	GO:0005634	GO:0005634	nucleus
crh-1	GO:0005667	GO:0032991	protein-containing complex
crh-1	GO:0000785		
crh-2	GO:0005634	GO:0005634	nucleus
cri-2	GO:0005576	GO:0005576	extracellular region
cri-2	GO:0031012	GO:0031012	extracellular matrix
cri-2	GO:0005615		
cri-3	GO:0005739	GO:0005739	mitochondrion
cri-3	GO:0005759		
crim-1	GO:0005576	GO:0005576	extracellular region
crim-1	GO:0016020	GO:0016020	membrane
crld-1	GO:0005783	GO:0005783	endoplasmic reticulum
crld-1	GO:0005789;GO:0016020	GO:0016020	membrane
crld-1	GO:0005788		
crls-1	GO:0005739	GO:0005739	mitochondrion
crls-1	GO:0005743;GO:0016020	GO:0016020	membrane
crml-1	GO:0005886	GO:0005886	plasma membrane
crml-1	GO:0030027	GO:0042995	cell projection
crn-1	GO:0005634	GO:0005634	nucleus
crn-1	GO:0005654	GO:0005654	nucleoplasm
crn-1	GO:0005730	GO:0005730	nucleolus
crn-1	GO:0005739	GO:0005739	mitochondrion
crn-3	GO:0005634	GO:0005634	nucleus
crn-3	GO:0005654	GO:0005654	nucleoplasm
crn-3	GO:0005730	GO:0005730	nucleolus
crn-3	GO:0000176;GO:0000178	GO:0032991	protein-containing complex
crn-6			
crn-7			
crt-1	GO:0005737	GO:0005737	cytoplasm
crt-1	GO:0005783	GO:0005783	endoplasmic reticulum
crt-1	GO:0005789	GO:0016020	membrane
crt-1	GO:0005788		
crtc-1	GO:0005634	GO:0005634	nucleus
crtc-1	GO:0005737	GO:0005737	cytoplasm
crtc-1	GO:0005829	GO:0005829	cytosol
csa-1	GO:0000109;GO:0031464	GO:0032991	protein-containing complex
csb-1	GO:0005634	GO:0005634	nucleus
csb-1	GO:0000785		
csk-1	GO:0005886	GO:0005886	plasma membrane
csk-1	GO:0005911	GO:0030054	cell junction
csn-5	GO:0005634	GO:0005634	nucleus
csn-5	GO:0005737	GO:0005737	cytoplasm
csn-5	GO:0008180	GO:0032991	protein-containing complex
csn-5	GO:0031672		
csp-1	GO:0043073	GO:0005634	nucleus
csp-2	GO:0005737	GO:0005737	cytoplasm
csp-2	GO:0097179	GO:0032991	protein-containing complex
csp-3	GO:0005737	GO:0005737	cytoplasm
csq-1	GO:0005634	GO:0005634	nucleus
csq-1	GO:0005737	GO:0005737	cytoplasm
csq-1	GO:0016529	GO:0005783	endoplasmic reticulum
csq-1	GO:0042383	GO:0005886	plasma membrane
csq-1	GO:0016324	GO:0016020	membrane
csq-1	GO:0033018		
cst-1	GO:0005737	GO:0005737	cytoplasm
cst-2	GO:0005737	GO:0005737	cytoplasm
ctbp-1	GO:0005634	GO:0005634	nucleus
ctf-4	GO:0031298	GO:0032991	protein-containing complex
ctf-4	GO:0043596		
cth-1	GO:0005737	GO:0005737	cytoplasm
cth-2	GO:0005737	GO:0005737	cytoplasm
cth-2	GO:0005783	GO:0005783	endoplasmic reticulum
ctl-1	GO:0005737	GO:0005737	cytoplasm
ctl-1	GO:0005739	GO:0005739	mitochondrion
ctl-1	GO:0005777	GO:0005777	peroxisome
ctl-2	GO:0005737	GO:0005737	cytoplasm
ctl-2	GO:0005739	GO:0005739	mitochondrion
ctl-2	GO:0005777	GO:0005777	peroxisome
ctl-3	GO:0005737	GO:0005737	cytoplasm
ctl-3	GO:0005739	GO:0005739	mitochondrion
ctl-3	GO:0005777	GO:0005777	peroxisome
ctn-1	GO:0005737	GO:0005737	cytoplasm
ctn-1	GO:0005886	GO:0005886	plasma membrane
ctn-1	GO:0055120;GO:0071944		
ctnb-1	GO:0005634	GO:0005634	nucleus
ctnb-1	GO:0005681	GO:0032991	protein-containing complex
ctns-1	GO:0005764	GO:0005764	lysosome
ctns-1	GO:0005765;GO:0016020	GO:0016020	membrane
ctns-1	GO:0031410;GO:0045335	GO:0031410	cytoplasmic vesicle
ctps-1	GO:0005737	GO:0005737	cytoplasm
ctps-1	GO:0097268		
cts-1	GO:0005739	GO:0005739	mitochondrion
cts-1	GO:0005759		
ctsa-1.1			
ctsa-1.2			
ctsa-2	GO:0045121	GO:0016020	membrane
ctsa-3.1	GO:0045121	GO:0016020	membrane
ctsa-3.2			
ctsa-4.1			
ctsa-4.2	GO:0016020;GO:0045121	GO:0016020	membrane
cua-1	GO:0005794	GO:0005794	Golgi apparatus
cua-1	GO:0005886	GO:0005886	plasma membrane
cua-1	GO:0005774;GO:0016020	GO:0016020	membrane
cua-1	GO:0005802		
cubn-1	GO:0005576	GO:0005576	extracellular region
cul-3	GO:0005634	GO:0005634	nucleus
cul-3	GO:0005737	GO:0005737	cytoplasm
cul-3	GO:0031463	GO:0032991	protein-containing complex
cul-4	GO:0080008	GO:0032991	protein-containing complex
cup-14	GO:0005768;GO:0005770	GO:0005768	endosome
cup-15	GO:0005829	GO:0005829	cytosol
cup-15	GO:0016020	GO:0016020	membrane
cup-5	GO:0005764;GO:0036019	GO:0005764	lysosome
cup-5	GO:0005768	GO:0005768	endosome
cup-5	GO:0005886	GO:0005886	plasma membrane
cup-5	GO:0005765;GO:0010008;GO:0016020	GO:0016020	membrane
cup-5	GO:0031410	GO:0031410	cytoplasmic vesicle
cwf-19L1	GO:0071014	GO:0032991	protein-containing complex
cwn-1	GO:0005576	GO:0005576	extracellular region
cwn-1	GO:0005737	GO:0005737	cytoplasm
cwn-1	GO:0005886	GO:0005886	plasma membrane
cwn-1	GO:0016020	GO:0016020	membrane
cwn-1	GO:0005615		
cwn-2	GO:0005576	GO:0005576	extracellular region
cwn-2	GO:0005615		
cya-1	GO:0005634	GO:0005634	nucleus
cya-1	GO:0005737	GO:0005737	cytoplasm
cya-1	GO:0005815	GO:0005815	microtubule organizing center
cya-1	GO:0097124	GO:0032991	protein-containing complex
cyb-1	GO:0005634	GO:0005634	nucleus
cyb-1	GO:0005737	GO:0005737	cytoplasm
cyb-1	GO:0005815	GO:0005815	microtubule organizing center
cyb-1	GO:0000307	GO:0032991	protein-containing complex
cyb-2.1	GO:0005634	GO:0005634	nucleus
cyb-2.1	GO:0005737	GO:0005737	cytoplasm
cyb-2.1	GO:0005815	GO:0005815	microtubule organizing center
cyb-2.1	GO:0000307	GO:0032991	protein-containing complex
cyb-2.2	GO:0005634	GO:0005634	nucleus
cyb-2.2	GO:0005737	GO:0005737	cytoplasm
cyb-2.2	GO:0005815	GO:0005815	microtubule organizing center
cyb-2.2	GO:0000307	GO:0032991	protein-containing complex
cyc-1	GO:0005739	GO:0005739	mitochondrion
cyc-1	GO:0005743;GO:0016020	GO:0016020	membrane
cyc-1	GO:0045275	GO:0032991	protein-containing complex
cyc-2.1	GO:0005739	GO:0005739	mitochondrion
cyc-2.1	GO:0098803	GO:0032991	protein-containing complex
cyc-2.1	GO:0005758		
cyc-2.2	GO:0005739	GO:0005739	mitochondrion
cyc-2.2	GO:0005758		
cyd-1	GO:0005634	GO:0005634	nucleus
cyd-1	GO:0005737	GO:0005737	cytoplasm
cyd-1	GO:0005815	GO:0005815	microtubule organizing center
cyd-1	GO:0000307;GO:0097128	GO:0032991	protein-containing complex
cye-1	GO:0005634	GO:0005634	nucleus
cye-1	GO:0005737	GO:0005737	cytoplasm
cye-1	GO:0005815	GO:0005815	microtubule organizing center
cye-1	GO:0005856	GO:0005856	cytoskeleton
cye-1	GO:0000307;GO:0097134	GO:0032991	protein-containing complex
cye-1	GO:0005814	GO:0043226	organelle
cye-1	GO:0000785		
cyk-1	GO:0032154	GO:0016020	membrane
cyk-1	GO:0005826;GO:0005884;GO:0009898		
cyk-4	GO:0005634	GO:0005634	nucleus
cyk-4	GO:0005886	GO:0005886	plasma membrane
cyk-4	GO:0032154	GO:0016020	membrane
cyk-4	GO:0097149	GO:0032991	protein-containing complex
cyk-4	GO:0005819	GO:0043226	organelle
cyk-4	GO:0030496;GO:0051233;GO:1990023		
cyld-1	GO:0005737	GO:0005737	cytoplasm
cyld-1	GO:0005813	GO:0005815	microtubule organizing center
cyld-1	GO:0005829	GO:0005829	cytosol
cyld-1	GO:0048471		
cyn-1	GO:0005737	GO:0005737	cytoplasm
cyn-1	GO:0005739	GO:0005739	mitochondrion
cyn-1	GO:0071013	GO:0032991	protein-containing complex
cyn-12	GO:0005634	GO:0005634	nucleus
cyn-12	GO:0071013	GO:0032991	protein-containing complex
cyn-16	GO:0005634	GO:0005634	nucleus
cyn-16	GO:0071013	GO:0032991	protein-containing complex
cyn-2	GO:0005737	GO:0005737	cytoplasm
cyn-3	GO:0005737	GO:0005737	cytoplasm
cyn-5	GO:0005737	GO:0005737	cytoplasm
cyn-6	GO:0005737	GO:0005737	cytoplasm
cyn-7	GO:0005737	GO:0005737	cytoplasm
cyp-13A1			
cyp-13A10	GO:0016020	GO:0016020	membrane
cyp-13A10	GO:0005575		
cyp-13A11			
cyp-13A12			
cyp-13A2			
cyp-13A3			
cyp-13A4			
cyp-13A5			
cyp-13A6			
cyp-13A7			
cyp-13A8			
cyp-13B1	GO:0005575		
cyp-13B2			
cyp-14A1	GO:0016020	GO:0016020	membrane
cyp-14A2			
cyp-14A3			
cyp-14A4			
cyp-14A5			
cyp-23A1	GO:0005737	GO:0005737	cytoplasm
cyp-23A1	GO:0016020	GO:0016020	membrane
cyp-25A1	GO:0016020	GO:0016020	membrane
cyp-25A2			
cyp-25A3	GO:0016020	GO:0016020	membrane
cyp-25A4	GO:0016020	GO:0016020	membrane
cyp-29A3			
cyp-29A4			
cyp-31A2			
cyp-31A3	GO:0016020	GO:0016020	membrane
cyp-31A5			
cyp-32A1			
cyp-33A1	GO:0005737	GO:0005737	cytoplasm
cyp-33B1	GO:0005737	GO:0005737	cytoplasm
cyp-33C1	GO:0005737	GO:0005737	cytoplasm
cyp-33C11	GO:0005737	GO:0005737	cytoplasm
cyp-33C12	GO:0005737	GO:0005737	cytoplasm
cyp-33C2	GO:0005737	GO:0005737	cytoplasm
cyp-33C3	GO:0005737	GO:0005737	cytoplasm
cyp-33C4	GO:0005737	GO:0005737	cytoplasm
cyp-33C5	GO:0005737	GO:0005737	cytoplasm
cyp-33C6	GO:0005737	GO:0005737	cytoplasm
cyp-33C7	GO:0005737	GO:0005737	cytoplasm
cyp-33C8	GO:0005737	GO:0005737	cytoplasm
cyp-33C9	GO:0005737	GO:0005737	cytoplasm
cyp-33D1	GO:0005737	GO:0005737	cytoplasm
cyp-33D3	GO:0005737	GO:0005737	cytoplasm
cyp-33D3	GO:0016020	GO:0016020	membrane
cyp-33E1	GO:0005737	GO:0005737	cytoplasm
cyp-33E2	GO:0005737	GO:0005737	cytoplasm
cyp-33E2	GO:0043231	GO:0043226	organelle
cyp-34A1	GO:0005737	GO:0005737	cytoplasm
cyp-34A10	GO:0005737	GO:0005737	cytoplasm
cyp-34A2	GO:0005737	GO:0005737	cytoplasm
cyp-34A5	GO:0005737	GO:0005737	cytoplasm
cyp-34A6	GO:0005737	GO:0005737	cytoplasm
cyp-34A7	GO:0005737	GO:0005737	cytoplasm
cyp-34A8	GO:0005737	GO:0005737	cytoplasm
cyp-34A9	GO:0005737	GO:0005737	cytoplasm
cyp-35A1	GO:0005737	GO:0005737	cytoplasm
cyp-35A2	GO:0005737	GO:0005737	cytoplasm
cyp-35A3	GO:0005737	GO:0005737	cytoplasm
cyp-35A4	GO:0005737	GO:0005737	cytoplasm
cyp-35A5	GO:0005737	GO:0005737	cytoplasm
cyp-35B1	GO:0005737	GO:0005737	cytoplasm
cyp-35B2	GO:0005737	GO:0005737	cytoplasm
cyp-35B3	GO:0005737	GO:0005737	cytoplasm
cyp-35C1	GO:0005737	GO:0005737	cytoplasm
cyp-35D1	GO:0005737	GO:0005737	cytoplasm
cyp-36A1	GO:0005737	GO:0005737	cytoplasm
cyp-36A1	GO:0016020	GO:0016020	membrane
cyp-37A1	GO:0016020	GO:0016020	membrane
cyp-37B1	GO:0016020	GO:0016020	membrane
cyp-42A1	GO:0005783	GO:0005783	endoplasmic reticulum
cyp-42A1	GO:0005789;GO:0016020	GO:0016020	membrane
cyp-44A1			
cysl-2	GO:0005737	GO:0005737	cytoplasm
cytb-5.1	GO:0005783	GO:0005783	endoplasmic reticulum
cytb-5.1	GO:0005789;GO:0016020	GO:0016020	membrane
cytb-5.1	GO:0048471		
daam-1			
daao-1	GO:0005737	GO:0005737	cytoplasm
daao-1	GO:0005777	GO:0005777	peroxisome
daao-1	GO:0005782		
dab-1	GO:0005737;GO:0005938	GO:0005737	cytoplasm
dab-1	GO:0005905	GO:0016020	membrane
dab-1	GO:0005798;GO:0030136	GO:0031410	cytoplasmic vesicle
dab-1	GO:0031982	GO:0043226	organelle
dach-1	GO:0005737	GO:0005737	cytoplasm
daf-1	GO:0005886	GO:0005886	plasma membrane
daf-1	GO:0016020	GO:0016020	membrane
daf-1	GO:0048179	GO:0032991	protein-containing complex
daf-10	GO:0036064	GO:0005815	microtubule organizing center
daf-10	GO:0005929;GO:0097730	GO:0005929	cilium
daf-10	GO:0030991	GO:0032991	protein-containing complex
daf-10	GO:0042995	GO:0042995	cell projection
daf-12	GO:0005634	GO:0005634	nucleus
daf-15	GO:0005737	GO:0005737	cytoplasm
daf-15	GO:0031931	GO:0032991	protein-containing complex
daf-16	GO:0005634	GO:0005634	nucleus
daf-16	GO:0005737	GO:0005737	cytoplasm
daf-16	GO:0005829	GO:0005829	cytosol
daf-18	GO:0005634	GO:0005634	nucleus
daf-18	GO:0005737	GO:0005737	cytoplasm
daf-18	GO:0005829	GO:0005829	cytosol
daf-18	GO:0005886	GO:0005886	plasma membrane
daf-18	GO:0016020	GO:0016020	membrane
daf-18	GO:0062049	GO:0032991	protein-containing complex
daf-18	GO:0042995	GO:0042995	cell projection
daf-18	GO:0030424;GO:0030425	GO:0043005	neuron projection
daf-18	GO:0009898;GO:0043025;GO:0043204		
daf-19	GO:0005634	GO:0005634	nucleus
daf-2	GO:0005737	GO:0005737	cytoplasm
daf-2	GO:0005886	GO:0005886	plasma membrane
daf-2	GO:0097730	GO:0005929	cilium
daf-2	GO:0016020	GO:0016020	membrane
daf-2	GO:0031410	GO:0031410	cytoplasmic vesicle
daf-2	GO:0005899	GO:0032991	protein-containing complex
daf-2	GO:0042995	GO:0042995	cell projection
daf-2	GO:0030424	GO:0043005	neuron projection
daf-2	GO:0043025		
daf-22	GO:0005777	GO:0005777	peroxisome
daf-31	GO:0031415	GO:0032991	protein-containing complex
daf-4	GO:0005886	GO:0005886	plasma membrane
daf-4	GO:0016020	GO:0016020	membrane
daf-4	GO:0043235	GO:0032991	protein-containing complex
daf-41	GO:0005634	GO:0005634	nucleus
daf-41	GO:0005829	GO:0005829	cytosol
daf-41	GO:0101031	GO:0032991	protein-containing complex
daf-41	GO:0030016	GO:0043226	organelle
daf-7	GO:0005576	GO:0005576	extracellular region
daf-7	GO:0005615		
daf-9	GO:0005737	GO:0005737	cytoplasm
daf-9	GO:0016020	GO:0016020	membrane
daf-9	GO:0043025;GO:0048471		
dagl-2	GO:0005886	GO:0005886	plasma membrane
dagl-2	GO:0016020	GO:0016020	membrane
dao-3	GO:0005829	GO:0005829	cytosol
dap-3	GO:0005739	GO:0005739	mitochondrion
dap-3	GO:0005761;GO:0005840	GO:0005840	ribosome
dap-3	GO:0005763;GO:0015935;GO:1990904	GO:0032991	protein-containing complex
dapk-1	GO:0005634	GO:0005634	nucleus
dapk-1	GO:0005737	GO:0005737	cytoplasm
dapk-1	GO:0005829	GO:0005829	cytosol
dapk-1	GO:0005856	GO:0005856	cytoskeleton
dars-2	GO:0005737	GO:0005737	cytoplasm
dars-2	GO:0005739	GO:0005739	mitochondrion
dat-1	GO:0005886	GO:0005886	plasma membrane
dat-1	GO:0016020;GO:0030673;GO:0032590;GO:0042734;GO:0097060	GO:0016020	membrane
dat-1	GO:0030424	GO:0043005	neuron projection
dat-1	GO:0032809		
dbl-1	GO:0005576	GO:0005576	extracellular region
dbl-1	GO:0005615		
dbn-1	GO:0030864	GO:0005856	cytoskeleton
dbn-1	GO:0045211	GO:0016020	membrane
dbn-1	GO:0030027	GO:0042995	cell projection
dbn-1	GO:0030425	GO:0043005	neuron projection
dbn-1	GO:0014069	GO:0043226	organelle
dbn-1	GO:0005884;GO:0030427		
dbr-1	GO:0005634	GO:0005634	nucleus
dbt-1	GO:0005737	GO:0005737	cytoplasm
dbt-1	GO:0005739	GO:0005739	mitochondrion
dbt-1	GO:0005829	GO:0005829	cytosol
dbt-1	GO:0005929	GO:0005929	cilium
dbt-1	GO:0160157	GO:0032991	protein-containing complex
dbt-1	GO:0042995	GO:0042995	cell projection
dbt-1	GO:0030425;GO:0043005	GO:0043005	neuron projection
dbt-1	GO:0005759		
dcp-66	GO:0005634	GO:0005634	nucleus
dcp-66	GO:0016581	GO:0032991	protein-containing complex
dcr-1	GO:0005634	GO:0005634	nucleus
dcr-1	GO:0005737	GO:0005737	cytoplasm
dcr-1	GO:0005829	GO:0005829	cytosol
dcr-1	GO:0070578	GO:0032991	protein-containing complex
dct-1	GO:0005634	GO:0005634	nucleus
dct-1	GO:0005739	GO:0005739	mitochondrion
dct-1	GO:0005741;GO:0016020;GO:0031966	GO:0016020	membrane
dct-1	GO:0032991	GO:0032991	protein-containing complex
dct-1	GO:0005740		
dct-13	GO:0005829	GO:0005829	cytosol
dct-13	GO:0043186	GO:0043226	organelle
dct-14	GO:0034464	GO:0032991	protein-containing complex
dct-15	GO:0016020	GO:0016020	membrane
ddb-1	GO:0005634	GO:0005634	nucleus
ddb-1	GO:0005737	GO:0005737	cytoplasm
ddb-1	GO:0035861		
ddl-3	GO:0005739	GO:0005739	mitochondrion
ddl-3	GO:0005743	GO:0016020	membrane
ddo-1	GO:0005737	GO:0005737	cytoplasm
ddo-1	GO:0005777	GO:0005777	peroxisome
ddo-1	GO:0005782		
ddo-2	GO:0005737	GO:0005737	cytoplasm
ddo-2	GO:0005782		
ddo-3	GO:0005576	GO:0005576	extracellular region
ddo-3	GO:0005737	GO:0005737	cytoplasm
ddp-1	GO:0005739	GO:0005739	mitochondrion
ddp-1	GO:0005743;GO:0016020	GO:0016020	membrane
ddr-2	GO:0005886	GO:0005886	plasma membrane
ddr-2	GO:0016020	GO:0016020	membrane
ddr-2	GO:0043235	GO:0032991	protein-containing complex
ddr-2	GO:0042995	GO:0042995	cell projection
ddr-2	GO:0030424	GO:0043005	neuron projection
ddr-2	GO:0043204		
ddx-17	GO:0005634	GO:0005634	nucleus
ddx-17	GO:0005737	GO:0005737	cytoplasm
ddx-17	GO:1990904	GO:0032991	protein-containing complex
ddx-17	GO:0043186	GO:0043226	organelle
deb-1	GO:0005737	GO:0005737	cytoplasm
deb-1	GO:0005856	GO:0005856	cytoskeleton
deb-1	GO:0005886	GO:0005886	plasma membrane
deb-1	GO:0016020	GO:0016020	membrane
deb-1	GO:0005912;GO:0005925;GO:0044291;GO:0070161	GO:0030054	cell junction
deb-1	GO:0055120;GO:0071944;GO:0097433		
deg-1	GO:0005886	GO:0005886	plasma membrane
deg-1	GO:0016020	GO:0016020	membrane
deg-3	GO:0005886	GO:0005886	plasma membrane
deg-3	GO:0016020;GO:0045211	GO:0016020	membrane
deg-3	GO:1902495	GO:0032991	protein-containing complex
deg-3	GO:0043005	GO:0043005	neuron projection
deg-3	GO:0045202	GO:0045202	synapse
del-1	GO:0005886	GO:0005886	plasma membrane
del-1	GO:0016020	GO:0016020	membrane
del-4	GO:0005886	GO:0005886	plasma membrane
del-4	GO:0016020	GO:0016020	membrane
dep-1	GO:0016020	GO:0016020	membrane
depd-5	GO:0005765	GO:0016020	membrane
depd-5	GO:1990130	GO:0032991	protein-containing complex
des-2	GO:0005886	GO:0005886	plasma membrane
des-2	GO:0016020	GO:0016020	membrane
des-2	GO:1902495	GO:0032991	protein-containing complex
des-2	GO:0043005	GO:0043005	neuron projection
des-2	GO:0045202	GO:0045202	synapse
des-2	GO:0098794		
dgat-2	GO:0005783	GO:0005783	endoplasmic reticulum
dgat-2	GO:0005811	GO:0005811	lipid droplet
dgat-2	GO:0005789;GO:0016020	GO:0016020	membrane
dgk-2	GO:0016020	GO:0016020	membrane
dgk-3	GO:0005886	GO:0005886	plasma membrane
dgk-4	GO:0005737	GO:0005737	cytoplasm
dgk-4	GO:0005886	GO:0005886	plasma membrane
dgn-1	GO:0005576	GO:0005576	extracellular region
dgn-1	GO:0005654	GO:0005654	nucleoplasm
dgn-1	GO:0042383	GO:0005886	plasma membrane
dgn-1	GO:0009925;GO:0016020;GO:0045211	GO:0016020	membrane
dgn-1	GO:0016010;GO:0016011	GO:0032991	protein-containing complex
dgn-1	GO:0045202	GO:0045202	synapse
dgn-2	GO:0042383	GO:0005886	plasma membrane
dgn-2	GO:0016020	GO:0016020	membrane
dgn-2	GO:0016010;GO:0016011	GO:0032991	protein-containing complex
dgtr-1	GO:0005783;GO:0016529	GO:0005783	endoplasmic reticulum
dgtr-1	GO:0005789;GO:0016020	GO:0016020	membrane
dhc-1	GO:0005635	GO:0005635	nuclear envelope
dhc-1	GO:0005737;GO:0005938;GO:1904115	GO:0005737	cytoplasm
dhc-1	GO:0005856;GO:0015630	GO:0005856	cytoskeleton
dhc-1	GO:0005868;GO:0030286	GO:0032991	protein-containing complex
dhc-1	GO:0000776;GO:0005819	GO:0043226	organelle
dhc-1	GO:0045202	GO:0045202	synapse
dhc-1	GO:0000922;GO:0005874;GO:0005881;GO:0012505		
dhcr-24	GO:0005737	GO:0005737	cytoplasm
dhcr-24	GO:0005783	GO:0005783	endoplasmic reticulum
dhcr-24	GO:0005794	GO:0005794	Golgi apparatus
dhcr-24	GO:0000139;GO:0005789;GO:0016020	GO:0016020	membrane
dhcr-7	GO:0005789;GO:0016020	GO:0016020	membrane
dhfr-1	GO:0005739	GO:0005739	mitochondrion
dhgd-1	GO:0005739	GO:0005739	mitochondrion
dhhc-13	GO:0016020	GO:0016020	membrane
dhhc-14	GO:0016020	GO:0016020	membrane
dhhc-14	GO:0012505		
dhhc-2	GO:0005783	GO:0005783	endoplasmic reticulum
dhhc-2	GO:0005794	GO:0005794	Golgi apparatus
dhhc-2	GO:0016020	GO:0016020	membrane
dhhc-2	GO:0012505		
dhhc-4	GO:0005783	GO:0005783	endoplasmic reticulum
dhhc-4	GO:0005794	GO:0005794	Golgi apparatus
dhhc-4	GO:0016020	GO:0016020	membrane
dhod-1	GO:0005737	GO:0005737	cytoplasm
dhod-1	GO:0005739	GO:0005739	mitochondrion
dhod-1	GO:0005743;GO:0016020	GO:0016020	membrane
dhp-1	GO:0005634	GO:0005634	nucleus
dhp-1	GO:0005737	GO:0005737	cytoplasm
dhp-1	GO:0005829	GO:0005829	cytosol
dhp-2	GO:0005737	GO:0005737	cytoplasm
dhp-2	GO:0005829	GO:0005829	cytosol
dhrr-1	GO:0005886	GO:0005886	plasma membrane
dhrr-1	GO:0016020	GO:0016020	membrane
dhs-1			
dhs-11	GO:0005739	GO:0005739	mitochondrion
dhs-11	GO:0005759		
dhs-12	GO:0005737	GO:0005737	cytoplasm
dhs-16	GO:0016020	GO:0016020	membrane
dhs-2	GO:0016020	GO:0016020	membrane
dhs-20			
dhs-21	GO:0005886	GO:0005886	plasma membrane
dhs-21	GO:0016020	GO:0016020	membrane
dhs-22	GO:0016020	GO:0016020	membrane
dhs-25	GO:0005739	GO:0005739	mitochondrion
dhs-25	GO:0005759		
dhs-28	GO:0005737	GO:0005737	cytoplasm
dhs-28	GO:0005777	GO:0005777	peroxisome
dhs-31	GO:0005737	GO:0005737	cytoplasm
dhs-5	GO:0005783	GO:0005783	endoplasmic reticulum
dhs-5	GO:0016020	GO:0016020	membrane
dhs-7	GO:0005737	GO:0005737	cytoplasm
dhs-8			
dib-1	GO:0005634	GO:0005634	nucleus
dib-1	GO:0005681;GO:0005682;GO:0046540	GO:0032991	protein-containing complex
dif-1	GO:0005739	GO:0005739	mitochondrion
dif-1	GO:0005743;GO:0016020	GO:0016020	membrane
dif-1	GO:0005740		
din-1	GO:0005634	GO:0005634	nucleus
dip-2			
dis-3	GO:0005634	GO:0005634	nucleus
dis-3	GO:0005654	GO:0005654	nucleoplasm
dis-3	GO:0000176;GO:0000177;GO:0000178	GO:0032991	protein-containing complex
disl-2	GO:0005737	GO:0005737	cytoplasm
disl-2	GO:0000932	GO:0043226	organelle
djr-1.1	GO:0005634	GO:0005634	nucleus
djr-1.1	GO:0005737	GO:0005737	cytoplasm
djr-1.1	GO:0005739	GO:0005739	mitochondrion
djr-1.2	GO:0005634	GO:0005634	nucleus
djr-1.2	GO:0005737	GO:0005737	cytoplasm
djr-1.2	GO:0005739	GO:0005739	mitochondrion
dkc-1	GO:0005634	GO:0005634	nucleus
dkc-1	GO:0005730	GO:0005730	nucleolus
dkc-1	GO:0031429;GO:1990904	GO:0032991	protein-containing complex
dkf-1	GO:0005737;GO:0005938	GO:0005737	cytoplasm
dkf-1	GO:0005829	GO:0005829	cytosol
dkf-1	GO:0005886	GO:0005886	plasma membrane
dkf-1	GO:0016020	GO:0016020	membrane
dkf-1	GO:0030424;GO:0030425	GO:0043005	neuron projection
dkf-1	GO:0045202	GO:0045202	synapse
dkf-1	GO:0043025		
dkf-2	GO:0005737	GO:0005737	cytoplasm
dkf-2	GO:0005829	GO:0005829	cytosol
dkf-2	GO:0005886	GO:0005886	plasma membrane
dkf-2	GO:0016020	GO:0016020	membrane
dkf-2	GO:1902554	GO:0032991	protein-containing complex
dkf-2	GO:0009898		
dlat-1	GO:0005739	GO:0005739	mitochondrion
dlat-1	GO:0045254	GO:0032991	protein-containing complex
dlat-1	GO:0005759		
dlat-2	GO:0005739	GO:0005739	mitochondrion
dlat-2	GO:0045254	GO:0032991	protein-containing complex
dlc-1	GO:0005634	GO:0005634	nucleus
dlc-1	GO:0005635	GO:0005635	nuclear envelope
dlc-1	GO:0005737	GO:0005737	cytoplasm
dlc-1	GO:0005856;GO:0015630	GO:0005856	cytoskeleton
dlc-1	GO:0005868;GO:0005875;GO:0030286	GO:0032991	protein-containing complex
dlc-1	GO:0005874		
dld-1	GO:0005737	GO:0005737	cytoplasm
dld-1	GO:0005739	GO:0005739	mitochondrion
dld-1	GO:0045252;GO:0045254	GO:0032991	protein-containing complex
dld-1	GO:0005759		
dlg-1	GO:0005737	GO:0005737	cytoplasm
dlg-1	GO:0005886	GO:0005886	plasma membrane
dlg-1	GO:0016020;GO:0016323;GO:0016324;GO:0098839	GO:0016020	membrane
dlg-1	GO:0005912;GO:0043296;GO:0070161	GO:0030054	cell junction
dlg-1	GO:0043005	GO:0043005	neuron projection
dlg-1	GO:0031594	GO:0045202	synapse
dlg-1	GO:0016328		
dlst-1	GO:0005739	GO:0005739	mitochondrion
dlst-1	GO:0045252	GO:0032991	protein-containing complex
dmd-4	GO:0005634	GO:0005634	nucleus
dmd-7	GO:0005634	GO:0005634	nucleus
dmd-9	GO:0005634	GO:0005634	nucleus
dna-2	GO:0005634	GO:0005634	nucleus
dna-2	GO:0005737	GO:0005737	cytoplasm
dnbp-1	GO:0005737	GO:0005737	cytoplasm
dnc-1	GO:0005737;GO:0005938	GO:0005737	cytoplasm
dnc-1	GO:0005813	GO:0005815	microtubule organizing center
dnc-1	GO:0005856	GO:0005856	cytoskeleton
dnc-1	GO:0005869;GO:0005875;GO:0030286	GO:0032991	protein-containing complex
dnc-1	GO:0030424	GO:0043005	neuron projection
dnc-1	GO:0000776;GO:0005814;GO:0005819	GO:0043226	organelle
dnc-1	GO:0000235;GO:0000922;GO:0005874;GO:0030496;GO:0035371;GO:0051233		
dnc-2	GO:0005634	GO:0005634	nucleus
dnc-2	GO:0005737	GO:0005737	cytoplasm
dnc-2	GO:0005813	GO:0005815	microtubule organizing center
dnc-2	GO:0005856	GO:0005856	cytoskeleton
dnc-2	GO:0016020	GO:0016020	membrane
dnc-2	GO:0005869;GO:0030286	GO:0032991	protein-containing complex
dnc-2	GO:0000776	GO:0043226	organelle
dnc-2	GO:0000242;GO:0005874;GO:0005876		
dnj-1	GO:0005783	GO:0005783	endoplasmic reticulum
dnj-1	GO:0005789;GO:0016020	GO:0016020	membrane
dnj-12	GO:0005737	GO:0005737	cytoplasm
dnj-12	GO:0005829	GO:0005829	cytosol
dnj-13	GO:0005829	GO:0005829	cytosol
dnj-13	GO:0005929;GO:0031514;GO:0036126	GO:0005929	cilium
dnj-13	GO:0042995	GO:0042995	cell projection
dnj-14	GO:0005737	GO:0005737	cytoplasm
dnj-14	GO:0016020	GO:0016020	membrane
dnj-14	GO:0061177		
dnj-15	GO:0005739	GO:0005739	mitochondrion
dnj-18	GO:0005739	GO:0005739	mitochondrion
dnj-18	GO:0016020	GO:0016020	membrane
dnj-19	GO:0005737	GO:0005737	cytoplasm
dnj-19	GO:0005829	GO:0005829	cytosol
dnj-20	GO:0005783	GO:0005783	endoplasmic reticulum
dnj-21	GO:0005739	GO:0005739	mitochondrion
dnj-21	GO:0005743;GO:0016020	GO:0016020	membrane
dnj-21	GO:0001405	GO:0032991	protein-containing complex
dnj-24	GO:0005634	GO:0005634	nucleus
dnj-24	GO:0005737	GO:0005737	cytoplasm
dnj-25	GO:0005737	GO:0005737	cytoplasm
dnj-25	GO:0031982	GO:0043226	organelle
dnj-26	GO:0005789;GO:0016020	GO:0016020	membrane
dnj-29	GO:0005783	GO:0005783	endoplasmic reticulum
dnj-29	GO:0005789;GO:0016020	GO:0016020	membrane
dnj-29	GO:0031207	GO:0032991	protein-containing complex
dnj-29	GO:0012505		
dnsn-1	GO:0005634	GO:0005634	nucleus
dog-1	GO:0005634	GO:0005634	nucleus
dohh-1	GO:0005737	GO:0005737	cytoplasm
dolk-1	GO:0005783	GO:0005783	endoplasmic reticulum
dolk-1	GO:0005789;GO:0016020	GO:0016020	membrane
dop-1	GO:0005886	GO:0005886	plasma membrane
dop-1	GO:0016020	GO:0016020	membrane
dop-1	GO:0030425	GO:0043005	neuron projection
dop-1	GO:0045202	GO:0045202	synapse
dop-2	GO:0005886	GO:0005886	plasma membrane
dop-2	GO:0016020	GO:0016020	membrane
dop-2	GO:0030425	GO:0043005	neuron projection
dop-2	GO:0045202	GO:0045202	synapse
dop-3	GO:0005886	GO:0005886	plasma membrane
dop-3	GO:0016020;GO:0030672;GO:0045211	GO:0016020	membrane
dop-4	GO:0005886	GO:0005886	plasma membrane
dop-4	GO:0016020;GO:0045211	GO:0016020	membrane
dop-4	GO:0030425	GO:0043005	neuron projection
dot-1.1	GO:0005634	GO:0005634	nucleus
dot-1.1	GO:0005694	GO:0005694	chromosome
dot-1.1	GO:0035097	GO:0032991	protein-containing complex
dot-1.1	GO:0000781		
dot-1.2	GO:0005634	GO:0005634	nucleus
dot-1.2	GO:0035097	GO:0032991	protein-containing complex
dot-1.2	GO:0000781		
dot-1.3	GO:0005634	GO:0005634	nucleus
dot-1.3	GO:0035097	GO:0032991	protein-containing complex
dot-1.3	GO:0000781		
dot-1.4	GO:0005634	GO:0005634	nucleus
dot-1.4	GO:0035097	GO:0032991	protein-containing complex
dot-1.4	GO:0000781		
dot-1.5	GO:0005634	GO:0005634	nucleus
dot-1.5	GO:0035097	GO:0032991	protein-containing complex
dot-1.5	GO:0000781		
doxa-1	GO:0005886	GO:0005886	plasma membrane
doxa-1	GO:0005789;GO:0016020	GO:0016020	membrane
doxa-1	GO:1990204	GO:0032991	protein-containing complex
dpf-1	GO:0005886	GO:0005886	plasma membrane
dpf-1	GO:0016020	GO:0016020	membrane
dpf-1	GO:0012505		
dpf-2	GO:0005886	GO:0005886	plasma membrane
dpf-2	GO:0016020	GO:0016020	membrane
dpf-3			
dpff-1	GO:0005634	GO:0005634	nucleus
dpff-1	GO:0005737	GO:0005737	cytoplasm
dpff-1	GO:0071565	GO:0032991	protein-containing complex
dph-1	GO:0120513	GO:0032991	protein-containing complex
dph-2	GO:0120513	GO:0032991	protein-containing complex
dph-5			
dpl-1	GO:0005634	GO:0005634	nucleus
dpl-1	GO:0005667;GO:0035189;GO:0070176;GO:0090575	GO:0032991	protein-containing complex
dpm-1	GO:0005783	GO:0005783	endoplasmic reticulum
dpm-1	GO:0005789	GO:0016020	membrane
dpm-3	GO:0005783	GO:0005783	endoplasmic reticulum
dpm-3	GO:0005789;GO:0016020	GO:0016020	membrane
dpm-3	GO:0033185	GO:0032991	protein-containing complex
dpy-10	GO:0005576	GO:0005576	extracellular region
dpy-10	GO:0005581	GO:0032991	protein-containing complex
dpy-17	GO:0005576	GO:0005576	extracellular region
dpy-17	GO:0005581	GO:0032991	protein-containing complex
dpy-18	GO:0005783	GO:0005783	endoplasmic reticulum
dpy-18	GO:0005788		
dpy-19	GO:0005737	GO:0005737	cytoplasm
dpy-19	GO:0005783	GO:0005783	endoplasmic reticulum
dpy-19	GO:0005789;GO:0016020	GO:0016020	membrane
dpy-19	GO:0048471		
dpy-2	GO:0005581	GO:0032991	protein-containing complex
dpy-22	GO:0005634	GO:0005634	nucleus
dpy-22	GO:0016592	GO:0032991	protein-containing complex
dpy-23	GO:0005886	GO:0005886	plasma membrane
dpy-23	GO:0005905;GO:0016020;GO:1990075	GO:0016020	membrane
dpy-23	GO:0008021;GO:0031410	GO:0031410	cytoplasmic vesicle
dpy-23	GO:0030122;GO:0030131	GO:0032991	protein-containing complex
dpy-23	GO:0045202	GO:0045202	synapse
dpy-28	GO:0000794	GO:0000228	nuclear chromosome
dpy-28	GO:0005634;GO:0043073	GO:0005634	nucleus
dpy-28	GO:0005654	GO:0005654	nucleoplasm
dpy-28	GO:0000805;GO:0005694	GO:0005694	chromosome
dpy-28	GO:0000796;GO:0046536	GO:0032991	protein-containing complex
dpy-28	GO:0000779		
dpy-3	GO:0016020	GO:0016020	membrane
dpy-3	GO:0005581	GO:0032991	protein-containing complex
dpy-30	GO:0005634	GO:0005634	nucleus
dpy-7	GO:0060102	GO:0031012	extracellular matrix
dpy-7	GO:0005581	GO:0032991	protein-containing complex
dpy-7	GO:0060108		
dpy-8	GO:0016020	GO:0016020	membrane
dpy-8	GO:0005581	GO:0032991	protein-containing complex
dpy-9	GO:0016020	GO:0016020	membrane
dpy-9	GO:0005581	GO:0032991	protein-containing complex
dpyd-1	GO:0005737	GO:0005737	cytoplasm
dpyd-1	GO:0005829	GO:0005829	cytosol
drag-1	GO:0005886	GO:0005886	plasma membrane
drag-1	GO:0016020	GO:0016020	membrane
drag-1	GO:0043235	GO:0032991	protein-containing complex
drag-1	GO:0098552		
drd-5	GO:0016020	GO:0016020	membrane
dre-1	GO:0005634	GO:0005634	nucleus
dre-1	GO:0005737	GO:0005737	cytoplasm
drh-1	GO:0005737	GO:0005737	cytoplasm
drh-3	GO:0000794	GO:0000228	nuclear chromosome
drh-3	GO:0005737	GO:0005737	cytoplasm
drh-3	GO:0043186	GO:0043226	organelle
drh-3	GO:0070090		
drp-1	GO:0005737	GO:0005737	cytoplasm
drp-1	GO:0005739	GO:0005739	mitochondrion
drp-1	GO:0005829	GO:0005829	cytosol
drp-1	GO:0005741;GO:0016020	GO:0016020	membrane
drp-1	GO:0005874		
drr-2	GO:0033290	GO:0032991	protein-containing complex
drsh-1	GO:0005634	GO:0005634	nucleus
drsh-1	GO:0070877	GO:0032991	protein-containing complex
dsbn-1	GO:0031082;GO:0031083	GO:0032991	protein-containing complex
dsc-1	GO:0005634	GO:0005634	nucleus
dsc-1	GO:0005737	GO:0005737	cytoplasm
dsc-1	GO:0042995	GO:0042995	cell projection
dsc-1	GO:0030424	GO:0043005	neuron projection
dsc-4	GO:0005783	GO:0005783	endoplasmic reticulum
dsc-4	GO:0005794	GO:0005794	Golgi apparatus
dsc-4	GO:0016323	GO:0016020	membrane
dsh-1	GO:0005737;GO:0005938	GO:0005737	cytoplasm
dsh-1	GO:0005829	GO:0005829	cytosol
dsh-1	GO:0016020	GO:0016020	membrane
dsh-2	GO:0005737;GO:0005938	GO:0005737	cytoplasm
dsh-2	GO:0005829	GO:0005829	cytosol
dsh-2	GO:0016020	GO:0016020	membrane
duo-1			
duox-2	GO:0005886	GO:0005886	plasma membrane
duox-2	GO:0016020	GO:0016020	membrane
duox-2	GO:0043020	GO:0032991	protein-containing complex
dut-1			
dvc-1	GO:0005634	GO:0005634	nucleus
dvc-1	GO:0005694	GO:0005694	chromosome
dve-1	GO:0005634	GO:0005634	nucleus
dve-1	GO:0005737	GO:0005737	cytoplasm
dve-1	GO:0005829	GO:0005829	cytosol
dve-1	GO:0005667	GO:0032991	protein-containing complex
dve-1	GO:0000785		
dyb-1	GO:0005737	GO:0005737	cytoplasm
dyb-1	GO:0005886	GO:0005886	plasma membrane
dyb-1	GO:0016010;GO:0016014	GO:0032991	protein-containing complex
dyb-1	GO:0045202	GO:0045202	synapse
dyc-1	GO:0016010	GO:0032991	protein-containing complex
dyc-1	GO:0030424	GO:0043005	neuron projection
dyc-1	GO:0055120		
dyci-1	GO:0005737	GO:0005737	cytoplasm
dyci-1	GO:0005868	GO:0032991	protein-containing complex
dyf-11	GO:0005737	GO:0005737	cytoplasm
dyf-11	GO:0036064	GO:0005815	microtubule organizing center
dyf-11	GO:0005856	GO:0005856	cytoskeleton
dyf-11	GO:0005929	GO:0005929	cilium
dyf-11	GO:0030992	GO:0032991	protein-containing complex
dyf-11	GO:0042995	GO:0042995	cell projection
dyf-11	GO:0005930		
dyf-18	GO:0005634	GO:0005634	nucleus
dyf-2			
dyf-5	GO:0005634	GO:0005634	nucleus
dyf-5	GO:0005737	GO:0005737	cytoplasm
dyf-5	GO:0005929;GO:0097730	GO:0005929	cilium
dyf-5	GO:0042995	GO:0042995	cell projection
dyf-5	GO:0030424;GO:0030425	GO:0043005	neuron projection
dyf-5	GO:0043025;GO:0043204		
dyla-1	GO:0005737	GO:0005737	cytoplasm
dyla-1	GO:0030286	GO:0032991	protein-containing complex
dyla-1	GO:0005930;GO:0097546		
dylt-2	GO:0005737	GO:0005737	cytoplasm
dylt-2	GO:0005868	GO:0032991	protein-containing complex
dylt-2	GO:0005930		
dyn-1	GO:0005737	GO:0005737	cytoplasm
dyn-1	GO:0005856	GO:0005856	cytoskeleton
dyn-1	GO:0005886	GO:0005886	plasma membrane
dyn-1	GO:0016020;GO:0030670;GO:0032154;GO:1990075	GO:0016020	membrane
dyn-1	GO:0031410;GO:0045335	GO:0031410	cytoplasmic vesicle
dyn-1	GO:0031143	GO:0042995	cell projection
dyn-1	GO:0030424	GO:0043005	neuron projection
dyn-1	GO:0005819	GO:0043226	organelle
dyn-1	GO:0045202	GO:0045202	synapse
dyn-1	GO:0001891;GO:0005874;GO:0005876;GO:0030496;GO:0045177;GO:0048786		
dyrb-1	GO:0005694	GO:0005694	chromosome
dyrb-1	GO:0005737;GO:0005938	GO:0005737	cytoplasm
dyrb-1	GO:0005813	GO:0005815	microtubule organizing center
dyrb-1	GO:0005856	GO:0005856	cytoskeleton
dyrb-1	GO:0005868;GO:0030286	GO:0032991	protein-containing complex
dyrb-1	GO:0005819	GO:0043226	organelle
dyrb-1	GO:0005874;GO:0005876;GO:0048471		
dys-1	GO:0005737	GO:0005737	cytoplasm
dys-1	GO:0005856	GO:0005856	cytoskeleton
dys-1	GO:0005886;GO:0042383	GO:0005886	plasma membrane
dys-1	GO:0016020	GO:0016020	membrane
dys-1	GO:0016010;GO:0016014	GO:0032991	protein-containing complex
dys-1	GO:0045202	GO:0045202	synapse
dys-1	GO:0055120		
eaf-1	GO:0005634	GO:0005634	nucleus
eaf-1	GO:0005654	GO:0005654	nucleoplasm
eaf-1	GO:0008023;GO:0032783	GO:0032991	protein-containing complex
ears-1	GO:0005737	GO:0005737	cytoplasm
ears-1	GO:0005829	GO:0005829	cytosol
ears-1	GO:0017101;GO:0017102	GO:0032991	protein-containing complex
ears-2	GO:0005737	GO:0005737	cytoplasm
ears-2	GO:0005739	GO:0005739	mitochondrion
eat-16	GO:0005737	GO:0005737	cytoplasm
eat-16	GO:0005886	GO:0005886	plasma membrane
eat-16	GO:0016020	GO:0016020	membrane
eat-16	GO:0043005	GO:0043005	neuron projection
eat-2	GO:0005886	GO:0005886	plasma membrane
eat-2	GO:0016020;GO:0045211	GO:0016020	membrane
eat-2	GO:0005892	GO:0032991	protein-containing complex
eat-2	GO:0043005	GO:0043005	neuron projection
eat-2	GO:0031594;GO:0045202	GO:0045202	synapse
eat-3	GO:0005737	GO:0005737	cytoplasm
eat-3	GO:0005739	GO:0005739	mitochondrion
eat-3	GO:0005743;GO:0016020;GO:0031966	GO:0016020	membrane
eat-3	GO:0005758;GO:0005874		
eat-4	GO:0005886	GO:0005886	plasma membrane
eat-4	GO:0016020;GO:0030672	GO:0016020	membrane
eat-4	GO:0045202;GO:0060076	GO:0045202	synapse
eat-5	GO:0005886	GO:0005886	plasma membrane
eat-5	GO:0016020	GO:0016020	membrane
eat-5	GO:0005921;GO:0070161	GO:0030054	cell junction
eat-6	GO:0005886	GO:0005886	plasma membrane
eat-6	GO:0016020	GO:0016020	membrane
ebp-1	GO:0005938	GO:0005737	cytoplasm
ebp-1	GO:0005813;GO:0005815	GO:0005815	microtubule organizing center
ebp-1	GO:0005856	GO:0005856	cytoskeleton
ebp-1	GO:0000235;GO:0005874;GO:0005881;GO:0035371;GO:0051233		
ebp-2	GO:0005737;GO:0005938	GO:0005737	cytoplasm
ebp-2	GO:0005813;GO:0005815	GO:0005815	microtubule organizing center
ebp-2	GO:0005856	GO:0005856	cytoskeleton
ebp-2	GO:0097730	GO:0005929	cilium
ebp-2	GO:0000776	GO:0043226	organelle
ebp-2	GO:0005874;GO:0005881;GO:0035371;GO:0051233		
ebp-3	GO:0005815	GO:0005815	microtubule organizing center
ebp-3	GO:0005856	GO:0005856	cytoskeleton
ebp-3	GO:0005874;GO:0005881;GO:0035371;GO:0051233		
ech-1.1	GO:0005739	GO:0005739	mitochondrion
ech-1.1	GO:0005743;GO:0016020	GO:0016020	membrane
ech-1.1	GO:0016507	GO:0032991	protein-containing complex
ech-1.1	GO:0005759		
ech-1.2	GO:0005739	GO:0005739	mitochondrion
ech-1.2	GO:0005743;GO:0016020	GO:0016020	membrane
ech-1.2	GO:0016507	GO:0032991	protein-containing complex
ech-1.2	GO:0005759		
ech-5	GO:0005739	GO:0005739	mitochondrion
ech-6	GO:0005739	GO:0005739	mitochondrion
ech-6	GO:0005759		
ech-7	GO:0005739	GO:0005739	mitochondrion
ech-8	GO:0005777	GO:0005777	peroxisome
ech-9	GO:0005777	GO:0005777	peroxisome
eco-1	GO:0005634	GO:0005634	nucleus
eco-1	GO:0000785		
edc-3	GO:0000932	GO:0043226	organelle
eef-1A.1			
eef-1A.2	GO:0005737	GO:0005737	cytoplasm
eef-1G	GO:0005634	GO:0005634	nucleus
eef-1G	GO:0005737	GO:0005737	cytoplasm
eef-2	GO:0005737	GO:0005737	cytoplasm
eef-2	GO:0005829	GO:0005829	cytosol
eef-2	GO:1990904	GO:0032991	protein-containing complex
eel-1	GO:0005634	GO:0005634	nucleus
eel-1	GO:0005737	GO:0005737	cytoplasm
efa-6	GO:0005737;GO:0005938	GO:0005737	cytoplasm
efa-6	GO:0005886	GO:0005886	plasma membrane
efa-6	GO:0016020	GO:0016020	membrane
efa-6	GO:0036449		
efhc-1	GO:0005737	GO:0005737	cytoplasm
efhc-1	GO:0005856	GO:0005856	cytoskeleton
efhc-1	GO:0042995	GO:0042995	cell projection
efhc-1	GO:0072686	GO:0043226	organelle
efhc-1	GO:0005930		
efk-1			
efl-1	GO:0005634	GO:0005634	nucleus
efl-1	GO:0005667;GO:0035189;GO:0070176;GO:0090575	GO:0032991	protein-containing complex
efl-2	GO:0005634	GO:0005634	nucleus
efl-2	GO:0005667;GO:0035189;GO:0090575	GO:0032991	protein-containing complex
efn-2	GO:0005886	GO:0005886	plasma membrane
efn-2	GO:0016020	GO:0016020	membrane
efn-3	GO:0005886	GO:0005886	plasma membrane
efn-3	GO:0016020	GO:0016020	membrane
efn-4	GO:0005886	GO:0005886	plasma membrane
efn-4	GO:0016020	GO:0016020	membrane
efn-4	GO:0030424	GO:0043005	neuron projection
efn-4	GO:0043025;GO:0098552		
efsc-1			
eftu-2	GO:0005634	GO:0005634	nucleus
eftu-2	GO:0005829	GO:0005829	cytosol
eftu-2	GO:0046540;GO:0071007	GO:0032991	protein-containing complex
egl-10	GO:0005737	GO:0005737	cytoplasm
egl-10	GO:0042995	GO:0042995	cell projection
egl-10	GO:0030425;GO:0043005	GO:0043005	neuron projection
egl-13	GO:0005634	GO:0005634	nucleus
egl-15	GO:0005886	GO:0005886	plasma membrane
egl-15	GO:0016020	GO:0016020	membrane
egl-15	GO:0043235	GO:0032991	protein-containing complex
egl-17	GO:0005737	GO:0005737	cytoplasm
egl-17	GO:0005615		
egl-19	GO:0005886	GO:0005886	plasma membrane
egl-19	GO:0016020;GO:0016323	GO:0016020	membrane
egl-19	GO:0005891;GO:0034702	GO:0032991	protein-containing complex
egl-2	GO:0005886	GO:0005886	plasma membrane
egl-2	GO:0016020;GO:0031528	GO:0016020	membrane
egl-2	GO:0008076;GO:0034702	GO:0032991	protein-containing complex
egl-21	GO:0031410	GO:0031410	cytoplasmic vesicle
egl-21	GO:0042995	GO:0042995	cell projection
egl-21	GO:0030424	GO:0043005	neuron projection
egl-21	GO:0005615;GO:0043025;GO:0043204;GO:0098793		
egl-27	GO:0005634	GO:0005634	nucleus
egl-27	GO:0016581	GO:0032991	protein-containing complex
egl-3	GO:0005576	GO:0005576	extracellular region
egl-3	GO:0016020	GO:0016020	membrane
egl-3	GO:0031410	GO:0031410	cytoplasmic vesicle
egl-3	GO:0042995	GO:0042995	cell projection
egl-3	GO:0030424;GO:0043005	GO:0043005	neuron projection
egl-3	GO:0045202	GO:0045202	synapse
egl-3	GO:0005615		
egl-30	GO:0005737;GO:0005938	GO:0005737	cytoplasm
egl-30	GO:0005886	GO:0005886	plasma membrane
egl-30	GO:0005834	GO:0032991	protein-containing complex
egl-30	GO:0030424;GO:0043005	GO:0043005	neuron projection
egl-30	GO:0043025		
egl-36	GO:0016020;GO:0032590;GO:0042734;GO:0045211	GO:0016020	membrane
egl-36	GO:0008076;GO:0034702	GO:0032991	protein-containing complex
egl-36	GO:0032809;GO:0043679		
egl-38	GO:0005634	GO:0005634	nucleus
egl-38	GO:0005694	GO:0005694	chromosome
egl-38	GO:0000785		
egl-4	GO:0005634	GO:0005634	nucleus
egl-4	GO:0005737	GO:0005737	cytoplasm
egl-4	GO:0005829	GO:0005829	cytosol
egl-43	GO:0005634	GO:0005634	nucleus
egl-44	GO:0005634	GO:0005634	nucleus
egl-44	GO:0005667;GO:0090575	GO:0032991	protein-containing complex
egl-46	GO:0005634	GO:0005634	nucleus
egl-46	GO:0017053	GO:0032991	protein-containing complex
egl-8	GO:0005886	GO:0005886	plasma membrane
egl-8	GO:0005912;GO:0070161	GO:0030054	cell junction
egl-8	GO:0042995	GO:0042995	cell projection
egl-8	GO:0030424	GO:0043005	neuron projection
egl-8	GO:0045202	GO:0045202	synapse
egl-8	GO:0043204		
egl-9	GO:0005634	GO:0005634	nucleus
egl-9	GO:0005737	GO:0005737	cytoplasm
egl-9	GO:0042995	GO:0042995	cell projection
egl-9	GO:0030424;GO:0030425	GO:0043005	neuron projection
egrh-1	GO:0005634	GO:0005634	nucleus
egrh-1	GO:0005737	GO:0005737	cytoplasm
egrh-1	GO:0048471		
egrh-2	GO:0005634	GO:0005634	nucleus
egrh-2	GO:0005737	GO:0005737	cytoplasm
egrh-3	GO:0005634	GO:0005634	nucleus
egrh-3	GO:0005737	GO:0005737	cytoplasm
eif-1.A	GO:0005737	GO:0005737	cytoplasm
eif-2A			
eif-2Balpha	GO:0005737	GO:0005737	cytoplasm
eif-2Balpha	GO:0005829	GO:0005829	cytosol
eif-2Balpha	GO:0005851	GO:0032991	protein-containing complex
eif-2Bbeta	GO:0005829	GO:0005829	cytosol
eif-2Bbeta	GO:0005851	GO:0032991	protein-containing complex
eif-2Bdelta	GO:0005737	GO:0005737	cytoplasm
eif-2Bdelta	GO:0005829	GO:0005829	cytosol
eif-2Bdelta	GO:0005851	GO:0032991	protein-containing complex
eif-2Bepsilon	GO:0005737	GO:0005737	cytoplasm
eif-2Bepsilon	GO:0005851	GO:0032991	protein-containing complex
eif-2Bgamma	GO:0005737	GO:0005737	cytoplasm
eif-2Bgamma	GO:0005829	GO:0005829	cytosol
eif-2Bgamma	GO:0005851	GO:0032991	protein-containing complex
eif-2alpha	GO:0005850;GO:0033290	GO:0032991	protein-containing complex
eif-2beta	GO:0005737	GO:0005737	cytoplasm
eif-2beta	GO:0005829	GO:0005829	cytosol
eif-2beta	GO:0005850	GO:0032991	protein-containing complex
eif-2gamma	GO:0005850	GO:0032991	protein-containing complex
eif-3.E	GO:0005634	GO:0005634	nucleus
eif-3.E	GO:0005737	GO:0005737	cytoplasm
eif-3.E	GO:0005852;GO:0016282;GO:0033290;GO:0071540	GO:0032991	protein-containing complex
eif-3.F	GO:0005737	GO:0005737	cytoplasm
eif-3.F	GO:0005852;GO:0016282;GO:0033290;GO:0071541	GO:0032991	protein-containing complex
eif-3.H	GO:0005737	GO:0005737	cytoplasm
eif-3.H	GO:0005852;GO:0016282;GO:0033290	GO:0032991	protein-containing complex
eif-4A3	GO:0005634	GO:0005634	nucleus
eif-4A3	GO:0005730	GO:0005730	nucleolus
eif-4A3	GO:0071013	GO:0032991	protein-containing complex
eif-4A3	GO:0043186	GO:0043226	organelle
eif-6	GO:0005634	GO:0005634	nucleus
eif-6	GO:0005730	GO:0005730	nucleolus
eif-6	GO:0005737	GO:0005737	cytoplasm
eif-6	GO:0005829	GO:0005829	cytosol
elac-2	GO:0005634	GO:0005634	nucleus
elac-2	GO:0005739	GO:0005739	mitochondrion
elk-2			
ell-1	GO:0005634	GO:0005634	nucleus
ell-1	GO:0008023	GO:0032991	protein-containing complex
elmd-1			
elp-1	GO:0005737	GO:0005737	cytoplasm
elp-1	GO:0005856	GO:0005856	cytoskeleton
elp-1	GO:0030425	GO:0043005	neuron projection
elp-1	GO:0072686	GO:0043226	organelle
elp-1	GO:0031594	GO:0045202	synapse
elp-1	GO:0005874;GO:0043025		
elpc-1	GO:0005634	GO:0005634	nucleus
elpc-1	GO:0005737	GO:0005737	cytoplasm
elpc-1	GO:0005829	GO:0005829	cytosol
elpc-1	GO:0033588	GO:0032991	protein-containing complex
elpc-1	GO:0043005	GO:0043005	neuron projection
elpc-1	GO:0043025		
elpc-2	GO:0005634	GO:0005634	nucleus
elpc-2	GO:0005737	GO:0005737	cytoplasm
elpc-2	GO:0033588	GO:0032991	protein-containing complex
elpc-3	GO:0005634	GO:0005634	nucleus
elpc-3	GO:0005737	GO:0005737	cytoplasm
elpc-3	GO:0033588	GO:0032991	protein-containing complex
elpc-4	GO:0005634	GO:0005634	nucleus
elpc-4	GO:0005737	GO:0005737	cytoplasm
elpc-4	GO:0008023;GO:0033588	GO:0032991	protein-containing complex
elt-1	GO:0005634	GO:0005634	nucleus
elt-1	GO:0042995	GO:0042995	cell projection
elt-1	GO:0030424	GO:0043005	neuron projection
elt-1	GO:0043204		
elt-2	GO:0005634	GO:0005634	nucleus
elt-4	GO:0005634	GO:0005634	nucleus
emb-8	GO:0005737	GO:0005737	cytoplasm
emb-8	GO:0005783	GO:0005783	endoplasmic reticulum
emb-8	GO:0005829	GO:0005829	cytosol
emb-8	GO:0005789;GO:0016020	GO:0016020	membrane
emb-9	GO:0005576	GO:0005576	extracellular region
emb-9	GO:0005604;GO:0031012	GO:0031012	extracellular matrix
emb-9	GO:0005581;GO:0005587	GO:0032991	protein-containing complex
emb-9	GO:0071944		
emc-1	GO:0005783	GO:0005783	endoplasmic reticulum
emc-1	GO:0005789;GO:0016020	GO:0016020	membrane
emc-1	GO:0072546	GO:0032991	protein-containing complex
emc-3	GO:0016020	GO:0016020	membrane
emc-3	GO:0072546	GO:0032991	protein-containing complex
emg-1	GO:0005634	GO:0005634	nucleus
emg-1	GO:0005730	GO:0005730	nucleolus
emg-1	GO:0032040	GO:0032991	protein-containing complex
emr-1	GO:0005634	GO:0005634	nucleus
emr-1	GO:0005635	GO:0005635	nuclear envelope
emr-1	GO:0005637;GO:0016020	GO:0016020	membrane
endu-2			
enol-1	GO:0005737	GO:0005737	cytoplasm
enol-1	GO:0000015	GO:0032991	protein-containing complex
enpl-1	GO:0005783	GO:0005783	endoplasmic reticulum
enpl-1	GO:0005788;GO:0048471		
enpp-1	GO:0016020	GO:0016020	membrane
ensh-1	GO:0016020	GO:0016020	membrane
ensh-1	GO:0005615		
ent-1	GO:0005886	GO:0005886	plasma membrane
ent-1	GO:0016020	GO:0016020	membrane
ent-2	GO:0005886	GO:0005886	plasma membrane
ent-2	GO:0016020	GO:0016020	membrane
ent-3	GO:0005886	GO:0005886	plasma membrane
ent-3	GO:0016020	GO:0016020	membrane
ent-4	GO:0005886	GO:0005886	plasma membrane
ent-4	GO:0016020	GO:0016020	membrane
ent-5	GO:0005886	GO:0005886	plasma membrane
ent-5	GO:0016020	GO:0016020	membrane
ent-7	GO:0005886	GO:0005886	plasma membrane
ent-7	GO:0016020	GO:0016020	membrane
epac-1	GO:0005886	GO:0005886	plasma membrane
epg-5	GO:0005737	GO:0005737	cytoplasm
epg-5	GO:0016020;GO:0030670	GO:0016020	membrane
epg-5	GO:0031410	GO:0031410	cytoplasmic vesicle
epg-6	GO:0005737	GO:0005737	cytoplasm
epg-6	GO:0005829	GO:0005829	cytosol
epg-6	GO:0016020;GO:0034045	GO:0016020	membrane
epg-7	GO:0005737	GO:0005737	cytoplasm
epg-7	GO:0034045	GO:0016020	membrane
epg-7	GO:1990316	GO:0032991	protein-containing complex
epg-9	GO:1990316	GO:0032991	protein-containing complex
epg-9	GO:0000407		
epi-1	GO:0005576	GO:0005576	extracellular region
epi-1	GO:0005604	GO:0031012	extracellular matrix
epn-1	GO:0005737	GO:0005737	cytoplasm
epn-1	GO:0005768	GO:0005768	endosome
epn-1	GO:0005886	GO:0005886	plasma membrane
epn-1	GO:0031410;GO:0032009	GO:0031410	cytoplasmic vesicle
epn-1	GO:0030125	GO:0032991	protein-containing complex
epn-1	GO:0031143	GO:0042995	cell projection
epn-1	GO:0001891		
eps-8	GO:0005737	GO:0005737	cytoplasm
eps-8	GO:0005886	GO:0005886	plasma membrane
eps-8	GO:0030056	GO:0030054	cell junction
eps-8	GO:0005903;GO:0045177		
ept-1	GO:0005794	GO:0005794	Golgi apparatus
ept-1	GO:0005789;GO:0016020	GO:0016020	membrane
eral-1	GO:0005739	GO:0005739	mitochondrion
eral-1	GO:0005743;GO:0016020	GO:0016020	membrane
eral-1	GO:0005759		
ercc-1	GO:0005634	GO:0005634	nucleus
ercc-1	GO:0000110;GO:0070522	GO:0032991	protein-containing complex
erd-2.1	GO:0005783	GO:0005783	endoplasmic reticulum
erd-2.1	GO:0005789;GO:0016020	GO:0016020	membrane
erd-2.1	GO:0005801	GO:0043226	organelle
erd-2.2	GO:0005783	GO:0005783	endoplasmic reticulum
erd-2.2	GO:0005789;GO:0016020	GO:0016020	membrane
ergi-1	GO:0005783	GO:0005783	endoplasmic reticulum
ergi-1	GO:0000139;GO:0005789;GO:0016020;GO:0033116	GO:0016020	membrane
ergi-1	GO:0030134	GO:0031410	cytoplasmic vesicle
ergi-3	GO:0005783	GO:0005783	endoplasmic reticulum
ergi-3	GO:0005794	GO:0005794	Golgi apparatus
ergi-3	GO:0000139;GO:0005789;GO:0016020;GO:0033116	GO:0016020	membrane
ergi-3	GO:0030134	GO:0031410	cytoplasmic vesicle
eri-7	GO:0016604	GO:0043226	organelle
erl-1	GO:0005783	GO:0005783	endoplasmic reticulum
erl-1	GO:0005789;GO:0016020	GO:0016020	membrane
erl-1	GO:0032991	GO:0032991	protein-containing complex
erm-1	GO:0005938;GO:0045179	GO:0005737	cytoplasm
erm-1	GO:0005886	GO:0005886	plasma membrane
erm-1	GO:0016020;GO:0016324	GO:0016020	membrane
erm-1	GO:0005912	GO:0030054	cell junction
erm-1	GO:0005902;GO:0030175	GO:0042995	cell projection
erm-1	GO:0005884;GO:0031974;GO:0045177		
ess-2	GO:0005634	GO:0005634	nucleus
ess-2	GO:0071013	GO:0032991	protein-containing complex
etfa-1	GO:0005739	GO:0005739	mitochondrion
etfa-1	GO:0045251	GO:0032991	protein-containing complex
etfa-1	GO:0005759		
etfb-1	GO:0005739	GO:0005739	mitochondrion
etfb-1	GO:0005759		
ethe-1	GO:0005739	GO:0005739	mitochondrion
etr-1	GO:0005634	GO:0005634	nucleus
etr-1	GO:0005737	GO:0005737	cytoplasm
etr-1	GO:1990904	GO:0032991	protein-containing complex
ets-4	GO:0005634	GO:0005634	nucleus
ets-4	GO:0090575	GO:0032991	protein-containing complex
ets-5	GO:0005634	GO:0005634	nucleus
ets-8	GO:0005634	GO:0005634	nucleus
evl-14	GO:0005634	GO:0005634	nucleus
evl-14	GO:0000785		
evl-18	GO:0005634	GO:0005634	nucleus
evl-18	GO:0031261	GO:0032991	protein-containing complex
exc-14			
exc-15	GO:0005829	GO:0005829	cytosol
exc-4	GO:0005737	GO:0005737	cytoplasm
exc-4	GO:0005764	GO:0005764	lysosome
exc-4	GO:0005886	GO:0005886	plasma membrane
exc-4	GO:0016020;GO:0016324	GO:0016020	membrane
exc-4	GO:0043296	GO:0030054	cell junction
exc-4	GO:0034702;GO:0034707	GO:0032991	protein-containing complex
exc-5	GO:0005737;GO:0045179	GO:0005737	cytoplasm
exc-5	GO:0005856;GO:0015629	GO:0005856	cytoskeleton
exc-5	GO:0042995	GO:0042995	cell projection
exc-5	GO:0044297;GO:0045177		
exc-6	GO:0005737	GO:0005737	cytoplasm
exc-6	GO:0005856	GO:0005856	cytoskeleton
exc-6	GO:0031941	GO:0032991	protein-containing complex
exc-6	GO:0005874;GO:0005884		
exc-7	GO:0005634	GO:0005634	nucleus
exc-7	GO:0005829	GO:0005829	cytosol
exc-7	GO:1990904	GO:0032991	protein-containing complex
exc-7	GO:0016607	GO:0043226	organelle
exl-1	GO:0005737	GO:0005737	cytoplasm
exl-1	GO:0005764	GO:0005764	lysosome
exl-1	GO:0005783	GO:0005783	endoplasmic reticulum
exl-1	GO:0005794	GO:0005794	Golgi apparatus
exl-1	GO:0000139;GO:0005765;GO:0016020;GO:0016324;GO:0036195	GO:0016020	membrane
exl-1	GO:0034702;GO:0034707	GO:0032991	protein-containing complex
exl-1	GO:0055120		
exo-1	GO:0005634	GO:0005634	nucleus
exo-3	GO:0005634	GO:0005634	nucleus
exoc-7	GO:0000145	GO:0032991	protein-containing complex
exos-1	GO:0005634	GO:0005634	nucleus
exos-1	GO:0005654	GO:0005654	nucleoplasm
exos-1	GO:0005730	GO:0005730	nucleolus
exos-1	GO:0005737	GO:0005737	cytoplasm
exos-1	GO:0000176;GO:0000178	GO:0032991	protein-containing complex
exos-2	GO:0005634	GO:0005634	nucleus
exos-2	GO:0005654	GO:0005654	nucleoplasm
exos-2	GO:0005730	GO:0005730	nucleolus
exos-2	GO:0005737	GO:0005737	cytoplasm
exos-2	GO:0000176;GO:0000177;GO:0000178	GO:0032991	protein-containing complex
exos-3	GO:0005634	GO:0005634	nucleus
exos-3	GO:0005730	GO:0005730	nucleolus
exos-3	GO:0005737	GO:0005737	cytoplasm
exos-3	GO:0000176;GO:0000177;GO:0000178	GO:0032991	protein-containing complex
exos-4.1	GO:0005634	GO:0005634	nucleus
exos-4.1	GO:0005654	GO:0005654	nucleoplasm
exos-4.1	GO:0005730	GO:0005730	nucleolus
exos-4.1	GO:0005737	GO:0005737	cytoplasm
exos-4.1	GO:0000176;GO:0000177;GO:0000178;GO:1902494	GO:0032991	protein-containing complex
exos-4.1	GO:0031981		
exos-8	GO:0005730	GO:0005730	nucleolus
exos-8	GO:0005737	GO:0005737	cytoplasm
exos-8	GO:0000176;GO:0000177;GO:0000178	GO:0032991	protein-containing complex
exos-9	GO:0005634	GO:0005634	nucleus
exos-9	GO:0005737	GO:0005737	cytoplasm
exos-9	GO:0000176;GO:0000177	GO:0032991	protein-containing complex
eya-1	GO:0005634	GO:0005634	nucleus
faah-1			
faah-2			
faah-3			
faah-4			
faah-5	GO:0016020	GO:0016020	membrane
faah-6			
fah-1			
famh-161	GO:0005737	GO:0005737	cytoplasm
famh-161	GO:0005856	GO:0005856	cytoskeleton
famh-161	GO:0005929	GO:0005929	cilium
famh-161	GO:0042995	GO:0042995	cell projection
famh-161	GO:0005930;GO:0035869;GO:0097546		
famk-1	GO:0005576	GO:0005576	extracellular region
famk-1	GO:0005794	GO:0005794	Golgi apparatus
famk-1	GO:0000139;GO:0016020	GO:0016020	membrane
fan-1	GO:0005634	GO:0005634	nucleus
fard-1	GO:0005777	GO:0005777	peroxisome
fard-1	GO:0016020	GO:0016020	membrane
fars-2	GO:0005737	GO:0005737	cytoplasm
fars-2	GO:0005739	GO:0005739	mitochondrion
fars-2	GO:0005759		
fasn-1			
fat-1	GO:0016020	GO:0016020	membrane
fat-3	GO:0016020	GO:0016020	membrane
fat-3	GO:0098793		
fat-4	GO:0016020	GO:0016020	membrane
fat-5	GO:0005789;GO:0016020	GO:0016020	membrane
fat-6	GO:0005789;GO:0016020	GO:0016020	membrane
fat-7	GO:0005789;GO:0016020	GO:0016020	membrane
fath-1	GO:0005783	GO:0005783	endoplasmic reticulum
fath-1	GO:0005789;GO:0016020	GO:0016020	membrane
fax-1	GO:0005634	GO:0005634	nucleus
fax-1	GO:0005737	GO:0005737	cytoplasm
fax-1	GO:0042995	GO:0042995	cell projection
fax-1	GO:0030424	GO:0043005	neuron projection
fbf-2	GO:0005634	GO:0005634	nucleus
fbf-2	GO:0005737	GO:0005737	cytoplasm
fbf-2	GO:0043186	GO:0043226	organelle
fbn-1	GO:0005576	GO:0005576	extracellular region
fbn-1	GO:0016020	GO:0016020	membrane
fbp-1	GO:0005634	GO:0005634	nucleus
fbp-1	GO:0005737	GO:0005737	cytoplasm
fbp-1	GO:0005829	GO:0005829	cytosol
fbp-1	GO:0070161	GO:0030054	cell junction
fbp-1	GO:0030018		
fbxl-2			
fbxo-11.2			
fcd-2	GO:0005634	GO:0005634	nucleus
fcd-2	GO:0000793	GO:0005694	chromosome
fce-1	GO:0005783	GO:0005783	endoplasmic reticulum
fce-1	GO:0005789;GO:0016020	GO:0016020	membrane
fcho-1	GO:0005737	GO:0005737	cytoplasm
fcho-1	GO:0005886	GO:0005886	plasma membrane
fcho-1	GO:0005905	GO:0016020	membrane
fcho-1	GO:0030136	GO:0031410	cytoplasmic vesicle
fdgt-1	GO:0005886	GO:0005886	plasma membrane
fdgt-1	GO:0016020;GO:0016323	GO:0016020	membrane
fdps-1	GO:0005737	GO:0005737	cytoplasm
fecl-1	GO:0005739	GO:0005739	mitochondrion
feh-1	GO:0005634	GO:0005634	nucleus
feh-1	GO:0005737	GO:0005737	cytoplasm
feh-1	GO:0005856	GO:0005856	cytoskeleton
feh-1	GO:0005884		
fem-1	GO:0005737	GO:0005737	cytoplasm
fem-1	GO:0000151;GO:0008287;GO:0031462;GO:0032991	GO:0032991	protein-containing complex
fer-1	GO:0005886	GO:0005886	plasma membrane
fer-1	GO:0016020;GO:0031090;GO:0031260	GO:0016020	membrane
fer-1	GO:0032809		
fezf-1	GO:0005634	GO:0005634	nucleus
fhod-1	GO:0005737	GO:0005737	cytoplasm
fhod-1	GO:0005856;GO:0015629	GO:0005856	cytoskeleton
fic-1	GO:0005634	GO:0005634	nucleus
fic-1	GO:0005635	GO:0005635	nuclear envelope
fic-1	GO:0005737	GO:0005737	cytoplasm
fic-1	GO:0005783	GO:0005783	endoplasmic reticulum
fic-1	GO:0005789;GO:0016020;GO:0031965	GO:0016020	membrane
figl-1	GO:0005634	GO:0005634	nucleus
figl-1	GO:0005737	GO:0005737	cytoplasm
figo-1	GO:0016020	GO:0016020	membrane
figo-1	GO:0012505		
fis-1	GO:0005739	GO:0005739	mitochondrion
fis-1	GO:0005777	GO:0005777	peroxisome
fis-1	GO:0005741;GO:0016020	GO:0016020	membrane
fis-1	GO:0005778	GO:0043226	organelle
fis-2	GO:0005739	GO:0005739	mitochondrion
fis-2	GO:0005777	GO:0005777	peroxisome
fis-2	GO:0005741;GO:0016020	GO:0016020	membrane
fis-2	GO:0005778	GO:0043226	organelle
fitm-2	GO:0005783	GO:0005783	endoplasmic reticulum
fitm-2	GO:0005789;GO:0016020	GO:0016020	membrane
fkb-1	GO:0005783	GO:0005783	endoplasmic reticulum
fkb-2	GO:0033017	GO:0016020	membrane
fkb-3	GO:0005783	GO:0005783	endoplasmic reticulum
fkb-4	GO:0005783	GO:0005783	endoplasmic reticulum
fkb-5	GO:0005783	GO:0005783	endoplasmic reticulum
fkb-6			
fkb-7	GO:0005783	GO:0005783	endoplasmic reticulum
fkh-2	GO:0005634	GO:0005634	nucleus
fkh-6	GO:0005634	GO:0005634	nucleus
fkh-7	GO:0005634	GO:0005634	nucleus
fkh-8	GO:0005634	GO:0005634	nucleus
fkh-8	GO:0005737	GO:0005737	cytoplasm
flad-1			
flcn-1	GO:0005634	GO:0005634	nucleus
flcn-1	GO:0005737	GO:0005737	cytoplasm
flcn-1	GO:0005764	GO:0005764	lysosome
flcn-1	GO:0005813	GO:0005815	microtubule organizing center
flcn-1	GO:0005829	GO:0005829	cytosol
flcn-1	GO:0005856	GO:0005856	cytoskeleton
flcn-1	GO:0005929	GO:0005929	cilium
flcn-1	GO:0005765;GO:0016020	GO:0016020	membrane
flcn-1	GO:0042995	GO:0042995	cell projection
flcn-1	GO:0005819	GO:0043226	organelle
fli-1	GO:0005634	GO:0005634	nucleus
fli-1	GO:0005737	GO:0005737	cytoplasm
fli-1	GO:0015629	GO:0005856	cytoskeleton
fln-1	GO:0005884		
fmi-1	GO:0005886	GO:0005886	plasma membrane
fmi-1	GO:0016020	GO:0016020	membrane
fmi-1	GO:0005912	GO:0030054	cell junction
fmi-1	GO:0042995	GO:0042995	cell projection
fmi-1	GO:0030424;GO:0030425	GO:0043005	neuron projection
fmo-1	GO:0005783	GO:0005783	endoplasmic reticulum
fmo-1	GO:0005789;GO:0016020	GO:0016020	membrane
fmo-2	GO:0005737	GO:0005737	cytoplasm
fmo-2	GO:0005783	GO:0005783	endoplasmic reticulum
fmo-2	GO:0005789;GO:0016020	GO:0016020	membrane
fmo-3	GO:0005783	GO:0005783	endoplasmic reticulum
fmo-3	GO:0005789;GO:0016020	GO:0016020	membrane
fmo-4	GO:0005783	GO:0005783	endoplasmic reticulum
fmo-4	GO:0005789;GO:0016020	GO:0016020	membrane
fmo-5	GO:0005783	GO:0005783	endoplasmic reticulum
fmo-5	GO:0005789;GO:0016020	GO:0016020	membrane
fnci-1			
fnip-2	GO:0005737	GO:0005737	cytoplasm
fntb-1	GO:0005965	GO:0032991	protein-containing complex
folt-1	GO:0005886	GO:0005886	plasma membrane
folt-1	GO:0016020	GO:0016020	membrane
folt-2	GO:0005886	GO:0005886	plasma membrane
folt-2	GO:0016020	GO:0016020	membrane
folt-3	GO:0005886	GO:0005886	plasma membrane
folt-3	GO:0016020	GO:0016020	membrane
fox-1	GO:0005634	GO:0005634	nucleus
fox-1	GO:0005737	GO:0005737	cytoplasm
fpn-1.1	GO:0016020	GO:0016020	membrane
fpn-1.2	GO:0016020	GO:0016020	membrane
frg-1	GO:0005634	GO:0005634	nucleus
frg-1	GO:0005730	GO:0005730	nucleolus
frg-1	GO:0005737	GO:0005737	cytoplasm
frg-1	GO:0071013	GO:0032991	protein-containing complex
frg-1	GO:0015030	GO:0043226	organelle
frg-1	GO:0055120		
frh-1	GO:0005739	GO:0005739	mitochondrion
frk-1	GO:0005634	GO:0005634	nucleus
frk-1	GO:0005737	GO:0005737	cytoplasm
frk-1	GO:0005886	GO:0005886	plasma membrane
frk-1	GO:0016020	GO:0016020	membrane
frk-1	GO:0005911;GO:0070161	GO:0030054	cell junction
frm-1	GO:0005856	GO:0005856	cytoskeleton
frm-1	GO:0005886	GO:0005886	plasma membrane
frm-1	GO:0005912	GO:0030054	cell junction
frm-2	GO:0005737	GO:0005737	cytoplasm
frm-2	GO:0005856	GO:0005856	cytoskeleton
frm-2	GO:0005886	GO:0005886	plasma membrane
frm-2	GO:0005912;GO:0070161	GO:0030054	cell junction
frm-3	GO:0005886	GO:0005886	plasma membrane
frm-3	GO:0005912	GO:0030054	cell junction
frm-4	GO:0005856	GO:0005856	cytoskeleton
frm-4	GO:0016020	GO:0016020	membrane
frm-5.1			
frm-5.2			
frm-7	GO:0098592		
frm-8			
fshr-1	GO:0005886	GO:0005886	plasma membrane
fshr-1	GO:0016020	GO:0016020	membrane
ftn-1	GO:0005737	GO:0005737	cytoplasm
ftn-2	GO:0005737	GO:0005737	cytoplasm
ftt-2	GO:0005634	GO:0005634	nucleus
ftt-2	GO:0005737	GO:0005737	cytoplasm
fubl-1	GO:0005634	GO:0005634	nucleus
fubl-1	GO:0005737	GO:0005737	cytoplasm
fubl-2	GO:0005634	GO:0005634	nucleus
fubl-2	GO:0005737	GO:0005737	cytoplasm
fubl-3	GO:0005634	GO:0005634	nucleus
fubl-3	GO:0005737	GO:0005737	cytoplasm
fubl-4	GO:0005634	GO:0005634	nucleus
fubl-4	GO:0005737	GO:0005737	cytoplasm
fum-1	GO:0005737	GO:0005737	cytoplasm
fum-1	GO:0005739	GO:0005739	mitochondrion
fum-1	GO:0005759		
fust-1	GO:0005634	GO:0005634	nucleus
fut-3	GO:0005794	GO:0005794	Golgi apparatus
fut-3	GO:0016020;GO:0032580	GO:0016020	membrane
fut-4	GO:0005794	GO:0005794	Golgi apparatus
fut-4	GO:0016020;GO:0032580	GO:0016020	membrane
fut-5	GO:0005794	GO:0005794	Golgi apparatus
fut-5	GO:0016020;GO:0032580	GO:0016020	membrane
fut-6	GO:0005794	GO:0005794	Golgi apparatus
fut-6	GO:0016020;GO:0032580	GO:0016020	membrane
fut-8	GO:0005794	GO:0005794	Golgi apparatus
fut-8	GO:0016020;GO:0032580	GO:0016020	membrane
fzo-1	GO:0005739	GO:0005739	mitochondrion
fzo-1	GO:0005741;GO:0016020	GO:0016020	membrane
gab-1	GO:0005886	GO:0005886	plasma membrane
gab-1	GO:0016020;GO:0045211	GO:0016020	membrane
gab-1	GO:0034707;GO:1902711	GO:0032991	protein-containing complex
gab-1	GO:0045202	GO:0045202	synapse
gad-3			
gakh-1	GO:0005737	GO:0005737	cytoplasm
gale-1	GO:0005829	GO:0005829	cytosol
gana-1	GO:0005737	GO:0005737	cytoplasm
gap-1	GO:0005737	GO:0005737	cytoplasm
gap-2	GO:0005737	GO:0005737	cytoplasm
gap-3	GO:0005737	GO:0005737	cytoplasm
gar-3	GO:0005886	GO:0005886	plasma membrane
gar-3	GO:0016020	GO:0016020	membrane
gar-3	GO:0030425	GO:0043005	neuron projection
gar-3	GO:0045202	GO:0045202	synapse
gars-1	GO:0005576	GO:0005576	extracellular region
gars-1	GO:0005737	GO:0005737	cytoplasm
gars-1	GO:0005739	GO:0005739	mitochondrion
gars-1	GO:0042995	GO:0042995	cell projection
gars-1	GO:0030424	GO:0043005	neuron projection
gas-1	GO:0005739	GO:0005739	mitochondrion
gas-1	GO:0005743;GO:0016020	GO:0016020	membrane
gas-1	GO:0045271	GO:0032991	protein-containing complex
gas-1	GO:0043231	GO:0043226	organelle
gasr-8	GO:0005794	GO:0005794	Golgi apparatus
gasr-8	GO:0036064	GO:0005815	microtubule organizing center
gasr-8	GO:0005874		
gba-1	GO:0005764	GO:0005764	lysosome
gba-1	GO:0005774	GO:0016020	membrane
gba-2	GO:0005764	GO:0005764	lysosome
gba-2	GO:0005774	GO:0016020	membrane
gba-3	GO:0005764	GO:0005764	lysosome
gba-3	GO:0005774	GO:0016020	membrane
gba-4	GO:0005764	GO:0005764	lysosome
gba-4	GO:0005774	GO:0016020	membrane
gbb-1	GO:0005886	GO:0005886	plasma membrane
gbb-1	GO:0016020	GO:0016020	membrane
gbb-1	GO:0038039;GO:1902712	GO:0032991	protein-containing complex
gbb-2	GO:0005886	GO:0005886	plasma membrane
gbb-2	GO:0016020	GO:0016020	membrane
gbb-2	GO:0038039;GO:1902712	GO:0032991	protein-containing complex
gbf-1	GO:0005794	GO:0005794	Golgi apparatus
gbf-1	GO:0005793	GO:0043226	organelle
gbf-1	GO:0000137;GO:0070971;GO:0098791		
gbh-2	GO:0005739	GO:0005739	mitochondrion
gck-1	GO:0005737	GO:0005737	cytoplasm
gck-1	GO:0005886	GO:0005886	plasma membrane
gck-1	GO:0016020;GO:0016324	GO:0016020	membrane
gck-1	GO:0098592		
gck-2	GO:0005737	GO:0005737	cytoplasm
gck-3	GO:0005634	GO:0005634	nucleus
gck-3	GO:0005737	GO:0005737	cytoplasm
gclm-1	GO:0017109	GO:0032991	protein-containing complex
gcn-2	GO:0005634	GO:0005634	nucleus
gcn-2	GO:0005737	GO:0005737	cytoplasm
gcn-2	GO:0005829	GO:0005829	cytosol
gcna-1	GO:0005634	GO:0005634	nucleus
gcna-1	GO:0000793;GO:0005694	GO:0005694	chromosome
gcna-1	GO:0016605	GO:0043226	organelle
gcp-2.1	GO:0016020	GO:0016020	membrane
gcp-2.2	GO:0016020	GO:0016020	membrane
gcs-1	GO:0017109	GO:0032991	protein-containing complex
gcsh-1	GO:0005739	GO:0005739	mitochondrion
gcsh-1	GO:0005960	GO:0032991	protein-containing complex
gcsh-2	GO:0005739	GO:0005739	mitochondrion
gcsh-2	GO:0005960	GO:0032991	protein-containing complex
gcst-1	GO:0005739	GO:0005739	mitochondrion
gcst-1	GO:0005960	GO:0032991	protein-containing complex
gcy-1	GO:0005886	GO:0005886	plasma membrane
gcy-1	GO:0016020	GO:0016020	membrane
gcy-14	GO:0005886	GO:0005886	plasma membrane
gcy-14	GO:0005929	GO:0005929	cilium
gcy-14	GO:0016020	GO:0016020	membrane
gcy-14	GO:0042995	GO:0042995	cell projection
gcy-2			
gcy-20	GO:0005886	GO:0005886	plasma membrane
gcy-20	GO:0016020	GO:0016020	membrane
gcy-22	GO:0005886	GO:0005886	plasma membrane
gcy-22	GO:0016020	GO:0016020	membrane
gcy-27	GO:0005886	GO:0005886	plasma membrane
gcy-27	GO:0016020	GO:0016020	membrane
gcy-28	GO:0005886	GO:0005886	plasma membrane
gcy-28	GO:0016020	GO:0016020	membrane
gcy-28	GO:0042995	GO:0042995	cell projection
gcy-28	GO:0030424;GO:0030425;GO:0043005	GO:0043005	neuron projection
gcy-28	GO:0043204;GO:0044297		
gcy-3	GO:0005886	GO:0005886	plasma membrane
gcy-3	GO:0016020	GO:0016020	membrane
gcy-34	GO:0005737	GO:0005737	cytoplasm
gcy-34	GO:0008074	GO:0032991	protein-containing complex
gcy-36	GO:0005737	GO:0005737	cytoplasm
gcy-36	GO:0008074	GO:0032991	protein-containing complex
gcy-36	GO:0030425	GO:0043005	neuron projection
gcy-36	GO:0043025		
gdh-1	GO:0005739	GO:0005739	mitochondrion
gdi-1	GO:0005737	GO:0005737	cytoplasm
gdi-1	GO:0005829	GO:0005829	cytosol
gei-1			
gei-17	GO:0000785;GO:0070090		
gei-3	GO:0005634	GO:0005634	nucleus
gei-8	GO:0005634	GO:0005634	nucleus
gei-8	GO:0032991	GO:0032991	protein-containing complex
gei-8	GO:0000785		
gex-2	GO:0005737	GO:0005737	cytoplasm
gex-2	GO:0030054	GO:0030054	cell junction
gex-2	GO:0031209	GO:0032991	protein-containing complex
gex-2	GO:0043005	GO:0043005	neuron projection
gex-2	GO:0045202	GO:0045202	synapse
gex-3	GO:0005737	GO:0005737	cytoplasm
gex-3	GO:0030054	GO:0030054	cell junction
gex-3	GO:0031209	GO:0032991	protein-containing complex
gfat-1			
gfat-2			
gfl-1	GO:0005634	GO:0005634	nucleus
gfl-1	GO:0035267	GO:0032991	protein-containing complex
gfm-1	GO:0005737	GO:0005737	cytoplasm
gfm-1	GO:0005739	GO:0005739	mitochondrion
gipc-1			
gipc-2			
git-1	GO:0030056	GO:0030054	cell junction
git-1	GO:0045202	GO:0045202	synapse
git-1	GO:0048786		
glb-13			
glb-14			
glb-34			
glb-7			
glc-1	GO:0005886	GO:0005886	plasma membrane
glc-1	GO:0016020;GO:0045211	GO:0016020	membrane
glc-1	GO:0045202	GO:0045202	synapse
glc-2	GO:0005886	GO:0005886	plasma membrane
glc-2	GO:0016020;GO:0045211	GO:0016020	membrane
glc-2	GO:0034707	GO:0032991	protein-containing complex
glc-2	GO:0045202	GO:0045202	synapse
glc-3	GO:0005886	GO:0005886	plasma membrane
glc-3	GO:0016020	GO:0016020	membrane
glc-3	GO:0098794		
glc-4	GO:0005886	GO:0005886	plasma membrane
glc-4	GO:0016020	GO:0016020	membrane
glc-4	GO:0098794		
glct-1	GO:0005794	GO:0005794	Golgi apparatus
glct-1	GO:0000139;GO:0016020	GO:0016020	membrane
glct-2	GO:0005794	GO:0005794	Golgi apparatus
glct-2	GO:0000139;GO:0016020	GO:0016020	membrane
glct-3	GO:0005794	GO:0005794	Golgi apparatus
glct-3	GO:0000139;GO:0016020	GO:0016020	membrane
glct-4	GO:0005794	GO:0005794	Golgi apparatus
glct-4	GO:0000139;GO:0016020	GO:0016020	membrane
glct-5	GO:0005794	GO:0005794	Golgi apparatus
glct-5	GO:0000139;GO:0016020	GO:0016020	membrane
glct-6	GO:0005794	GO:0005794	Golgi apparatus
glct-6	GO:0000139;GO:0016020	GO:0016020	membrane
gld-1	GO:0005634	GO:0005634	nucleus
gld-1	GO:0005737	GO:0005737	cytoplasm
gld-1	GO:0005829	GO:0005829	cytosol
gld-1	GO:0043186	GO:0043226	organelle
gldc-1	GO:0005739	GO:0005739	mitochondrion
gldc-1	GO:0005960	GO:0032991	protein-containing complex
gldi-2	GO:0005886	GO:0005886	plasma membrane
gldi-2	GO:0016020	GO:0016020	membrane
gldi-2	GO:0012505		
gldi-4	GO:0044753	GO:0005773	vacuole
gldi-4	GO:0016235		
gldi-7	GO:0005886	GO:0005886	plasma membrane
gldi-7	GO:0016020	GO:0016020	membrane
gldi-9	GO:0005737	GO:0005737	cytoplasm
gldi-9	GO:0030054	GO:0030054	cell junction
gldi-9	GO:0055120		
glit-1	GO:0005886	GO:0005886	plasma membrane
glit-1	GO:0016020	GO:0016020	membrane
gln-1	GO:0005737	GO:0005737	cytoplasm
gln-2	GO:0005737	GO:0005737	cytoplasm
gln-3	GO:0005737	GO:0005737	cytoplasm
gln-5	GO:0005737	GO:0005737	cytoplasm
gln-6	GO:0005737	GO:0005737	cytoplasm
glna-1	GO:0005739	GO:0005739	mitochondrion
glna-2	GO:0005739	GO:0005739	mitochondrion
glna-3			
glo-1	GO:0005737	GO:0005737	cytoplasm
glo-1	GO:0005739	GO:0005739	mitochondrion
glo-1	GO:0016020;GO:0044841	GO:0016020	membrane
glo-1	GO:0042470;GO:0044840	GO:0031410	cytoplasmic vesicle
glo-1	GO:0005802;GO:0012505		
glo-2	GO:0005737	GO:0005737	cytoplasm
glo-2	GO:0005768	GO:0005768	endosome
glo-2	GO:0031082;GO:0031083	GO:0032991	protein-containing complex
glo-4	GO:0005737	GO:0005737	cytoplasm
glo-4	GO:0030424	GO:0043005	neuron projection
glo-4	GO:0045202	GO:0045202	synapse
glp-1	GO:0005634	GO:0005634	nucleus
glp-1	GO:0005737	GO:0005737	cytoplasm
glp-1	GO:0005886	GO:0005886	plasma membrane
glp-1	GO:0016020	GO:0016020	membrane
glp-1	GO:0090575	GO:0032991	protein-containing complex
glp-1	GO:0042995	GO:0042995	cell projection
glp-1	GO:0030424	GO:0043005	neuron projection
glp-1	GO:0012505;GO:0016328		
glp-4	GO:0005829	GO:0005829	cytosol
glr-1	GO:0005768;GO:0055037	GO:0005768	endosome
glr-1	GO:0005783	GO:0005783	endoplasmic reticulum
glr-1	GO:0005886	GO:0005886	plasma membrane
glr-1	GO:0016020;GO:0032589;GO:0045211;GO:0098839	GO:0016020	membrane
glr-1	GO:0008328	GO:0032991	protein-containing complex
glr-1	GO:0042995	GO:0042995	cell projection
glr-1	GO:0030425;GO:0043005	GO:0043005	neuron projection
glr-1	GO:0014069	GO:0043226	organelle
glr-1	GO:0045202	GO:0045202	synapse
glr-1	GO:0009986;GO:0043025;GO:0043204;GO:0097038		
glr-2	GO:0005886	GO:0005886	plasma membrane
glr-2	GO:0016020;GO:0045211;GO:0098839	GO:0016020	membrane
glr-2	GO:0045202	GO:0045202	synapse
glr-3	GO:0005886	GO:0005886	plasma membrane
glr-3	GO:0016020;GO:0045211;GO:0098839	GO:0016020	membrane
glr-3	GO:0045202	GO:0045202	synapse
glr-5	GO:0005886	GO:0005886	plasma membrane
glr-5	GO:0016020;GO:0045211;GO:0098839	GO:0016020	membrane
glr-5	GO:0045202	GO:0045202	synapse
glr-7	GO:0005886	GO:0005886	plasma membrane
glr-7	GO:0016020	GO:0016020	membrane
glr-7	GO:0045202	GO:0045202	synapse
glrx-10			
glrx-5	GO:0005739	GO:0005739	mitochondrion
glrx-5	GO:0005759		
glt-1	GO:0005886	GO:0005886	plasma membrane
glt-1	GO:0016020	GO:0016020	membrane
glt-1	GO:0042995	GO:0042995	cell projection
glt-3	GO:0005886	GO:0005886	plasma membrane
glt-3	GO:0016020	GO:0016020	membrane
glt-4	GO:0005886	GO:0005886	plasma membrane
glt-4	GO:0016020	GO:0016020	membrane
glt-5	GO:0005886	GO:0005886	plasma membrane
glt-5	GO:0016020	GO:0016020	membrane
glt-6	GO:0005886	GO:0005886	plasma membrane
glt-6	GO:0016020	GO:0016020	membrane
glt-7	GO:0005886	GO:0005886	plasma membrane
glt-7	GO:0016020	GO:0016020	membrane
gly-1	GO:0016020	GO:0016020	membrane
gly-10	GO:0005794	GO:0005794	Golgi apparatus
gly-10	GO:0000139;GO:0016020	GO:0016020	membrane
gly-15	GO:0016020	GO:0016020	membrane
gly-16	GO:0016020	GO:0016020	membrane
gly-17	GO:0016020	GO:0016020	membrane
gly-18	GO:0016020	GO:0016020	membrane
gly-19	GO:0016020	GO:0016020	membrane
gly-2	GO:0005634	GO:0005634	nucleus
gly-2	GO:0005794	GO:0005794	Golgi apparatus
gly-2	GO:0000139;GO:0016020	GO:0016020	membrane
gly-2	GO:0005795		
gly-20	GO:0005794	GO:0005794	Golgi apparatus
gly-20	GO:0000139;GO:0016020	GO:0016020	membrane
gly-20	GO:0005795		
gly-3	GO:0005794	GO:0005794	Golgi apparatus
gly-3	GO:0000139;GO:0016020	GO:0016020	membrane
gly-4	GO:0005794	GO:0005794	Golgi apparatus
gly-4	GO:0000139;GO:0016020	GO:0016020	membrane
gly-5	GO:0005794	GO:0005794	Golgi apparatus
gly-5	GO:0000139;GO:0016020	GO:0016020	membrane
gmd-2			
gmps-1	GO:0005829	GO:0005829	cytosol
gna-1			
gna-2	GO:0005770	GO:0005768	endosome
gna-2	GO:0005794	GO:0005794	Golgi apparatus
gna-2	GO:0005793	GO:0043226	organelle
gnrr-1	GO:0005886	GO:0005886	plasma membrane
gnrr-1	GO:0016020	GO:0016020	membrane
gnrr-4	GO:0005886	GO:0005886	plasma membrane
gnrr-4	GO:0016020	GO:0016020	membrane
goa-1	GO:0005737;GO:0005938	GO:0005737	cytoplasm
goa-1	GO:0005834	GO:0032991	protein-containing complex
goa-1	GO:0045202	GO:0045202	synapse
gon-1	GO:0005576	GO:0005576	extracellular region
gon-1	GO:0005737	GO:0005737	cytoplasm
gon-1	GO:0005783	GO:0005783	endoplasmic reticulum
gon-1	GO:0005794	GO:0005794	Golgi apparatus
gon-1	GO:0005604;GO:0031012	GO:0031012	extracellular matrix
gon-2	GO:0005886	GO:0005886	plasma membrane
gon-2	GO:0016020	GO:0016020	membrane
gon-4	GO:0005634;GO:0043073	GO:0005634	nucleus
gop-1	GO:0005770	GO:0005768	endosome
gop-1	GO:0005794	GO:0005794	Golgi apparatus
gop-3	GO:0005739	GO:0005739	mitochondrion
gop-3	GO:0005741;GO:0016020;GO:0019867	GO:0016020	membrane
gopc-1	GO:0005737	GO:0005737	cytoplasm
gopc-1	GO:0005794	GO:0005794	Golgi apparatus
gopc-1	GO:0005886	GO:0005886	plasma membrane
gopc-1	GO:0000139;GO:0016020	GO:0016020	membrane
gopc-1	GO:0030140	GO:0031410	cytoplasmic vesicle
gopc-1	GO:0042995	GO:0042995	cell projection
gopc-1	GO:0030425	GO:0043005	neuron projection
gopc-1	GO:0014069	GO:0043226	organelle
gopc-1	GO:0045202	GO:0045202	synapse
gos-28	GO:0005794	GO:0005794	Golgi apparatus
gos-28	GO:0000139;GO:0016020	GO:0016020	membrane
gos-28	GO:0031201	GO:0032991	protein-containing complex
gos-28	GO:0005801	GO:0043226	organelle
gos-28	GO:0005797		
got-1.2	GO:0005737	GO:0005737	cytoplasm
got-1.2	GO:0005829	GO:0005829	cytosol
got-2.1	GO:0005739	GO:0005739	mitochondrion
got-2.2	GO:0005739	GO:0005739	mitochondrion
gpa-1	GO:0005737	GO:0005737	cytoplasm
gpa-1	GO:0005834	GO:0032991	protein-containing complex
gpa-15	GO:0005737	GO:0005737	cytoplasm
gpa-15	GO:0097730	GO:0005929	cilium
gpa-15	GO:0005834	GO:0032991	protein-containing complex
gpa-16	GO:0005737;GO:0005938	GO:0005737	cytoplasm
gpa-16	GO:0005834	GO:0032991	protein-containing complex
gpa-2	GO:0005737	GO:0005737	cytoplasm
gpa-2	GO:0097730	GO:0005929	cilium
gpa-2	GO:0005834	GO:0032991	protein-containing complex
gpa-2	GO:0030424	GO:0043005	neuron projection
gpa-2	GO:0043025		
gpa-3	GO:0005737	GO:0005737	cytoplasm
gpa-3	GO:0097730	GO:0005929	cilium
gpa-3	GO:0005834	GO:0032991	protein-containing complex
gpa-3	GO:0030424	GO:0043005	neuron projection
gpa-3	GO:0043025		
gpa-4	GO:0005737	GO:0005737	cytoplasm
gpa-4	GO:0005929;GO:0097730	GO:0005929	cilium
gpa-4	GO:0005834	GO:0032991	protein-containing complex
gpa-7	GO:0005634	GO:0005634	nucleus
gpa-7	GO:0005737	GO:0005737	cytoplasm
gpa-7	GO:0005829	GO:0005829	cytosol
gpa-7	GO:0005834	GO:0032991	protein-containing complex
gpap-1	GO:0005794	GO:0005794	Golgi apparatus
gpap-1	GO:0016020	GO:0016020	membrane
gpap-1	GO:0012505		
gpb-1	GO:0005737	GO:0005737	cytoplasm
gpb-1	GO:0005834	GO:0032991	protein-containing complex
gpb-2	GO:0005737	GO:0005737	cytoplasm
gpb-2	GO:0005834	GO:0032991	protein-containing complex
gpb-2	GO:0045202	GO:0045202	synapse
gpb-2	GO:0043025		
gpc-1	GO:0005886	GO:0005886	plasma membrane
gpc-1	GO:0016020	GO:0016020	membrane
gpc-1	GO:0005834	GO:0032991	protein-containing complex
gpch-1	GO:0005634	GO:0005634	nucleus
gpd-1	GO:0005737	GO:0005737	cytoplasm
gpd-1	GO:0005829	GO:0005829	cytosol
gpd-2	GO:0005737	GO:0005737	cytoplasm
gpd-2	GO:0005829	GO:0005829	cytosol
gpd-3	GO:0005737	GO:0005737	cytoplasm
gpd-3	GO:0005829	GO:0005829	cytosol
gpd-4	GO:0005737	GO:0005737	cytoplasm
gpd-4	GO:0005829	GO:0005829	cytosol
gpdh-1	GO:0005829	GO:0005829	cytosol
gpdh-2	GO:0005737	GO:0005737	cytoplasm
gpdh-2	GO:0005829	GO:0005829	cytosol
gpdh-3	GO:0005739	GO:0005739	mitochondrion
gpi-1	GO:0005829	GO:0005829	cytosol
gpn-1	GO:0005886	GO:0005886	plasma membrane
gpn-1	GO:0016020	GO:0016020	membrane
gpn-1	GO:0031012	GO:0031012	extracellular matrix
gpn-1	GO:0009986;GO:0098552		
gpr-158	GO:0005886	GO:0005886	plasma membrane
gpr-158	GO:0016020	GO:0016020	membrane
gpx-1	GO:0005634	GO:0005634	nucleus
gpx-1	GO:0005737	GO:0005737	cytoplasm
gpx-1	GO:0005829	GO:0005829	cytosol
gpx-2	GO:0005737	GO:0005737	cytoplasm
gpx-3	GO:0005576	GO:0005576	extracellular region
gpx-3	GO:0005615		
gpx-4	GO:0005576	GO:0005576	extracellular region
gpx-4	GO:0005615		
gpx-5	GO:0005576	GO:0005576	extracellular region
gpx-5	GO:0005615		
gpx-6	GO:0005615		
gpx-7	GO:0005737	GO:0005737	cytoplasm
gpx-7	GO:0005829	GO:0005829	cytosol
gras-1	GO:0005634	GO:0005634	nucleus
gras-1	GO:0005737	GO:0005737	cytoplasm
gras-1	GO:0005886	GO:0005886	plasma membrane
gras-1	GO:0016020	GO:0016020	membrane
gras-1	GO:0048471		
grd-1	GO:0031012	GO:0031012	extracellular matrix
grd-11	GO:0031012	GO:0031012	extracellular matrix
grd-2	GO:0005576	GO:0005576	extracellular region
grd-2	GO:0031012	GO:0031012	extracellular matrix
grdn-1	GO:0005737	GO:0005737	cytoplasm
grdn-1	GO:0005813;GO:0036064	GO:0005815	microtubule organizing center
grdn-1	GO:0005856	GO:0005856	cytoskeleton
grdn-1	GO:0042995	GO:0042995	cell projection
grdn-1	GO:0005814	GO:0043226	organelle
grh-1	GO:0005634	GO:0005634	nucleus
grh-1	GO:0000785		
grk-1	GO:0005737	GO:0005737	cytoplasm
grk-2			
gro-1	GO:0005634	GO:0005634	nucleus
gro-1	GO:0005737	GO:0005737	cytoplasm
gro-1	GO:0005739	GO:0005739	mitochondrion
grwd-1	GO:0005634	GO:0005634	nucleus
grwd-1	GO:0005730	GO:0005730	nucleolus
gsa-1	GO:0005737	GO:0005737	cytoplasm
gsa-1	GO:0005886	GO:0005886	plasma membrane
gsa-1	GO:0005834	GO:0032991	protein-containing complex
gsk-3	GO:0005634	GO:0005634	nucleus
gsk-3	GO:0005737	GO:0005737	cytoplasm
gsk-3	GO:0005829	GO:0005829	cytosol
gsnl-1	GO:0005737	GO:0005737	cytoplasm
gsnl-1	GO:0005856;GO:0015629	GO:0005856	cytoskeleton
gsnl-1	GO:0055120		
gsp-1	GO:0005634	GO:0005634	nucleus
gsp-1	GO:0005737	GO:0005737	cytoplasm
gsp-2	GO:0005634	GO:0005634	nucleus
gsp-2	GO:0005694	GO:0005694	chromosome
gsp-2	GO:0005737	GO:0005737	cytoplasm
gsp-2	GO:0031965	GO:0016020	membrane
gsp-3	GO:0005634	GO:0005634	nucleus
gsp-3	GO:0005694	GO:0005694	chromosome
gsp-3	GO:0005737	GO:0005737	cytoplasm
gsp-3	GO:0031143;GO:0042995	GO:0042995	cell projection
gsp-3	GO:0000785		
gsp-4	GO:0005634	GO:0005634	nucleus
gsp-4	GO:0005694	GO:0005694	chromosome
gsp-4	GO:0005737	GO:0005737	cytoplasm
gsp-4	GO:0031143;GO:0042995	GO:0042995	cell projection
gsp-4	GO:0000785		
gspd-1	GO:0005737	GO:0005737	cytoplasm
gspd-1	GO:0005829	GO:0005829	cytosol
gsr-1	GO:0005737	GO:0005737	cytoplasm
gsr-1	GO:0005739	GO:0005739	mitochondrion
gsr-1	GO:0005829	GO:0005829	cytosol
gss-1	GO:0005829	GO:0005829	cytosol
gst-1	GO:0005829	GO:0005829	cytosol
gst-10	GO:0005829	GO:0005829	cytosol
gst-11			
gst-12	GO:0005737	GO:0005737	cytoplasm
gst-13	GO:0005737	GO:0005737	cytoplasm
gst-14	GO:0005737	GO:0005737	cytoplasm
gst-15	GO:0005737	GO:0005737	cytoplasm
gst-16	GO:0005737	GO:0005737	cytoplasm
gst-17	GO:0005737	GO:0005737	cytoplasm
gst-18	GO:0005737	GO:0005737	cytoplasm
gst-19	GO:0005737	GO:0005737	cytoplasm
gst-2	GO:0005737	GO:0005737	cytoplasm
gst-2	GO:0005575		
gst-20	GO:0005737	GO:0005737	cytoplasm
gst-21	GO:0005737	GO:0005737	cytoplasm
gst-22	GO:0005737	GO:0005737	cytoplasm
gst-23	GO:0005829	GO:0005829	cytosol
gst-24	GO:0005737	GO:0005737	cytoplasm
gst-25	GO:0005829	GO:0005829	cytosol
gst-26	GO:0005737	GO:0005737	cytoplasm
gst-27	GO:0005737	GO:0005737	cytoplasm
gst-28	GO:0005737	GO:0005737	cytoplasm
gst-29	GO:0005737	GO:0005737	cytoplasm
gst-3	GO:0005737	GO:0005737	cytoplasm
gst-3	GO:0005575		
gst-30	GO:0005737	GO:0005737	cytoplasm
gst-31	GO:0005737	GO:0005737	cytoplasm
gst-32	GO:0005737	GO:0005737	cytoplasm
gst-33	GO:0005737	GO:0005737	cytoplasm
gst-34	GO:0005737	GO:0005737	cytoplasm
gst-35	GO:0005737	GO:0005737	cytoplasm
gst-37	GO:0005737	GO:0005737	cytoplasm
gst-38	GO:0005737	GO:0005737	cytoplasm
gst-39	GO:0005737	GO:0005737	cytoplasm
gst-4	GO:0005737	GO:0005737	cytoplasm
gst-4	GO:0043292	GO:0043226	organelle
gst-41	GO:0005829	GO:0005829	cytosol
gst-44	GO:0005737	GO:0005737	cytoplasm
gst-5	GO:0005737	GO:0005737	cytoplasm
gst-6	GO:0005737	GO:0005737	cytoplasm
gst-7	GO:0005737	GO:0005737	cytoplasm
gst-8	GO:0005737	GO:0005737	cytoplasm
gst-8	GO:0005575		
gst-9	GO:0005737	GO:0005737	cytoplasm
gst-9	GO:0005575		
gstk-1	GO:0005737	GO:0005737	cytoplasm
gstk-1	GO:0005739	GO:0005739	mitochondrion
gstk-1	GO:0005777	GO:0005777	peroxisome
gstk-2	GO:0005737	GO:0005737	cytoplasm
gstk-2	GO:0005739	GO:0005739	mitochondrion
gstk-2	GO:0005777	GO:0005777	peroxisome
gsto-1	GO:0005737	GO:0005737	cytoplasm
gsto-2	GO:0005737	GO:0005737	cytoplasm
gsto-3	GO:0005737	GO:0005737	cytoplasm
gsy-1	GO:0005737	GO:0005737	cytoplasm
gta-1	GO:0005739	GO:0005739	mitochondrion
gta-1	GO:0005759		
gtf-2E2	GO:0005634	GO:0005634	nucleus
gtf-2E2	GO:0005673	GO:0032991	protein-containing complex
gtf-2H5	GO:0005634	GO:0005634	nucleus
gtf-2H5	GO:0005694	GO:0005694	chromosome
gtf-2H5	GO:0000439;GO:0005675	GO:0032991	protein-containing complex
gtl-1	GO:0005886	GO:0005886	plasma membrane
gtl-1	GO:0016020	GO:0016020	membrane
gtl-2	GO:0005886	GO:0005886	plasma membrane
gtl-2	GO:0009925;GO:0016020	GO:0016020	membrane
guk-1	GO:0005829	GO:0005829	cytosol
gyf-1	GO:0005829	GO:0005829	cytosol
gyg-1	GO:0005634	GO:0005634	nucleus
gyg-1	GO:0005737	GO:0005737	cytoplasm
gyg-1	GO:0055120		
gyg-2	GO:0005737	GO:0005737	cytoplasm
haao-1	GO:0005737	GO:0005737	cytoplasm
hach-1	GO:0005739	GO:0005739	mitochondrion
hadb-1	GO:0005739	GO:0005739	mitochondrion
hadb-1	GO:0016507	GO:0032991	protein-containing complex
haf-7	GO:0016020	GO:0016020	membrane
haf-8	GO:0016020	GO:0016020	membrane
haly-1	GO:0005737	GO:0005737	cytoplasm
ham-1	GO:0005634	GO:0005634	nucleus
ham-1	GO:0005737;GO:0005938	GO:0005737	cytoplasm
ham-3	GO:0005634	GO:0005634	nucleus
ham-3	GO:0016514	GO:0032991	protein-containing complex
hap-1	GO:0005737	GO:0005737	cytoplasm
har-1	GO:0005634	GO:0005634	nucleus
har-1	GO:0005737	GO:0005737	cytoplasm
har-1	GO:0005739	GO:0005739	mitochondrion
har-1	GO:0055120		
hars-1	GO:0005737	GO:0005737	cytoplasm
hars-1	GO:0005739	GO:0005739	mitochondrion
hars-1	GO:0005829	GO:0005829	cytosol
hbs-1	GO:0005737	GO:0005737	cytoplasm
hcf-1	GO:0005634	GO:0005634	nucleus
hcf-1	GO:0005667;GO:0035097	GO:0032991	protein-containing complex
hcp-6	GO:0005634	GO:0005634	nucleus
hcp-6	GO:0005654	GO:0005654	nucleoplasm
hcp-6	GO:0000793;GO:0005694	GO:0005694	chromosome
hcp-6	GO:0000796	GO:0032991	protein-containing complex
hcp-6	GO:0000775;GO:0000779		
hda-1	GO:0005634;GO:0043073	GO:0005634	nucleus
hda-1	GO:0005694	GO:0005694	chromosome
hda-1	GO:0005737	GO:0005737	cytoplasm
hda-1	GO:0000118;GO:0016581	GO:0032991	protein-containing complex
hda-1	GO:0000785		
hda-2	GO:0005634	GO:0005634	nucleus
hda-2	GO:0000118;GO:0016581	GO:0032991	protein-containing complex
hda-3	GO:0005634	GO:0005634	nucleus
hda-3	GO:0000118;GO:0016581	GO:0032991	protein-containing complex
hda-4	GO:0005634	GO:0005634	nucleus
hda-4	GO:0005737	GO:0005737	cytoplasm
hda-4	GO:0000118	GO:0032991	protein-containing complex
hda-6	GO:0005634	GO:0005634	nucleus
hda-6	GO:0005737	GO:0005737	cytoplasm
hda-6	GO:0000118	GO:0032991	protein-containing complex
hecd-1	GO:0016607	GO:0043226	organelle
hecw-1	GO:0005737	GO:0005737	cytoplasm
heh-1	GO:0005576	GO:0005576	extracellular region
hel-1	GO:0005634	GO:0005634	nucleus
hel-1	GO:0005667;GO:0005681	GO:0032991	protein-containing complex
hex-1	GO:0005764	GO:0005764	lysosome
hex-1	GO:0016020	GO:0016020	membrane
hgo-1	GO:0005737	GO:0005737	cytoplasm
hgo-1	GO:0055120		
hhat-1	GO:0005783	GO:0005783	endoplasmic reticulum
hhat-1	GO:0016020	GO:0016020	membrane
hhat-2	GO:0005783	GO:0005783	endoplasmic reticulum
hhat-2	GO:0016020	GO:0016020	membrane
hid-1	GO:0005829	GO:0005829	cytosol
hid-1	GO:0016020	GO:0016020	membrane
hid-1	GO:0043005	GO:0043005	neuron projection
hid-1	GO:0000138;GO:0005797		
hif-1	GO:0005634	GO:0005634	nucleus
hif-1	GO:0005667	GO:0032991	protein-containing complex
hil-3	GO:0005634	GO:0005634	nucleus
hil-3	GO:0005694	GO:0005694	chromosome
hil-3	GO:0000786	GO:0032991	protein-containing complex
hil-4	GO:0005634	GO:0005634	nucleus
hil-4	GO:0005694	GO:0005694	chromosome
hil-4	GO:0000786	GO:0032991	protein-containing complex
hil-5	GO:0005634	GO:0005634	nucleus
hil-5	GO:0005694	GO:0005694	chromosome
hil-5	GO:0000786	GO:0032991	protein-containing complex
hil-6	GO:0005634	GO:0005634	nucleus
hil-6	GO:0005694	GO:0005694	chromosome
hil-6	GO:0000786	GO:0032991	protein-containing complex
him-1	GO:0005634	GO:0005634	nucleus
him-1	GO:0005694	GO:0005694	chromosome
him-1	GO:0000444;GO:0008278;GO:0032991	GO:0032991	protein-containing complex
him-1	GO:0000785		
him-10	GO:0005634	GO:0005634	nucleus
him-10	GO:0005694	GO:0005694	chromosome
him-10	GO:0031262	GO:0032991	protein-containing complex
him-10	GO:0000776	GO:0043226	organelle
him-10	GO:0000775;GO:0005874		
him-14	GO:0005634	GO:0005634	nucleus
him-4	GO:0005576	GO:0005576	extracellular region
him-4	GO:0005886	GO:0005886	plasma membrane
him-4	GO:0016020	GO:0016020	membrane
him-4	GO:0005912	GO:0030054	cell junction
him-4	GO:0005604;GO:0031012	GO:0031012	extracellular matrix
him-6	GO:0005634	GO:0005634	nucleus
him-6	GO:0005694	GO:0005694	chromosome
him-6	GO:0005737	GO:0005737	cytoplasm
hint-1	GO:0005634	GO:0005634	nucleus
hint-1	GO:0005737	GO:0005737	cytoplasm
hira-1	GO:0005634	GO:0005634	nucleus
hira-1	GO:0000417	GO:0032991	protein-containing complex
hira-1	GO:0000785		
his-12	GO:0000786	GO:0032991	protein-containing complex
his-16	GO:0000786	GO:0032991	protein-containing complex
his-19	GO:0000786	GO:0032991	protein-containing complex
his-21	GO:0000786	GO:0032991	protein-containing complex
his-3	GO:0000786	GO:0032991	protein-containing complex
his-30	GO:0000786	GO:0032991	protein-containing complex
his-33	GO:0000786	GO:0032991	protein-containing complex
his-35	GO:0005634	GO:0005634	nucleus
his-35	GO:0005694	GO:0005694	chromosome
his-35	GO:0000786	GO:0032991	protein-containing complex
his-43	GO:0000786	GO:0032991	protein-containing complex
his-47	GO:0000786	GO:0032991	protein-containing complex
his-51	GO:0000786	GO:0032991	protein-containing complex
his-53	GO:0000786	GO:0032991	protein-containing complex
his-57	GO:0005634	GO:0005634	nucleus
his-57	GO:0005694	GO:0005694	chromosome
his-57	GO:0000786	GO:0032991	protein-containing complex
his-61	GO:0000786	GO:0032991	protein-containing complex
his-65	GO:0000786	GO:0032991	protein-containing complex
his-68	GO:0000786	GO:0032991	protein-containing complex
his-7	GO:0005634	GO:0005634	nucleus
his-7	GO:0005694	GO:0005694	chromosome
his-7	GO:0000786	GO:0032991	protein-containing complex
his-71	GO:0005634	GO:0005634	nucleus
his-71	GO:0005694	GO:0005694	chromosome
his-71	GO:0000786	GO:0032991	protein-containing complex
his-72	GO:0005634	GO:0005634	nucleus
his-72	GO:0005694	GO:0005694	chromosome
his-72	GO:0000786	GO:0032991	protein-containing complex
hlh-1	GO:0005634	GO:0005634	nucleus
hlh-10	GO:0005634	GO:0005634	nucleus
hlh-10	GO:0005737	GO:0005737	cytoplasm
hlh-13	GO:0005634	GO:0005634	nucleus
hlh-13	GO:0005737	GO:0005737	cytoplasm
hlh-14	GO:0005634	GO:0005634	nucleus
hlh-14	GO:0090575	GO:0032991	protein-containing complex
hlh-15	GO:0005634	GO:0005634	nucleus
hlh-2	GO:0005634	GO:0005634	nucleus
hlh-2	GO:0005737	GO:0005737	cytoplasm
hlh-2	GO:0090575	GO:0032991	protein-containing complex
hlh-3	GO:0005634	GO:0005634	nucleus
hlh-3	GO:0090575	GO:0032991	protein-containing complex
hlh-30	GO:0005634	GO:0005634	nucleus
hlh-30	GO:0005737	GO:0005737	cytoplasm
hlh-34	GO:0005634	GO:0005634	nucleus
hlh-8	GO:0005634	GO:0005634	nucleus
hmg-1.2	GO:0005634	GO:0005634	nucleus
hmg-11			
hmg-3	GO:0005634	GO:0005634	nucleus
hmg-3	GO:0005694	GO:0005694	chromosome
hmg-3	GO:0035101	GO:0032991	protein-containing complex
hmg-4	GO:0005634	GO:0005634	nucleus
hmg-4	GO:0005694	GO:0005694	chromosome
hmg-4	GO:0035101	GO:0032991	protein-containing complex
hmg-5	GO:0005634	GO:0005634	nucleus
hmg-5	GO:0005694	GO:0005694	chromosome
hmg-5	GO:0005739	GO:0005739	mitochondrion
hmg-5	GO:0042645	GO:0043226	organelle
hmg-5	GO:0000781		
hmgr-1	GO:0005783	GO:0005783	endoplasmic reticulum
hmgr-1	GO:0005789	GO:0016020	membrane
hmgr-1	GO:0005778	GO:0043226	organelle
hmgs-1			
hmp-1	GO:0005737	GO:0005737	cytoplasm
hmp-1	GO:0005912;GO:0043296;GO:0070161	GO:0030054	cell junction
hmp-1	GO:0016342	GO:0032991	protein-containing complex
hmp-1	GO:0071944		
hmp-2	GO:0005634	GO:0005634	nucleus
hmp-2	GO:0005737	GO:0005737	cytoplasm
hmp-2	GO:0005912;GO:0070161	GO:0030054	cell junction
hmp-2	GO:0016342	GO:0032991	protein-containing complex
hmr-1	GO:0005886	GO:0005886	plasma membrane
hmr-1	GO:0016020	GO:0016020	membrane
hmr-1	GO:0005911;GO:0005912;GO:0070161	GO:0030054	cell junction
hmr-1	GO:0016342	GO:0032991	protein-containing complex
hmr-1	GO:0042995	GO:0042995	cell projection
hmr-1	GO:0030425;GO:0150002	GO:0043005	neuron projection
hmt-1	GO:0005768;GO:0005769;GO:0005770;GO:0055037	GO:0005768	endosome
hmt-1	GO:0005773	GO:0005773	vacuole
hmt-1	GO:0005774;GO:0016020	GO:0016020	membrane
hog-1	GO:0031012	GO:0031012	extracellular matrix
hop-1	GO:0005783	GO:0005783	endoplasmic reticulum
hop-1	GO:0005794	GO:0005794	Golgi apparatus
hop-1	GO:0000139;GO:0005789;GO:0016020	GO:0016020	membrane
hop-1	GO:0070765	GO:0032991	protein-containing complex
hosl-1	GO:0005829	GO:0005829	cytosol
hpd-1	GO:0000139;GO:0005789	GO:0016020	membrane
hpk-1	GO:0005634	GO:0005634	nucleus
hpk-1	GO:0005737	GO:0005737	cytoplasm
hpl-1	GO:0005634	GO:0005634	nucleus
hpl-1	GO:0000792;GO:0005721		
hpl-2	GO:0005634	GO:0005634	nucleus
hpl-2	GO:0005694	GO:0005694	chromosome
hpl-2	GO:0034399		
hpo-12	GO:0005743;GO:0016020	GO:0016020	membrane
hpo-13	GO:0016020	GO:0016020	membrane
hpo-15	GO:0005737	GO:0005737	cytoplasm
hpo-18	GO:0005743	GO:0016020	membrane
hpo-18	GO:0045259	GO:0032991	protein-containing complex
hpo-19	GO:0005739	GO:0005739	mitochondrion
hpo-19	GO:0016020	GO:0016020	membrane
hpo-29	GO:0005737	GO:0005737	cytoplasm
hpo-29	GO:0031415	GO:0032991	protein-containing complex
hpo-31	GO:0005739	GO:0005739	mitochondrion
hpo-8	GO:0005789;GO:0016020	GO:0016020	membrane
hpo-9	GO:0005737	GO:0005737	cytoplasm
hprt-1	GO:0005737	GO:0005737	cytoplasm
hprt-1	GO:0005829	GO:0005829	cytosol
hrdl-1	GO:0005783	GO:0005783	endoplasmic reticulum
hrdl-1	GO:0005829	GO:0005829	cytosol
hrdl-1	GO:0016020	GO:0016020	membrane
hrdl-1	GO:0000151	GO:0032991	protein-containing complex
hrg-10	GO:0005794	GO:0005794	Golgi apparatus
hrg-9	GO:0005794	GO:0005794	Golgi apparatus
hrpa-1	GO:0005634	GO:0005634	nucleus
hrpa-1	GO:0005694	GO:0005694	chromosome
hrpa-1	GO:0071013;GO:1990904	GO:0032991	protein-containing complex
hrpa-1	GO:0000781;GO:0098687		
hrpc-1			
hrpf-2	GO:0005654	GO:0005654	nucleoplasm
hrpf-2	GO:1990904	GO:0032991	protein-containing complex
hrpk-1	GO:0005634	GO:0005634	nucleus
hrpk-1	GO:0005737	GO:0005737	cytoplasm
hrpl-1	GO:0005634	GO:0005634	nucleus
hrpu-1	GO:0005634	GO:0005634	nucleus
hsd-1	GO:0016020	GO:0016020	membrane
hsd-2	GO:0016020	GO:0016020	membrane
hsd-3			
hse-5	GO:0005576	GO:0005576	extracellular region
hse-5	GO:0005794	GO:0005794	Golgi apparatus
hse-5	GO:0005886	GO:0005886	plasma membrane
hse-5	GO:0016020	GO:0016020	membrane
hse-5	GO:0005604	GO:0031012	extracellular matrix
hsf-1	GO:0005634	GO:0005634	nucleus
hsf-1	GO:0005737	GO:0005737	cytoplasm
hsf-1	GO:0071203	GO:0032991	protein-containing complex
hsf-1	GO:0016604;GO:0097165	GO:0043226	organelle
hsf-1	GO:0000785		
hsp-1	GO:0005634	GO:0005634	nucleus
hsp-1	GO:0005737	GO:0005737	cytoplasm
hsp-1	GO:0005829	GO:0005829	cytosol
hsp-1	GO:0005886	GO:0005886	plasma membrane
hsp-110	GO:0005634	GO:0005634	nucleus
hsp-110	GO:0005829	GO:0005829	cytosol
hsp-12.1	GO:0005634	GO:0005634	nucleus
hsp-12.1	GO:0005737	GO:0005737	cytoplasm
hsp-12.1	GO:0055120		
hsp-12.2	GO:0005634	GO:0005634	nucleus
hsp-12.2	GO:0005737	GO:0005737	cytoplasm
hsp-12.3	GO:0005634	GO:0005634	nucleus
hsp-12.3	GO:0005737	GO:0005737	cytoplasm
hsp-12.6	GO:0005634	GO:0005634	nucleus
hsp-12.6	GO:0005737	GO:0005737	cytoplasm
hsp-16.1			
hsp-16.11	GO:0005634	GO:0005634	nucleus
hsp-16.11	GO:0005737	GO:0005737	cytoplasm
hsp-16.11	GO:0005797		
hsp-16.2	GO:0005634	GO:0005634	nucleus
hsp-16.2	GO:0005737	GO:0005737	cytoplasm
hsp-16.20	GO:0005634	GO:0005634	nucleus
hsp-16.20	GO:0005737	GO:0005737	cytoplasm
hsp-16.21	GO:0005634	GO:0005634	nucleus
hsp-16.21	GO:0005737	GO:0005737	cytoplasm
hsp-16.41	GO:0005634	GO:0005634	nucleus
hsp-16.41	GO:0005737	GO:0005737	cytoplasm
hsp-16.48			
hsp-16.49	GO:0005634	GO:0005634	nucleus
hsp-16.49	GO:0005737	GO:0005737	cytoplasm
hsp-17	GO:0005634	GO:0005634	nucleus
hsp-17	GO:0005737	GO:0005737	cytoplasm
hsp-25	GO:0005634	GO:0005634	nucleus
hsp-25	GO:0005737	GO:0005737	cytoplasm
hsp-25	GO:0031430;GO:0055120		
hsp-3	GO:0005634	GO:0005634	nucleus
hsp-3	GO:0005737	GO:0005737	cytoplasm
hsp-3	GO:0005783	GO:0005783	endoplasmic reticulum
hsp-3	GO:0016020	GO:0016020	membrane
hsp-3	GO:0034663	GO:0032991	protein-containing complex
hsp-3	GO:0005788		
hsp-4	GO:0005634	GO:0005634	nucleus
hsp-4	GO:0005737	GO:0005737	cytoplasm
hsp-4	GO:0005783;GO:0005791	GO:0005783	endoplasmic reticulum
hsp-4	GO:0016020	GO:0016020	membrane
hsp-4	GO:0034663	GO:0032991	protein-containing complex
hsp-4	GO:0005788		
hsp-43	GO:0005634	GO:0005634	nucleus
hsp-43	GO:0005737	GO:0005737	cytoplasm
hsp-6	GO:0005737	GO:0005737	cytoplasm
hsp-6	GO:0005739	GO:0005739	mitochondrion
hsp-60	GO:0005739	GO:0005739	mitochondrion
hsp-60	GO:0005743	GO:0016020	membrane
hsp-60	GO:0005759		
hsp-90	GO:0005737	GO:0005737	cytoplasm
hsp-90	GO:0005829	GO:0005829	cytosol
hsp-90	GO:0005886	GO:0005886	plasma membrane
hsp-90	GO:0045121	GO:0016020	membrane
hsp-90	GO:0008287;GO:0032991;GO:0101031;GO:1990565	GO:0032991	protein-containing complex
hsp-90	GO:0048471		
hsr-9	GO:0005634	GO:0005634	nucleus
hst-1	GO:0005794	GO:0005794	Golgi apparatus
hst-1	GO:0000139;GO:0016020	GO:0016020	membrane
hst-3.2	GO:0005796		
hst-6	GO:0016020	GO:0016020	membrane
htt-1	GO:0031410	GO:0031410	cytoplasmic vesicle
hum-1	GO:0005737	GO:0005737	cytoplasm
hum-1	GO:0015629	GO:0005856	cytoskeleton
hum-1	GO:0005886	GO:0005886	plasma membrane
hum-1	GO:0016459	GO:0032991	protein-containing complex
hum-1	GO:0005902	GO:0042995	cell projection
hum-2	GO:0005737	GO:0005737	cytoplasm
hum-2	GO:0015629	GO:0005856	cytoskeleton
hum-2	GO:0016020	GO:0016020	membrane
hum-2	GO:0016459	GO:0032991	protein-containing complex
hum-4	GO:0005737	GO:0005737	cytoplasm
hum-4	GO:0005856;GO:0015629	GO:0005856	cytoskeleton
hum-4	GO:0016020	GO:0016020	membrane
hum-4	GO:0016459	GO:0032991	protein-containing complex
hum-4	GO:0098858;GO:0120025	GO:0042995	cell projection
hum-6	GO:0005737	GO:0005737	cytoplasm
hum-6	GO:0005856;GO:0015629	GO:0005856	cytoskeleton
hum-6	GO:0016020	GO:0016020	membrane
hum-6	GO:0016459;GO:0016461;GO:0031476	GO:0032991	protein-containing complex
hum-6	GO:0005902	GO:0042995	cell projection
hum-7	GO:0005737	GO:0005737	cytoplasm
hum-7	GO:0016459	GO:0032991	protein-containing complex
hum-7	GO:0005884		
hum-8	GO:0005737	GO:0005737	cytoplasm
hum-8	GO:0015629	GO:0005856	cytoskeleton
hum-8	GO:0005886	GO:0005886	plasma membrane
hum-8	GO:0030139	GO:0031410	cytoplasmic vesicle
hum-8	GO:0016459	GO:0032991	protein-containing complex
hxk-1	GO:0005739	GO:0005739	mitochondrion
hxk-1	GO:0005829	GO:0005829	cytosol
hxk-2	GO:0005739	GO:0005739	mitochondrion
hxk-2	GO:0005829	GO:0005829	cytosol
hxk-3	GO:0005739	GO:0005739	mitochondrion
hxk-3	GO:0005829	GO:0005829	cytosol
hyl-1	GO:0005789;GO:0016020	GO:0016020	membrane
hyl-1	GO:0030424	GO:0043005	neuron projection
hyl-2	GO:0016020	GO:0016020	membrane
hyls-1	GO:0005737	GO:0005737	cytoplasm
hyls-1	GO:0005856	GO:0005856	cytoskeleton
hyls-1	GO:0005929;GO:0097730	GO:0005929	cilium
hyls-1	GO:0042995	GO:0042995	cell projection
hyls-1	GO:0005814	GO:0043226	organelle
iars-2	GO:0005739	GO:0005739	mitochondrion
icpp-55	GO:0005739	GO:0005739	mitochondrion
ida-1	GO:0016020;GO:0030659	GO:0016020	membrane
ida-1	GO:0030140;GO:0030141;GO:0031045;GO:0031410	GO:0031410	cytoplasmic vesicle
ida-1	GO:0042995	GO:0042995	cell projection
ida-1	GO:0030424;GO:0030425	GO:0043005	neuron projection
ida-1	GO:0045202	GO:0045202	synapse
ida-1	GO:0043204		
idh-1	GO:0005739	GO:0005739	mitochondrion
idh-1	GO:0005777	GO:0005777	peroxisome
idh-1	GO:0005829	GO:0005829	cytosol
idh-2	GO:0005739	GO:0005739	mitochondrion
idha-1	GO:0005739	GO:0005739	mitochondrion
idhb-1	GO:0005739	GO:0005739	mitochondrion
idhg-1	GO:0005739	GO:0005739	mitochondrion
idhg-2	GO:0005739	GO:0005739	mitochondrion
idi-1	GO:0005737	GO:0005737	cytoplasm
ifa-1	GO:0005737	GO:0005737	cytoplasm
ifa-1	GO:0005652;GO:0005882		
ifa-3	GO:0005737	GO:0005737	cytoplasm
ifa-3	GO:0005652;GO:0005882		
ifa-4	GO:0005737	GO:0005737	cytoplasm
ifa-4	GO:0005652;GO:0005882		
ifb-1	GO:0005737	GO:0005737	cytoplasm
ifb-1	GO:0016324	GO:0016020	membrane
ifb-1	GO:0005652;GO:0005882		
ifb-2	GO:0005737;GO:0045179	GO:0005737	cytoplasm
ifb-2	GO:1990357	GO:0005856	cytoskeleton
ifb-2	GO:0030054	GO:0030054	cell junction
ifb-2	GO:0005652;GO:0005882		
ifbp-1	GO:0005634	GO:0005634	nucleus
ifc-1	GO:0005737	GO:0005737	cytoplasm
ifc-1	GO:0005652;GO:0005882		
ifc-2	GO:0005737	GO:0005737	cytoplasm
ifc-2	GO:0030054;GO:0030057	GO:0030054	cell junction
ifc-2	GO:0005652;GO:0005882		
ifd-1	GO:0005737	GO:0005737	cytoplasm
ifd-1	GO:0005652;GO:0005882		
ifd-2	GO:0005737	GO:0005737	cytoplasm
ifd-2	GO:0005652;GO:0005882		
ife-1	GO:0005737	GO:0005737	cytoplasm
ife-1	GO:0016281	GO:0032991	protein-containing complex
ife-1	GO:0043186	GO:0043226	organelle
ife-2	GO:0016281	GO:0032991	protein-containing complex
ife-2	GO:0010494	GO:0043226	organelle
ife-3	GO:0005737	GO:0005737	cytoplasm
ife-3	GO:0016281;GO:0034518;GO:0070992	GO:0032991	protein-containing complex
ife-3	GO:0048471		
ife-5	GO:0016281	GO:0032991	protein-containing complex
iff-1	GO:0005737	GO:0005737	cytoplasm
iff-2	GO:0005737	GO:0005737	cytoplasm
ifg-1	GO:0005829	GO:0005829	cytosol
ifg-1	GO:0016281	GO:0032991	protein-containing complex
ift-139	GO:0005737	GO:0005737	cytoplasm
ift-139	GO:0005856	GO:0005856	cytoskeleton
ift-139	GO:0005929	GO:0005929	cilium
ift-139	GO:0030991	GO:0032991	protein-containing complex
ift-139	GO:0042995	GO:0042995	cell projection
ift-139	GO:0030425	GO:0043005	neuron projection
ift-74	GO:0005929;GO:0097730	GO:0005929	cilium
ift-74	GO:0030992	GO:0032991	protein-containing complex
ift-81	GO:0005737	GO:0005737	cytoplasm
ift-81	GO:0005815;GO:0036064	GO:0005815	microtubule organizing center
ift-81	GO:0005856	GO:0005856	cytoskeleton
ift-81	GO:0005929;GO:0097730	GO:0005929	cilium
ift-81	GO:0030992	GO:0032991	protein-containing complex
ift-81	GO:0042995	GO:0042995	cell projection
ifta-1	GO:0005737	GO:0005737	cytoplasm
ifta-1	GO:0036064	GO:0005815	microtubule organizing center
ifta-1	GO:0005856	GO:0005856	cytoskeleton
ifta-1	GO:0005929;GO:0097730	GO:0005929	cilium
ifta-1	GO:0030991	GO:0032991	protein-containing complex
ifta-1	GO:0042995	GO:0042995	cell projection
ifta-1	GO:0005930		
igcm-2	GO:0005886	GO:0005886	plasma membrane
igcm-2	GO:0016020	GO:0016020	membrane
igcm-2	GO:0005911	GO:0030054	cell junction
igcm-4	GO:0016020	GO:0016020	membrane
igdb-2	GO:0005886	GO:0005886	plasma membrane
igdb-2	GO:0016020	GO:0016020	membrane
igdb-2	GO:0031430		
iglr-1	GO:0016020	GO:0016020	membrane
ilcr-1	GO:0005886	GO:0005886	plasma membrane
ilcr-1	GO:0016020	GO:0016020	membrane
ilcr-1	GO:0043235;GO:0098797	GO:0032991	protein-containing complex
ilcr-2	GO:0005886	GO:0005886	plasma membrane
ilcr-2	GO:0016020	GO:0016020	membrane
ilcr-2	GO:0043235;GO:0098797	GO:0032991	protein-containing complex
ile-1	GO:0000139;GO:0005789;GO:0016020;GO:0033116	GO:0016020	membrane
ile-1	GO:0030134	GO:0031410	cytoplasmic vesicle
ile-1	GO:0005793	GO:0043226	organelle
ile-1	GO:0012505		
ile-2	GO:0005794	GO:0005794	Golgi apparatus
ile-2	GO:0000139;GO:0005789;GO:0016020	GO:0016020	membrane
ile-2	GO:0030134	GO:0031410	cytoplasmic vesicle
ile-2	GO:0005793	GO:0043226	organelle
ile-2	GO:0012505		
ima-3	GO:0005634	GO:0005634	nucleus
ima-3	GO:0005635	GO:0005635	nuclear envelope
ima-3	GO:0005654	GO:0005654	nucleoplasm
ima-3	GO:0005737	GO:0005737	cytoplasm
ima-3	GO:0005643	GO:0032991	protein-containing complex
imb-2	GO:0005634	GO:0005634	nucleus
imb-2	GO:0005737	GO:0005737	cytoplasm
imb-3	GO:0005634	GO:0005634	nucleus
imb-3	GO:0005737	GO:0005737	cytoplasm
imp-1	GO:0005886	GO:0005886	plasma membrane
imp-1	GO:0005765;GO:0005789;GO:0016020;GO:0030660	GO:0016020	membrane
imp-1	GO:0012505;GO:0098553;GO:0098554		
imph-1	GO:0005634	GO:0005634	nucleus
imph-1	GO:0005737	GO:0005737	cytoplasm
imph-1	GO:0005829	GO:0005829	cytosol
ina-1	GO:0005886	GO:0005886	plasma membrane
ina-1	GO:0016020;GO:0030670	GO:0016020	membrane
ina-1	GO:0031410	GO:0031410	cytoplasmic vesicle
ina-1	GO:0008305	GO:0032991	protein-containing complex
ina-1	GO:0042995	GO:0042995	cell projection
ina-1	GO:0001891;GO:0009986		
inf-1	GO:0010494;GO:0043186	GO:0043226	organelle
ing-3	GO:0005634	GO:0005634	nucleus
ing-3	GO:0035267	GO:0032991	protein-containing complex
inos-1	GO:0005737	GO:0005737	cytoplasm
inpp-1	GO:0005737	GO:0005737	cytoplasm
inpp-1	GO:0005886	GO:0005886	plasma membrane
inpp-1	GO:0001726	GO:0042995	cell projection
inpp-1	GO:0043005	GO:0043005	neuron projection
inpp-5K	GO:0005634	GO:0005634	nucleus
inpp-5K	GO:0005737	GO:0005737	cytoplasm
inpp-5K	GO:0097730	GO:0005929	cilium
inpp-5K	GO:0016020	GO:0016020	membrane
inpp-5K	GO:0030424;GO:0030425	GO:0043005	neuron projection
inpp-5K	GO:0043025;GO:0098793		
ins-1	GO:0005576	GO:0005576	extracellular region
ins-1	GO:0031410	GO:0031410	cytoplasmic vesicle
ins-1	GO:0043005	GO:0043005	neuron projection
ins-1	GO:0045202	GO:0045202	synapse
ins-1	GO:0043025		
insc-1	GO:0045179	GO:0005737	cytoplasm
inso-1	GO:0005737	GO:0005737	cytoplasm
inso-1	GO:0030054	GO:0030054	cell junction
inso-1	GO:0031463	GO:0032991	protein-containing complex
inso-1	GO:0055120		
ints-1	GO:0032039	GO:0032991	protein-containing complex
ints-11	GO:0005634	GO:0005634	nucleus
ints-11	GO:0005737	GO:0005737	cytoplasm
inx-1	GO:0005886	GO:0005886	plasma membrane
inx-1	GO:0016020	GO:0016020	membrane
inx-1	GO:0005921;GO:0070161	GO:0030054	cell junction
inx-10	GO:0005886	GO:0005886	plasma membrane
inx-10	GO:0016020	GO:0016020	membrane
inx-10	GO:0005921;GO:0070161	GO:0030054	cell junction
inx-11	GO:0005886	GO:0005886	plasma membrane
inx-11	GO:0016020	GO:0016020	membrane
inx-11	GO:0005921;GO:0070161	GO:0030054	cell junction
inx-12	GO:0005886	GO:0005886	plasma membrane
inx-12	GO:0016020	GO:0016020	membrane
inx-12	GO:0005921;GO:0070161	GO:0030054	cell junction
inx-13	GO:0005886	GO:0005886	plasma membrane
inx-13	GO:0016020	GO:0016020	membrane
inx-13	GO:0005921;GO:0070161	GO:0030054	cell junction
inx-15	GO:0005886	GO:0005886	plasma membrane
inx-15	GO:0016020	GO:0016020	membrane
inx-15	GO:0005921;GO:0070161	GO:0030054	cell junction
inx-16	GO:0005886	GO:0005886	plasma membrane
inx-16	GO:0016020	GO:0016020	membrane
inx-16	GO:0005921;GO:0070161	GO:0030054	cell junction
inx-17	GO:0005886	GO:0005886	plasma membrane
inx-17	GO:0016020	GO:0016020	membrane
inx-17	GO:0005921;GO:0070161	GO:0030054	cell junction
inx-18	GO:0005886	GO:0005886	plasma membrane
inx-18	GO:0016020	GO:0016020	membrane
inx-18	GO:0005921;GO:0070161	GO:0030054	cell junction
inx-19	GO:0005886	GO:0005886	plasma membrane
inx-19	GO:0016020	GO:0016020	membrane
inx-19	GO:0005921;GO:0070161	GO:0030054	cell junction
inx-19	GO:0032809		
inx-2	GO:0005886	GO:0005886	plasma membrane
inx-2	GO:0016020	GO:0016020	membrane
inx-2	GO:0005921;GO:0070161	GO:0030054	cell junction
inx-20	GO:0005886	GO:0005886	plasma membrane
inx-20	GO:0016020	GO:0016020	membrane
inx-20	GO:0005921;GO:0070161	GO:0030054	cell junction
inx-3	GO:0005737	GO:0005737	cytoplasm
inx-3	GO:0005886	GO:0005886	plasma membrane
inx-3	GO:0016020	GO:0016020	membrane
inx-3	GO:0005921;GO:0070161	GO:0030054	cell junction
inx-5	GO:0005886	GO:0005886	plasma membrane
inx-5	GO:0016020	GO:0016020	membrane
inx-5	GO:0005921;GO:0070161	GO:0030054	cell junction
inx-7	GO:0005886	GO:0005886	plasma membrane
inx-7	GO:0016020	GO:0016020	membrane
inx-7	GO:0005921;GO:0070161	GO:0030054	cell junction
inx-8	GO:0005886	GO:0005886	plasma membrane
inx-8	GO:0016020	GO:0016020	membrane
inx-8	GO:0005921;GO:0070161	GO:0030054	cell junction
inx-9	GO:0005886	GO:0005886	plasma membrane
inx-9	GO:0016020	GO:0016020	membrane
inx-9	GO:0005921;GO:0070161	GO:0030054	cell junction
ipla-1	GO:0005634	GO:0005634	nucleus
ipla-1	GO:0005737	GO:0005737	cytoplasm
ipla-1	GO:0005783	GO:0005783	endoplasmic reticulum
ipla-1	GO:0005829	GO:0005829	cytosol
ipla-1	GO:1903293	GO:0032991	protein-containing complex
ipla-2	GO:0005737	GO:0005737	cytoplasm
ipla-3	GO:0005737	GO:0005737	cytoplasm
ire-1	GO:0005783	GO:0005783	endoplasmic reticulum
ire-1	GO:0005789;GO:0016020	GO:0016020	membrane
ire-1	GO:0043025;GO:0098793		
irk-1	GO:0005886	GO:0005886	plasma membrane
irk-1	GO:0016020	GO:0016020	membrane
irk-1	GO:0034702	GO:0032991	protein-containing complex
irk-1	GO:0042995	GO:0042995	cell projection
irk-1	GO:0043005	GO:0043005	neuron projection
irk-1	GO:0043025;GO:0043204		
irk-2	GO:0005886	GO:0005886	plasma membrane
irk-2	GO:0016020	GO:0016020	membrane
irk-2	GO:0034702	GO:0032991	protein-containing complex
irk-3	GO:0005886	GO:0005886	plasma membrane
irk-3	GO:0016020	GO:0016020	membrane
irk-3	GO:0034702	GO:0032991	protein-containing complex
irx-1	GO:0005634	GO:0005634	nucleus
iscu-1	GO:0005737	GO:0005737	cytoplasm
iscu-1	GO:0005759		
isp-1	GO:0005739	GO:0005739	mitochondrion
isp-1	GO:0005743;GO:0016020	GO:0016020	membrane
isp-1	GO:0045275	GO:0032991	protein-containing complex
isw-1	GO:0005634	GO:0005634	nucleus
isw-1	GO:0000785		
itm-2	GO:0005794	GO:0005794	Golgi apparatus
itm-2	GO:0005886	GO:0005886	plasma membrane
itm-2	GO:0016020	GO:0016020	membrane
itr-1	GO:0005783;GO:0016529	GO:0005783	endoplasmic reticulum
itr-1	GO:0005886	GO:0005886	plasma membrane
itr-1	GO:0005789;GO:0016020;GO:0030667	GO:0016020	membrane
itsn-1	GO:0005737	GO:0005737	cytoplasm
itsn-1	GO:0005886	GO:0005886	plasma membrane
itsn-1	GO:0036062;GO:0042734	GO:0016020	membrane
itsn-1	GO:0030139	GO:0031410	cytoplasmic vesicle
itsn-1	GO:0097708	GO:0043226	organelle
ivd-1	GO:0005739	GO:0005739	mitochondrion
ivns-1	GO:0005737	GO:0005737	cytoplasm
ivns-1	GO:0031463	GO:0032991	protein-containing complex
jac-1	GO:0005634	GO:0005634	nucleus
jac-1	GO:0005737	GO:0005737	cytoplasm
jac-1	GO:0005886	GO:0005886	plasma membrane
jac-1	GO:0005912;GO:0070161	GO:0030054	cell junction
jac-1	GO:0016342	GO:0032991	protein-containing complex
jbts-14	GO:0036064	GO:0005815	microtubule organizing center
jbts-14	GO:0005929	GO:0005929	cilium
jbts-14	GO:0016020	GO:0016020	membrane
jbts-14	GO:0042995	GO:0042995	cell projection
jbts-14	GO:0035869		
jhdm-1	GO:0005634	GO:0005634	nucleus
jip-1	GO:0005737	GO:0005737	cytoplasm
jkk-1	GO:0005737	GO:0005737	cytoplasm
jkk-1	GO:0042995	GO:0042995	cell projection
jkk-1	GO:0030424	GO:0043005	neuron projection
jkk-1	GO:0043025;GO:0043204		
jmjc-1	GO:0005634	GO:0005634	nucleus
jmjc-1	GO:0005730	GO:0005730	nucleolus
jmjd-1.1	GO:0005634	GO:0005634	nucleus
jmjd-1.2	GO:0005634	GO:0005634	nucleus
jmjd-2	GO:0005634	GO:0005634	nucleus
jmjd-2	GO:0000785		
jmjd-3.2	GO:0005634	GO:0005634	nucleus
jmjd-3.2	GO:0044666	GO:0032991	protein-containing complex
jmjd-5	GO:0005634	GO:0005634	nucleus
jnk-1	GO:0005634	GO:0005634	nucleus
jnk-1	GO:0005737	GO:0005737	cytoplasm
jnk-1	GO:0042995	GO:0042995	cell projection
jnk-1	GO:0030424	GO:0043005	neuron projection
jnk-1	GO:0036477;GO:0043025;GO:0043204		
jph-1	GO:0005783	GO:0005783	endoplasmic reticulum
jph-1	GO:0005886	GO:0005886	plasma membrane
jph-1	GO:0005789;GO:0016020	GO:0016020	membrane
jph-1	GO:0030314	GO:0032991	protein-containing complex
jph-1	GO:0012505		
jun-1	GO:0005634	GO:0005634	nucleus
jun-1	GO:0005667	GO:0032991	protein-containing complex
kal-1	GO:0005576	GO:0005576	extracellular region
kal-1	GO:0009986		
kars-1	GO:0005737	GO:0005737	cytoplasm
kars-1	GO:0005739	GO:0005739	mitochondrion
kars-1	GO:0017101	GO:0032991	protein-containing complex
kat-1	GO:0005739	GO:0005739	mitochondrion
kcc-2	GO:0005886	GO:0005886	plasma membrane
kcc-2	GO:0016020	GO:0016020	membrane
kcc-2	GO:0045202	GO:0045202	synapse
kcnl-1	GO:0005886	GO:0005886	plasma membrane
kcnl-1	GO:0016020	GO:0016020	membrane
kcnl-1	GO:0043005	GO:0043005	neuron projection
kcnl-1	GO:0043025		
kcnl-2	GO:0005886	GO:0005886	plasma membrane
kcnl-2	GO:0016020	GO:0016020	membrane
kcnl-2	GO:0043005	GO:0043005	neuron projection
kcnl-2	GO:0043025		
kcnl-3	GO:0005886	GO:0005886	plasma membrane
kcnl-3	GO:0016020	GO:0016020	membrane
kcnl-3	GO:0043005	GO:0043005	neuron projection
kcnl-3	GO:0043025		
kcnl-4	GO:0005886	GO:0005886	plasma membrane
kcnl-4	GO:0016020	GO:0016020	membrane
kcnl-4	GO:0043005	GO:0043005	neuron projection
kcnl-4	GO:0043025		
kdp-1	GO:0005635	GO:0005635	nuclear envelope
kdp-1	GO:0005737	GO:0005737	cytoplasm
kdp-1	GO:0005739	GO:0005739	mitochondrion
kdp-1	GO:0016020	GO:0016020	membrane
kel-1	GO:0005737	GO:0005737	cytoplasm
kel-1	GO:0031463	GO:0032991	protein-containing complex
kel-10	GO:0005737	GO:0005737	cytoplasm
kel-10	GO:0031463	GO:0032991	protein-containing complex
ketn-1	GO:0005737	GO:0005737	cytoplasm
ketn-1	GO:0005856	GO:0005856	cytoskeleton
ketn-1	GO:0030017;GO:0031674		
kin-1	GO:0005634	GO:0005634	nucleus
kin-1	GO:0005829	GO:0005829	cytosol
kin-1	GO:0005952	GO:0032991	protein-containing complex
kin-10	GO:0005634	GO:0005634	nucleus
kin-10	GO:0005737	GO:0005737	cytoplasm
kin-10	GO:0005929;GO:0097730	GO:0005929	cilium
kin-10	GO:0005956	GO:0032991	protein-containing complex
kin-10	GO:0042995	GO:0042995	cell projection
kin-10	GO:0030424;GO:0030425	GO:0043005	neuron projection
kin-10	GO:0043025;GO:0043204		
kin-14	GO:0005886	GO:0005886	plasma membrane
kin-18	GO:0005737;GO:0005938	GO:0005737	cytoplasm
kin-18	GO:0005856	GO:0005856	cytoskeleton
kin-19	GO:0005634	GO:0005634	nucleus
kin-19	GO:0005737	GO:0005737	cytoplasm
kin-19	GO:0005813	GO:0005815	microtubule organizing center
kin-2	GO:0005737	GO:0005737	cytoplasm
kin-2	GO:0005829	GO:0005829	cytosol
kin-2	GO:0016020	GO:0016020	membrane
kin-2	GO:0005952	GO:0032991	protein-containing complex
kin-20	GO:0005634	GO:0005634	nucleus
kin-20	GO:0005694	GO:0005694	chromosome
kin-20	GO:0005737	GO:0005737	cytoplasm
kin-20	GO:0005912;GO:0070161	GO:0030054	cell junction
kin-20	GO:0000775		
kin-21	GO:0005886	GO:0005886	plasma membrane
kin-24	GO:0005886	GO:0005886	plasma membrane
kin-26	GO:0005886	GO:0005886	plasma membrane
kin-3	GO:0005634	GO:0005634	nucleus
kin-3	GO:0005829	GO:0005829	cytosol
kin-3	GO:0005929;GO:0097730	GO:0005929	cilium
kin-3	GO:0005956	GO:0032991	protein-containing complex
kin-3	GO:0042995	GO:0042995	cell projection
kin-3	GO:0030424;GO:0030425	GO:0043005	neuron projection
kin-3	GO:0043025;GO:0043204		
kin-32	GO:0005886	GO:0005886	plasma membrane
kin-32	GO:0005925;GO:0030054	GO:0030054	cell junction
kin-33			
kin-34			
kin-4	GO:0005737	GO:0005737	cytoplasm
kin-4	GO:0015630	GO:0005856	cytoskeleton
kin-5	GO:0005886	GO:0005886	plasma membrane
klc-1	GO:0005737	GO:0005737	cytoplasm
klc-1	GO:0005856	GO:0005856	cytoskeleton
klc-1	GO:0005871;GO:0016938	GO:0032991	protein-containing complex
klc-1	GO:0005874		
klc-2	GO:0005634	GO:0005634	nucleus
klc-2	GO:0005635	GO:0005635	nuclear envelope
klc-2	GO:0005737	GO:0005737	cytoplasm
klc-2	GO:0005856	GO:0005856	cytoskeleton
klc-2	GO:0005871;GO:0016938	GO:0032991	protein-containing complex
klc-2	GO:0005874		
klf-1	GO:0005634	GO:0005634	nucleus
klf-1	GO:0005737	GO:0005737	cytoplasm
klf-1	GO:0000785		
klo-1			
klo-2			
klp-11	GO:0005737	GO:0005737	cytoplasm
klp-11	GO:0005856	GO:0005856	cytoskeleton
klp-11	GO:0005929	GO:0005929	cilium
klp-11	GO:0005871;GO:0016939;GO:0030993;GO:0032991	GO:0032991	protein-containing complex
klp-11	GO:0042995	GO:0042995	cell projection
klp-11	GO:0005874		
klp-12	GO:0005737	GO:0005737	cytoplasm
klp-12	GO:0005856	GO:0005856	cytoskeleton
klp-12	GO:0005871	GO:0032991	protein-containing complex
klp-12	GO:0005874		
klp-19	GO:0000794	GO:0000228	nuclear chromosome
klp-19	GO:0005634	GO:0005634	nucleus
klp-19	GO:0005654	GO:0005654	nucleoplasm
klp-19	GO:0005694	GO:0005694	chromosome
klp-19	GO:0005737	GO:0005737	cytoplasm
klp-19	GO:0005856	GO:0005856	cytoskeleton
klp-19	GO:0005871	GO:0032991	protein-containing complex
klp-19	GO:0005819	GO:0043226	organelle
klp-19	GO:0005874		
klp-20	GO:0005737;GO:1904115	GO:0005737	cytoplasm
klp-20	GO:0005856	GO:0005856	cytoskeleton
klp-20	GO:0005929	GO:0005929	cilium
klp-20	GO:0005871;GO:0016939;GO:0030993;GO:0032991	GO:0032991	protein-containing complex
klp-20	GO:0042995	GO:0042995	cell projection
klp-20	GO:0005874		
klp-6	GO:0005737	GO:0005737	cytoplasm
klp-6	GO:0005739	GO:0005739	mitochondrion
klp-6	GO:0097730	GO:0005929	cilium
klp-6	GO:0016020;GO:0031966	GO:0016020	membrane
klp-6	GO:0005871	GO:0032991	protein-containing complex
klp-6	GO:0030424;GO:0030425	GO:0043005	neuron projection
klp-6	GO:0005874;GO:0043025		
klp-7	GO:0000793;GO:0005694	GO:0005694	chromosome
klp-7	GO:0005737	GO:0005737	cytoplasm
klp-7	GO:0005813	GO:0005815	microtubule organizing center
klp-7	GO:0005856	GO:0005856	cytoskeleton
klp-7	GO:0005871	GO:0032991	protein-containing complex
klp-7	GO:0000776;GO:0005819	GO:0043226	organelle
klp-7	GO:0000922;GO:0005828;GO:0005874;GO:0090619		
kmo-1	GO:0005739	GO:0005739	mitochondrion
kmo-1	GO:0005741;GO:0016020;GO:0031966	GO:0016020	membrane
kmo-2	GO:0005741;GO:0016020	GO:0016020	membrane
kpc-1	GO:0005886	GO:0005886	plasma membrane
kpc-1	GO:0000139;GO:0016020	GO:0016020	membrane
kpc-1	GO:0042995	GO:0042995	cell projection
kpc-1	GO:0030424	GO:0043005	neuron projection
kpc-1	GO:0005802;GO:0043025;GO:0043204		
kqt-1	GO:0005886	GO:0005886	plasma membrane
kqt-1	GO:0016020	GO:0016020	membrane
kqt-1	GO:0008076;GO:0034702	GO:0032991	protein-containing complex
kqt-1	GO:0045202	GO:0045202	synapse
kqt-2	GO:0016020	GO:0016020	membrane
kqt-2	GO:0008076	GO:0032991	protein-containing complex
kqt-3	GO:0005783	GO:0005783	endoplasmic reticulum
kqt-3	GO:0005886	GO:0005886	plasma membrane
kqt-3	GO:0016020;GO:0016323;GO:0030659;GO:0045121	GO:0016020	membrane
kqt-3	GO:0031410	GO:0031410	cytoplasmic vesicle
kqt-3	GO:0008076;GO:0034702	GO:0032991	protein-containing complex
kqt-3	GO:0045202	GO:0045202	synapse
kqt-3	GO:0012505;GO:0045178		
kri-1	GO:0005634	GO:0005634	nucleus
kri-1	GO:0005886	GO:0005886	plasma membrane
kri-1	GO:0016324;GO:0016327	GO:0016020	membrane
ksr-1	GO:0005737	GO:0005737	cytoplasm
ksr-2	GO:0005737	GO:0005737	cytoplasm
kvs-2	GO:0005886	GO:0005886	plasma membrane
kvs-2	GO:0016020	GO:0016020	membrane
kvs-2	GO:0008076;GO:0034702	GO:0032991	protein-containing complex
kvs-4	GO:0005886	GO:0005886	plasma membrane
kvs-4	GO:0016020	GO:0016020	membrane
kvs-4	GO:0008076;GO:0034702	GO:0032991	protein-containing complex
kvs-4	GO:0042995	GO:0042995	cell projection
kvs-4	GO:0030424;GO:0030425	GO:0043005	neuron projection
kvs-4	GO:0043204		
kvs-5	GO:0005886	GO:0005886	plasma membrane
kvs-5	GO:0016020	GO:0016020	membrane
kvs-5	GO:0008076;GO:0034702	GO:0032991	protein-containing complex
kxd-1	GO:0099078	GO:0032991	protein-containing complex
kynu-1	GO:0005737	GO:0005737	cytoplasm
laat-1	GO:0005764	GO:0005764	lysosome
laat-1	GO:0005765;GO:0016020;GO:0031090;GO:0098852	GO:0016020	membrane
lad-2	GO:0005886	GO:0005886	plasma membrane
lad-2	GO:0016020	GO:0016020	membrane
lad-2	GO:0043005	GO:0043005	neuron projection
laf-1	GO:0005634	GO:0005634	nucleus
laf-1	GO:0005737	GO:0005737	cytoplasm
laf-1	GO:0005886	GO:0005886	plasma membrane
laf-1	GO:0016020	GO:0016020	membrane
laf-1	GO:0061702	GO:0032991	protein-containing complex
laf-1	GO:0030027;GO:0042995	GO:0042995	cell projection
laf-1	GO:0010494;GO:0043186	GO:0043226	organelle
laf-1	GO:0031252		
lag-1	GO:0005634	GO:0005634	nucleus
lag-1	GO:0090575;GO:1990433	GO:0032991	protein-containing complex
lag-1	GO:0000785		
lagr-1	GO:0016020	GO:0016020	membrane
lam-1	GO:0005576	GO:0005576	extracellular region
lam-1	GO:0005604	GO:0031012	extracellular matrix
lam-1	GO:0005608;GO:0043256	GO:0032991	protein-containing complex
lam-2	GO:0005604	GO:0031012	extracellular matrix
lam-3	GO:0005576	GO:0005576	extracellular region
lam-3	GO:0005604	GO:0031012	extracellular matrix
lars-1			
lars-2	GO:0005737	GO:0005737	cytoplasm
lars-2	GO:0005739	GO:0005739	mitochondrion
lat-1	GO:0005886	GO:0005886	plasma membrane
lat-1	GO:0016020	GO:0016020	membrane
lat-2	GO:0005886	GO:0005886	plasma membrane
lat-2	GO:0016020	GO:0016020	membrane
lbp-5	GO:0005634	GO:0005634	nucleus
lbp-5	GO:0005829	GO:0005829	cytosol
lbp-5	GO:0048471		
lbp-6	GO:0005634	GO:0005634	nucleus
lbp-6	GO:0005829	GO:0005829	cytosol
lbp-7	GO:0005634	GO:0005634	nucleus
lbp-7	GO:0005829	GO:0005829	cytosol
lbp-8	GO:0005634	GO:0005634	nucleus
lbp-8	GO:0005764	GO:0005764	lysosome
lbp-8	GO:0005829	GO:0005829	cytosol
lbp-9	GO:0005634	GO:0005634	nucleus
lbp-9	GO:0005829	GO:0005829	cytosol
ldb-1	GO:0005634	GO:0005634	nucleus
ldb-1	GO:0005667	GO:0032991	protein-containing complex
ldh-1	GO:0005737	GO:0005737	cytoplasm
ldh-1	GO:0005739	GO:0005739	mitochondrion
lec-1	GO:0045121	GO:0016020	membrane
lec-1	GO:0060102	GO:0031012	extracellular matrix
lec-10	GO:0005737	GO:0005737	cytoplasm
lec-10	GO:0045177		
lec-3	GO:0005886	GO:0005886	plasma membrane
lec-6	GO:0005737	GO:0005737	cytoplasm
lec-7			
lec-8	GO:0031410	GO:0031410	cytoplasmic vesicle
lec-9	GO:0005737	GO:0005737	cytoplasm
lect-2	GO:0005576	GO:0005576	extracellular region
lect-2	GO:0070161	GO:0030054	cell junction
lect-2	GO:0005604	GO:0031012	extracellular matrix
lect-2	GO:0042995	GO:0042995	cell projection
lect-2	GO:0030425;GO:0071683	GO:0043005	neuron projection
lect-2	GO:0009986;GO:0043204		
lem-2	GO:0005634	GO:0005634	nucleus
lem-2	GO:0005635	GO:0005635	nuclear envelope
lem-2	GO:0005694	GO:0005694	chromosome
lem-2	GO:0005637;GO:0016020	GO:0016020	membrane
lem-4	GO:0005634	GO:0005634	nucleus
lem-4	GO:0005635	GO:0005635	nuclear envelope
lem-4	GO:0005783	GO:0005783	endoplasmic reticulum
lem-4	GO:0016020;GO:0031965	GO:0016020	membrane
lep-2	GO:0005737	GO:0005737	cytoplasm
lep-2	GO:0000151	GO:0032991	protein-containing complex
let-19	GO:0005634	GO:0005634	nucleus
let-19	GO:0016592	GO:0032991	protein-containing complex
let-2	GO:0005576	GO:0005576	extracellular region
let-2	GO:0005604;GO:0031012	GO:0031012	extracellular matrix
let-2	GO:0005581;GO:0005587	GO:0032991	protein-containing complex
let-2	GO:0071944		
let-23	GO:0005886	GO:0005886	plasma membrane
let-23	GO:0009925;GO:0016020;GO:0016323;GO:0016324	GO:0016020	membrane
let-23	GO:0005911	GO:0030054	cell junction
let-23	GO:0043235	GO:0032991	protein-containing complex
let-23	GO:0016328		
let-268	GO:0005576	GO:0005576	extracellular region
let-268	GO:0005783;GO:0005791	GO:0005783	endoplasmic reticulum
let-268	GO:0005794	GO:0005794	Golgi apparatus
let-268	GO:0005789;GO:0016020	GO:0016020	membrane
let-268	GO:0005615;GO:0005788		
let-355	GO:0005730	GO:0005730	nucleolus
let-363	GO:0005634	GO:0005634	nucleus
let-363	GO:0005737	GO:0005737	cytoplasm
let-363	GO:0031931;GO:0031932	GO:0032991	protein-containing complex
let-381	GO:0005634	GO:0005634	nucleus
let-413	GO:0005886	GO:0005886	plasma membrane
let-413	GO:0016020;GO:0016323	GO:0016020	membrane
let-418	GO:0005634	GO:0005634	nucleus
let-418	GO:0016581;GO:0090571	GO:0032991	protein-containing complex
let-418	GO:0000785		
let-502	GO:0005634	GO:0005634	nucleus
let-502	GO:0005737	GO:0005737	cytoplasm
let-502	GO:0005856	GO:0005856	cytoskeleton
let-502	GO:0032154	GO:0016020	membrane
let-502	GO:0005912	GO:0030054	cell junction
let-502	GO:0043292	GO:0043226	organelle
let-504	GO:0005634	GO:0005634	nucleus
let-526	GO:0005634	GO:0005634	nucleus
let-526	GO:0005654	GO:0005654	nucleoplasm
let-526	GO:0016514;GO:0035060;GO:0071565	GO:0032991	protein-containing complex
let-60	GO:0005938	GO:0005737	cytoplasm
let-60	GO:0005886	GO:0005886	plasma membrane
let-60	GO:0016020	GO:0016020	membrane
let-607	GO:0005634	GO:0005634	nucleus
let-607	GO:0000785		
let-630	GO:0005739	GO:0005739	mitochondrion
let-630	GO:0005840	GO:0005840	ribosome
let-630	GO:1990904	GO:0032991	protein-containing complex
let-7			
let-711	GO:0005634	GO:0005634	nucleus
let-711	GO:0005737	GO:0005737	cytoplasm
let-711	GO:0030014;GO:0030015	GO:0032991	protein-containing complex
let-711	GO:0000932	GO:0043226	organelle
let-721	GO:0005739	GO:0005739	mitochondrion
let-721	GO:0005743;GO:0016020	GO:0016020	membrane
let-754	GO:0005737	GO:0005737	cytoplasm
let-754	GO:0005739	GO:0005739	mitochondrion
let-754	GO:0005829	GO:0005829	cytosol
let-754	GO:0005758		
let-756	GO:0005634	GO:0005634	nucleus
let-756	GO:0005654	GO:0005654	nucleoplasm
let-756	GO:0005730	GO:0005730	nucleolus
let-756	GO:0005737	GO:0005737	cytoplasm
let-756	GO:0016020	GO:0016020	membrane
let-756	GO:0016607	GO:0043226	organelle
let-756	GO:0005615		
let-765	GO:0005634	GO:0005634	nucleus
let-767	GO:0045179	GO:0005737	cytoplasm
let-767	GO:0005783	GO:0005783	endoplasmic reticulum
let-805	GO:0016020	GO:0016020	membrane
let-805	GO:0030056	GO:0030054	cell junction
let-805	GO:0043235	GO:0032991	protein-containing complex
let-805	GO:0009897		
let-92	GO:0005737	GO:0005737	cytoplasm
let-92	GO:0005813	GO:0005815	microtubule organizing center
let-92	GO:0005829	GO:0005829	cytosol
let-92	GO:0005856	GO:0005856	cytoskeleton
let-92	GO:0000159	GO:0032991	protein-containing complex
let-92	GO:0042995	GO:0042995	cell projection
let-92	GO:0030424	GO:0043005	neuron projection
let-92	GO:0043025;GO:0043204;GO:0044295		
letm-1	GO:0005739	GO:0005739	mitochondrion
letm-1	GO:0005743;GO:0016020	GO:0016020	membrane
lev-11	GO:0005737	GO:0005737	cytoplasm
lev-11	GO:0005856	GO:0005856	cytoskeleton
lev-11	GO:0005865;GO:0005884;GO:0031674		
lev-8	GO:0005886	GO:0005886	plasma membrane
lev-8	GO:0016020;GO:0045211	GO:0016020	membrane
lev-8	GO:0005892	GO:0032991	protein-containing complex
lev-8	GO:0043005	GO:0043005	neuron projection
lev-8	GO:0045202	GO:0045202	synapse
lev-9	GO:0005576	GO:0005576	extracellular region
lev-9	GO:0045202	GO:0045202	synapse
lev-9	GO:0005615		
lfe-2	GO:0005634	GO:0005634	nucleus
lfe-2	GO:0005737	GO:0005737	cytoplasm
lgc-10	GO:0005886	GO:0005886	plasma membrane
lgc-10	GO:0016020	GO:0016020	membrane
lgc-10	GO:1902495	GO:0032991	protein-containing complex
lgc-10	GO:0043005	GO:0043005	neuron projection
lgc-10	GO:0045202	GO:0045202	synapse
lgc-10	GO:0098794		
lgc-11	GO:0005886	GO:0005886	plasma membrane
lgc-11	GO:0016020	GO:0016020	membrane
lgc-11	GO:1902495	GO:0032991	protein-containing complex
lgc-11	GO:0043005	GO:0043005	neuron projection
lgc-11	GO:0045202	GO:0045202	synapse
lgc-11	GO:0098794		
lgc-12	GO:0005886	GO:0005886	plasma membrane
lgc-12	GO:0016020	GO:0016020	membrane
lgc-12	GO:1902495	GO:0032991	protein-containing complex
lgc-12	GO:0043005	GO:0043005	neuron projection
lgc-12	GO:0045202	GO:0045202	synapse
lgc-12	GO:0098794		
lgc-13	GO:0005886	GO:0005886	plasma membrane
lgc-13	GO:0016020	GO:0016020	membrane
lgc-13	GO:1902495	GO:0032991	protein-containing complex
lgc-13	GO:0043005	GO:0043005	neuron projection
lgc-13	GO:0045202	GO:0045202	synapse
lgc-13	GO:0098794		
lgc-16	GO:0005886	GO:0005886	plasma membrane
lgc-16	GO:0016020	GO:0016020	membrane
lgc-16	GO:1902495	GO:0032991	protein-containing complex
lgc-16	GO:0043005	GO:0043005	neuron projection
lgc-16	GO:0045202	GO:0045202	synapse
lgc-16	GO:0098794		
lgc-36	GO:0005886	GO:0005886	plasma membrane
lgc-36	GO:0016020;GO:0045211	GO:0016020	membrane
lgc-36	GO:0045202	GO:0045202	synapse
lgc-37	GO:0005886	GO:0005886	plasma membrane
lgc-37	GO:0016020	GO:0016020	membrane
lgc-39	GO:0005886	GO:0005886	plasma membrane
lgc-39	GO:0016020	GO:0016020	membrane
lgc-39	GO:0098794		
lgc-41	GO:0005886	GO:0005886	plasma membrane
lgc-41	GO:0016020	GO:0016020	membrane
lgc-41	GO:0098794		
lgc-42	GO:0005886	GO:0005886	plasma membrane
lgc-42	GO:0016020	GO:0016020	membrane
lgc-42	GO:0098794		
lgc-5	GO:0005886	GO:0005886	plasma membrane
lgc-5	GO:0016020	GO:0016020	membrane
lgc-5	GO:1902495	GO:0032991	protein-containing complex
lgc-5	GO:0043005	GO:0043005	neuron projection
lgc-5	GO:0045202	GO:0045202	synapse
lgc-5	GO:0098794		
lgc-51	GO:0005886	GO:0005886	plasma membrane
lgc-51	GO:0016020	GO:0016020	membrane
lgc-51	GO:0098794		
lgc-52	GO:0005886	GO:0005886	plasma membrane
lgc-52	GO:0016020	GO:0016020	membrane
lgc-52	GO:0098794		
lgc-55	GO:0005886	GO:0005886	plasma membrane
lgc-55	GO:0016020	GO:0016020	membrane
lgc-55	GO:0014069	GO:0043226	organelle
lgc-55	GO:0043025		
lgc-57	GO:0005886	GO:0005886	plasma membrane
lgc-57	GO:0016020;GO:0045211	GO:0016020	membrane
lgc-57	GO:0034707	GO:0032991	protein-containing complex
lgc-57	GO:0045202	GO:0045202	synapse
lgc-58	GO:0005886	GO:0005886	plasma membrane
lgc-58	GO:0016020	GO:0016020	membrane
lgc-58	GO:0098794		
lgc-6	GO:0005886	GO:0005886	plasma membrane
lgc-6	GO:0016020	GO:0016020	membrane
lgc-6	GO:1902495	GO:0032991	protein-containing complex
lgc-6	GO:0043005	GO:0043005	neuron projection
lgc-6	GO:0045202	GO:0045202	synapse
lgc-6	GO:0098794		
lgc-7	GO:0005886	GO:0005886	plasma membrane
lgc-7	GO:0016020	GO:0016020	membrane
lgc-7	GO:1902495	GO:0032991	protein-containing complex
lgc-7	GO:0043005	GO:0043005	neuron projection
lgc-7	GO:0045202	GO:0045202	synapse
lgc-7	GO:0098794		
lgc-8	GO:0005886	GO:0005886	plasma membrane
lgc-8	GO:0016020	GO:0016020	membrane
lgc-8	GO:1902495	GO:0032991	protein-containing complex
lgc-8	GO:0043005	GO:0043005	neuron projection
lgc-8	GO:0045202	GO:0045202	synapse
lgc-8	GO:0098794		
lge-1	GO:0005794	GO:0005794	Golgi apparatus
lge-1	GO:0000139;GO:0016020	GO:0016020	membrane
lgg-1	GO:0005634	GO:0005634	nucleus
lgg-1	GO:0005737	GO:0005737	cytoplasm
lgg-1	GO:0005739	GO:0005739	mitochondrion
lgg-1	GO:0005764	GO:0005764	lysosome
lgg-1	GO:0005776	GO:0005773	vacuole
lgg-1	GO:0005886	GO:0005886	plasma membrane
lgg-1	GO:0000421;GO:0005741;GO:0016020;GO:0030670	GO:0016020	membrane
lgg-1	GO:0031410	GO:0031410	cytoplasmic vesicle
lgg-1	GO:0042995	GO:0042995	cell projection
lgg-1	GO:0030425;GO:0043005	GO:0043005	neuron projection
lgg-1	GO:0000407;GO:0043025;GO:0043202;GO:0043204		
lgg-2	GO:0005737	GO:0005737	cytoplasm
lgg-2	GO:0005776	GO:0005773	vacuole
lgg-2	GO:0005886	GO:0005886	plasma membrane
lgg-2	GO:0000421;GO:0016020	GO:0016020	membrane
lgg-2	GO:0031410	GO:0031410	cytoplasmic vesicle
lgg-2	GO:0012505		
lgg-3	GO:0005737	GO:0005737	cytoplasm
lgg-3	GO:0005829	GO:0005829	cytosol
lgg-3	GO:0000421;GO:0016020;GO:0034045	GO:0016020	membrane
lgg-3	GO:0034274;GO:1990234	GO:0032991	protein-containing complex
lgl-1	GO:0005737;GO:0005938	GO:0005737	cytoplasm
lgl-1	GO:0030864	GO:0005856	cytoskeleton
lgl-1	GO:0005886	GO:0005886	plasma membrane
lgl-1	GO:0016323	GO:0016020	membrane
lgmn-1	GO:0005773	GO:0005773	vacuole
lhfp-4	GO:0005886	GO:0005886	plasma membrane
lhfp-4	GO:0016020	GO:0016020	membrane
lhgd-1	GO:0005739	GO:0005739	mitochondrion
lias-1	GO:0005739	GO:0005739	mitochondrion
lid-1	GO:0005811	GO:0005811	lipid droplet
lig-1	GO:0005634	GO:0005634	nucleus
lig-4	GO:0005634	GO:0005634	nucleus
lig-4	GO:0005958;GO:0032807	GO:0032991	protein-containing complex
lim-4	GO:0005634	GO:0005634	nucleus
lim-6	GO:0005634	GO:0005634	nucleus
lim-7	GO:0005634	GO:0005634	nucleus
lin-1	GO:0005634	GO:0005634	nucleus
lin-1	GO:0090571	GO:0032991	protein-containing complex
lin-12	GO:0005634	GO:0005634	nucleus
lin-12	GO:0005886	GO:0005886	plasma membrane
lin-12	GO:0016020;GO:0016324	GO:0016020	membrane
lin-12	GO:0090575;GO:1990433	GO:0032991	protein-containing complex
lin-17	GO:0005886	GO:0005886	plasma membrane
lin-17	GO:0016020;GO:0032589	GO:0016020	membrane
lin-17	GO:0005615		
lin-18	GO:0005634	GO:0005634	nucleus
lin-18	GO:0005737	GO:0005737	cytoplasm
lin-18	GO:0005886	GO:0005886	plasma membrane
lin-18	GO:0016020;GO:0016323	GO:0016020	membrane
lin-18	GO:0043235	GO:0032991	protein-containing complex
lin-2	GO:0005886	GO:0005886	plasma membrane
lin-2	GO:0005911;GO:0030054	GO:0030054	cell junction
lin-22	GO:0005634	GO:0005634	nucleus
lin-23	GO:0005634	GO:0005634	nucleus
lin-23	GO:0005737	GO:0005737	cytoplasm
lin-23	GO:0005829	GO:0005829	cytosol
lin-23	GO:0019005;GO:0043223	GO:0032991	protein-containing complex
lin-28	GO:0005634	GO:0005634	nucleus
lin-28	GO:0005737	GO:0005737	cytoplasm
lin-28	GO:0000151	GO:0032991	protein-containing complex
lin-32	GO:0005634	GO:0005634	nucleus
lin-35	GO:0005634	GO:0005634	nucleus
lin-35	GO:0005667;GO:0035189;GO:0070176	GO:0032991	protein-containing complex
lin-35	GO:0000785		
lin-40	GO:0005634	GO:0005634	nucleus
lin-40	GO:0005654	GO:0005654	nucleoplasm
lin-40	GO:0016581	GO:0032991	protein-containing complex
lin-41	GO:0005737	GO:0005737	cytoplasm
lin-41	GO:0000932;GO:0035770	GO:0043226	organelle
lin-42	GO:0005634	GO:0005634	nucleus
lin-42	GO:0005737	GO:0005737	cytoplasm
lin-44	GO:0005576	GO:0005576	extracellular region
lin-44	GO:0005615		
lin-45	GO:0005737	GO:0005737	cytoplasm
lin-46	GO:0005634	GO:0005634	nucleus
lin-46	GO:0005737	GO:0005737	cytoplasm
lin-46	GO:0005829	GO:0005829	cytosol
lin-46	GO:0045211	GO:0016020	membrane
lin-46	GO:0030425	GO:0043005	neuron projection
lin-46	GO:0099572	GO:0043226	organelle
lin-48	GO:0005634	GO:0005634	nucleus
lin-49	GO:0005634	GO:0005634	nucleus
lin-49	GO:0070776	GO:0032991	protein-containing complex
lin-53	GO:0005634	GO:0005634	nucleus
lin-53	GO:0005694	GO:0005694	chromosome
lin-53	GO:0016581;GO:0017053;GO:0035098;GO:0070176	GO:0032991	protein-containing complex
lin-53	GO:0000775		
lin-59	GO:0005634	GO:0005634	nucleus
lin-59	GO:0000785		
lip-1	GO:0005737	GO:0005737	cytoplasm
lip-1	GO:0005829	GO:0005829	cytosol
lip-1	GO:0005886	GO:0005886	plasma membrane
lip-1	GO:0016020	GO:0016020	membrane
lipl-1	GO:0005576	GO:0005576	extracellular region
lipl-1	GO:0005764	GO:0005764	lysosome
lipl-1	GO:0043202		
lipl-2	GO:0005764	GO:0005764	lysosome
lipl-2	GO:0043202		
lipl-3	GO:0005576	GO:0005576	extracellular region
lipl-3	GO:0005764	GO:0005764	lysosome
lipl-3	GO:0043202		
lipl-4	GO:0005737	GO:0005737	cytoplasm
lipl-4	GO:0005764	GO:0005764	lysosome
lipl-4	GO:0043202		
lipl-5	GO:0005576	GO:0005576	extracellular region
lipl-5	GO:0005764	GO:0005764	lysosome
lipl-5	GO:0043202		
lipl-6			
lipl-7			
lipt-1	GO:0005737	GO:0005737	cytoplasm
lipt-1	GO:0005739	GO:0005739	mitochondrion
lis-1	GO:0005634	GO:0005634	nucleus
lis-1	GO:0005635	GO:0005635	nuclear envelope
lis-1	GO:0005694	GO:0005694	chromosome
lis-1	GO:0005737;GO:0005938;GO:1904115	GO:0005737	cytoplasm
lis-1	GO:0005813	GO:0005815	microtubule organizing center
lis-1	GO:0005856	GO:0005856	cytoskeleton
lis-1	GO:0005868;GO:0005875;GO:0030286	GO:0032991	protein-containing complex
lis-1	GO:0043005	GO:0043005	neuron projection
lis-1	GO:0000776;GO:0005818	GO:0043226	organelle
lis-1	GO:0045202	GO:0045202	synapse
lis-1	GO:0000775;GO:0005874;GO:0005881;GO:0043025;GO:0048471		
lit-1	GO:0005634	GO:0005634	nucleus
lit-1	GO:0005737;GO:0005938	GO:0005737	cytoplasm
lit-1	GO:1902554	GO:0032991	protein-containing complex
lmbr-1	GO:0005886	GO:0005886	plasma membrane
lmd-3	GO:0005634	GO:0005634	nucleus
lmd-3	GO:0005739	GO:0005739	mitochondrion
lmn-1	GO:0005634	GO:0005634	nucleus
lmn-1	GO:0005635	GO:0005635	nuclear envelope
lmn-1	GO:0005637;GO:0016020	GO:0016020	membrane
lmn-1	GO:0005638;GO:0005652;GO:0005882;GO:0034399		
lmp-1	GO:0005764	GO:0005764	lysosome
lmp-1	GO:0005886	GO:0005886	plasma membrane
lmp-1	GO:0005765;GO:0016020;GO:0031902;GO:0044841	GO:0016020	membrane
lmp-1	GO:0045335	GO:0031410	cytoplasmic vesicle
lmp-2	GO:0005737	GO:0005737	cytoplasm
lmp-2	GO:0005886	GO:0005886	plasma membrane
lmp-2	GO:0005765;GO:0016020;GO:0031902	GO:0016020	membrane
lonp-1	GO:0005739	GO:0005739	mitochondrion
lonp-1	GO:0005759		
lov-1	GO:0005929;GO:0097730	GO:0005929	cilium
lov-1	GO:0016020	GO:0016020	membrane
lov-1	GO:0042995	GO:0042995	cell projection
lov-1	GO:0071683	GO:0043005	neuron projection
lov-1	GO:0043025		
lpd-3	GO:0016020	GO:0016020	membrane
lpd-3	GO:0098793		
lpd-5	GO:0005739	GO:0005739	mitochondrion
lpd-5	GO:0005743;GO:0016020	GO:0016020	membrane
lpd-5	GO:0045271	GO:0032991	protein-containing complex
lpd-7	GO:0005634	GO:0005634	nucleus
lpd-7	GO:0005654	GO:0005654	nucleoplasm
lpd-7	GO:0005730	GO:0005730	nucleolus
lpd-7	GO:0030687;GO:0070545	GO:0032991	protein-containing complex
lpin-1	GO:0005634	GO:0005634	nucleus
lpin-1	GO:0005635	GO:0005635	nuclear envelope
lpin-1	GO:0005654	GO:0005654	nucleoplasm
lpin-1	GO:0005737	GO:0005737	cytoplasm
lpin-1	GO:0005783	GO:0005783	endoplasmic reticulum
lpl-1	GO:0005739	GO:0005739	mitochondrion
lrch-1			
lrk-1	GO:0005737	GO:0005737	cytoplasm
lrk-1	GO:0005794	GO:0005794	Golgi apparatus
lrk-1	GO:0043025		
lrp-1	GO:0005886	GO:0005886	plasma membrane
lrp-1	GO:0005905;GO:0016020;GO:0016324	GO:0016020	membrane
lrp-1	GO:0030139	GO:0031410	cytoplasmic vesicle
lrp-2	GO:0005737	GO:0005737	cytoplasm
lrp-2	GO:0005886	GO:0005886	plasma membrane
lrp-2	GO:0016020	GO:0016020	membrane
lrpr-1	GO:0005634	GO:0005634	nucleus
lrpr-1	GO:0005739	GO:0005739	mitochondrion
lrx-1	GO:0016020	GO:0016020	membrane
lrx-1	GO:0012505		
lsd-1	GO:0005634	GO:0005634	nucleus
lsd-1	GO:0016020	GO:0016020	membrane
lsd-1	GO:0000785		
lsl-1	GO:0005634	GO:0005634	nucleus
lsm-4	GO:0005634	GO:0005634	nucleus
lsm-4	GO:0005737	GO:0005737	cytoplasm
lsm-4	GO:0005681;GO:0005688;GO:0046540;GO:0071005;GO:0097526;GO:1990904	GO:0032991	protein-containing complex
lsm-4	GO:0000932	GO:0043226	organelle
lst-4	GO:0005737	GO:0005737	cytoplasm
lst-4	GO:0005886	GO:0005886	plasma membrane
lst-4	GO:0016020;GO:0030659;GO:0030670	GO:0016020	membrane
lst-4	GO:0031410;GO:0032009;GO:0045335	GO:0031410	cytoplasmic vesicle
lst-6	GO:0016020	GO:0016020	membrane
lsy-12	GO:0005634	GO:0005634	nucleus
lsy-12	GO:0070776	GO:0032991	protein-containing complex
lsy-12	GO:0000785		
lsy-13	GO:0005634	GO:0005634	nucleus
lsy-13	GO:0035267	GO:0032991	protein-containing complex
ltah-1.1	GO:0005737	GO:0005737	cytoplasm
ltah-1.1	GO:0005829	GO:0005829	cytosol
ltah-1.2	GO:0005737	GO:0005737	cytoplasm
ltah-1.2	GO:0005829	GO:0005829	cytosol
ltd-1	GO:0005737	GO:0005737	cytoplasm
ltd-1	GO:0005856	GO:0005856	cytoskeleton
ltd-1	GO:0005911	GO:0030054	cell junction
ltd-1	GO:0055120		
maa-1	GO:0005737	GO:0005737	cytoplasm
maa-1	GO:0000139;GO:0010008;GO:0016020;GO:0055038	GO:0016020	membrane
maa-1	GO:0045177;GO:0045178		
mab-20	GO:0005576	GO:0005576	extracellular region
mab-20	GO:0005886	GO:0005886	plasma membrane
mab-20	GO:0009986		
mab-21			
mab-5	GO:0005634	GO:0005634	nucleus
mab-5	GO:0005654	GO:0005654	nucleoplasm
mab-5	GO:0090575	GO:0032991	protein-containing complex
mab-9	GO:0005634	GO:0005634	nucleus
mab-9	GO:0000785		
madd-2	GO:0005737	GO:0005737	cytoplasm
madd-2	GO:0005856	GO:0005856	cytoskeleton
madd-2	GO:0043005	GO:0043005	neuron projection
madd-2	GO:0031252;GO:0043025;GO:0055120		
maf-1	GO:0005634	GO:0005634	nucleus
maf-1	GO:0005737	GO:0005737	cytoplasm
magi-1	GO:0005737	GO:0005737	cytoplasm
magi-1	GO:0016020	GO:0016020	membrane
magi-1	GO:0005912	GO:0030054	cell junction
magi-1	GO:0045202	GO:0045202	synapse
magu-2	GO:0005886	GO:0005886	plasma membrane
magu-2	GO:0005912	GO:0030054	cell junction
mai-2	GO:0005737	GO:0005737	cytoplasm
mai-2	GO:0005739	GO:0005739	mitochondrion
mak-2	GO:0005634	GO:0005634	nucleus
mak-2	GO:0005737	GO:0005737	cytoplasm
mak-2	GO:0045202	GO:0045202	synapse
mak-2	GO:0043204		
malt-1			
manf-1	GO:0005576	GO:0005576	extracellular region
manf-1	GO:0005783	GO:0005783	endoplasmic reticulum
manf-1	GO:0005615;GO:0005788		
mans-3	GO:0005783	GO:0005783	endoplasmic reticulum
mans-3	GO:0005789;GO:0016020	GO:0016020	membrane
mans-4	GO:0005783	GO:0005783	endoplasmic reticulum
mans-4	GO:0016020	GO:0016020	membrane
maoc-1	GO:0005777	GO:0005777	peroxisome
maoc-1	GO:0005778	GO:0043226	organelle
maph-1.1	GO:0005737	GO:0005737	cytoplasm
maph-1.1	GO:0005829	GO:0005829	cytosol
maph-1.1	GO:0005856;GO:0015630	GO:0005856	cytoskeleton
maph-1.1	GO:0005875	GO:0032991	protein-containing complex
maph-1.1	GO:0042995	GO:0042995	cell projection
maph-1.1	GO:0030424;GO:0030425	GO:0043005	neuron projection
maph-1.1	GO:0045202	GO:0045202	synapse
maph-1.1	GO:0005874;GO:0043025;GO:0043204		
maph-1.2	GO:0005829	GO:0005829	cytosol
maph-1.2	GO:0005875	GO:0032991	protein-containing complex
maph-1.2	GO:0030425	GO:0043005	neuron projection
maph-1.2	GO:0045202	GO:0045202	synapse
maph-1.2	GO:0005874;GO:0043025		
mapk-15	GO:0005634	GO:0005634	nucleus
mapk-15	GO:0005737	GO:0005737	cytoplasm
mapk-15	GO:0036064	GO:0005815	microtubule organizing center
mapk-15	GO:0005856	GO:0005856	cytoskeleton
mapk-15	GO:0005886	GO:0005886	plasma membrane
mapk-15	GO:0005929	GO:0005929	cilium
mapk-15	GO:0016020;GO:0060170	GO:0016020	membrane
mapk-15	GO:0005911;GO:0070161	GO:0030054	cell junction
mapk-15	GO:0042995	GO:0042995	cell projection
mapk-15	GO:0030425	GO:0043005	neuron projection
mapk-15	GO:0005930;GO:0043204		
marc-6	GO:0005789;GO:0016020	GO:0016020	membrane
mars-1	GO:0005737	GO:0005737	cytoplasm
mars-1	GO:0005829	GO:0005829	cytosol
mars-1	GO:0017101	GO:0032991	protein-containing complex
mat-3	GO:0005680	GO:0032991	protein-containing complex
mbd-2	GO:0005634	GO:0005634	nucleus
mbk-1	GO:0005634	GO:0005634	nucleus
mbk-2	GO:0005634	GO:0005634	nucleus
mbk-2	GO:0000793;GO:0005694	GO:0005694	chromosome
mbk-2	GO:0005737;GO:0005938	GO:0005737	cytoplasm
mbk-2	GO:0005813	GO:0005815	microtubule organizing center
mbk-2	GO:0005856	GO:0005856	cytoskeleton
mbk-2	GO:0043186;GO:0072686	GO:0043226	organelle
mbl-1	GO:0005634	GO:0005634	nucleus
mbl-1	GO:0005654	GO:0005654	nucleoplasm
mbl-1	GO:0005737	GO:0005737	cytoplasm
mboa-1	GO:0005783	GO:0005783	endoplasmic reticulum
mboa-1	GO:0005789;GO:0016020	GO:0016020	membrane
mboa-2	GO:0005783	GO:0005783	endoplasmic reticulum
mboa-2	GO:0005789;GO:0016020	GO:0016020	membrane
mboa-7	GO:0016020	GO:0016020	membrane
mboa-7	GO:0043231	GO:0043226	organelle
mboa-7	GO:0044233		
mca-1	GO:0005886	GO:0005886	plasma membrane
mca-1	GO:0016020	GO:0016020	membrane
mca-2	GO:0005886	GO:0005886	plasma membrane
mca-2	GO:0016020	GO:0016020	membrane
mca-3	GO:0005886	GO:0005886	plasma membrane
mca-3	GO:0016020	GO:0016020	membrane
mcat-1	GO:0005739	GO:0005739	mitochondrion
mccc-1	GO:0005739	GO:0005739	mitochondrion
mccc-2	GO:0005737	GO:0005737	cytoplasm
mccc-2	GO:0005739	GO:0005739	mitochondrion
mccc-2	GO:1905202	GO:0032991	protein-containing complex
mccc-2	GO:0005759		
mce-1	GO:0005739	GO:0005739	mitochondrion
mcm-10	GO:0005634	GO:0005634	nucleus
mcm-10	GO:0043596		
mcm-2	GO:0005634;GO:0045120	GO:0005634	nucleus
mcm-2	GO:0000793	GO:0005694	chromosome
mcm-2	GO:0042555	GO:0032991	protein-containing complex
mcm-4	GO:0005634	GO:0005634	nucleus
mcm-4	GO:0005694	GO:0005694	chromosome
mcm-4	GO:0042555	GO:0032991	protein-containing complex
mcm-5	GO:0005634	GO:0005634	nucleus
mcm-5	GO:0005737	GO:0005737	cytoplasm
mcm-5	GO:0005829	GO:0005829	cytosol
mcm-5	GO:0042555	GO:0032991	protein-containing complex
mcm-7	GO:0005634	GO:0005634	nucleus
mcm-7	GO:0042555	GO:0032991	protein-containing complex
mct-3	GO:0005886	GO:0005886	plasma membrane
mct-3	GO:0016020	GO:0016020	membrane
mct-4	GO:0005886	GO:0005886	plasma membrane
mct-4	GO:0016020	GO:0016020	membrane
mct-5	GO:0005886	GO:0005886	plasma membrane
mct-5	GO:0016020	GO:0016020	membrane
mct-6	GO:0005886	GO:0005886	plasma membrane
mct-6	GO:0016020	GO:0016020	membrane
mcu-1	GO:0005739	GO:0005739	mitochondrion
mcu-1	GO:0005743;GO:0016020	GO:0016020	membrane
mcu-1	GO:1990246	GO:0032991	protein-containing complex
mdf-1	GO:0005634	GO:0005634	nucleus
mdf-1	GO:0005635	GO:0005635	nuclear envelope
mdf-1	GO:0031965	GO:0016020	membrane
mdf-1	GO:1990728	GO:0032991	protein-containing complex
mdf-1	GO:0000776;GO:0072686	GO:0043226	organelle
mdf-1	GO:0034399		
mdf-2	GO:0005634;GO:0045120	GO:0005634	nucleus
mdf-2	GO:0005654	GO:0005654	nucleoplasm
mdf-2	GO:0005813	GO:0005815	microtubule organizing center
mdf-2	GO:1990728	GO:0032991	protein-containing complex
mdf-2	GO:0000776	GO:0043226	organelle
mdf-2	GO:0051233		
mdh-1	GO:0005737	GO:0005737	cytoplasm
mdh-1	GO:0005829	GO:0005829	cytosol
mdh-2	GO:0005737	GO:0005737	cytoplasm
mdh-2	GO:0005739	GO:0005739	mitochondrion
mdh-2	GO:0005759		
mdl-1	GO:0005634	GO:0005634	nucleus
mdl-1	GO:0005667	GO:0032991	protein-containing complex
mdmh-35			
mdt-15	GO:0005634	GO:0005634	nucleus
mdt-17	GO:0005634	GO:0005634	nucleus
mdt-17	GO:0016592;GO:0070847	GO:0032991	protein-containing complex
mdt-4	GO:0005634	GO:0005634	nucleus
mdt-4	GO:0016592;GO:0070847	GO:0032991	protein-containing complex
mec-1	GO:0005615		
mec-10	GO:0005886	GO:0005886	plasma membrane
mec-10	GO:0016020	GO:0016020	membrane
mec-10	GO:0044298		
mec-12	GO:0005737	GO:0005737	cytoplasm
mec-12	GO:0030424	GO:0043005	neuron projection
mec-12	GO:0005874;GO:0043025		
mec-14			
mec-17	GO:0005874		
mec-2	GO:0005886	GO:0005886	plasma membrane
mec-2	GO:0016020;GO:0032589	GO:0016020	membrane
mec-2	GO:0043005	GO:0043005	neuron projection
mec-4	GO:0005886	GO:0005886	plasma membrane
mec-4	GO:0016020;GO:0032589	GO:0016020	membrane
mec-4	GO:0042995	GO:0042995	cell projection
mec-4	GO:0030424	GO:0043005	neuron projection
mec-5	GO:0031012	GO:0031012	extracellular matrix
mec-6	GO:0005886	GO:0005886	plasma membrane
mec-6	GO:0016020	GO:0016020	membrane
mec-6	GO:0042995	GO:0042995	cell projection
mec-6	GO:0030424	GO:0043005	neuron projection
mec-7	GO:0005737	GO:0005737	cytoplasm
mec-7	GO:0005856	GO:0005856	cytoskeleton
mec-7	GO:0043005	GO:0043005	neuron projection
mec-7	GO:0005874;GO:0043025		
mecr-1	GO:0005739	GO:0005739	mitochondrion
mecr-2	GO:0005739	GO:0005739	mitochondrion
mef-2	GO:0005634	GO:0005634	nucleus
mek-1	GO:0005737	GO:0005737	cytoplasm
mek-2			
mel-32	GO:0005634	GO:0005634	nucleus
mel-32	GO:0005739	GO:0005739	mitochondrion
memb-1	GO:0005737	GO:0005737	cytoplasm
memb-1	GO:0005783	GO:0005783	endoplasmic reticulum
memb-1	GO:0005794	GO:0005794	Golgi apparatus
memb-1	GO:0000139;GO:0005789;GO:0012507;GO:0016020;GO:0031902	GO:0016020	membrane
memb-1	GO:0031201	GO:0032991	protein-containing complex
memb-2	GO:0005737	GO:0005737	cytoplasm
memb-2	GO:0005794	GO:0005794	Golgi apparatus
memb-2	GO:0005789;GO:0012507;GO:0016020;GO:0031902	GO:0016020	membrane
memb-2	GO:0031201	GO:0032991	protein-containing complex
memb-2	GO:0012505		
mes-2	GO:0005634	GO:0005634	nucleus
mes-2	GO:0000786;GO:0031519;GO:0035098	GO:0032991	protein-containing complex
mes-4	GO:0000228	GO:0000228	nuclear chromosome
mes-4	GO:0005634	GO:0005634	nucleus
mes-4	GO:0000805;GO:0005694;GO:0030849	GO:0005694	chromosome
mes-4	GO:0000785		
mes-6	GO:0005634	GO:0005634	nucleus
mes-6	GO:0000786;GO:0031519;GO:0035098	GO:0032991	protein-containing complex
met-1	GO:0005634	GO:0005634	nucleus
met-1	GO:0005694	GO:0005694	chromosome
met-1	GO:0000785		
met-2	GO:0005634	GO:0005634	nucleus
met-2	GO:0005694	GO:0005694	chromosome
met-2	GO:0005737	GO:0005737	cytoplasm
metl-13			
metl-5			
metr-1	GO:0005829	GO:0005829	cytosol
mev-1	GO:0005739	GO:0005739	mitochondrion
mev-1	GO:0005743;GO:0016020	GO:0016020	membrane
mev-1	GO:0045273	GO:0032991	protein-containing complex
mfb-1	GO:0005634	GO:0005634	nucleus
mfb-1	GO:0005737	GO:0005737	cytoplasm
mfb-1	GO:0019005	GO:0032991	protein-containing complex
mff-2	GO:0005737	GO:0005737	cytoplasm
mff-2	GO:0005739	GO:0005739	mitochondrion
mff-2	GO:0005777	GO:0005777	peroxisome
mff-2	GO:0005741;GO:0016020	GO:0016020	membrane
mfsd-10	GO:0016020;GO:0031526	GO:0016020	membrane
mfsd-8.1	GO:0005765;GO:0016020	GO:0016020	membrane
mfsd-8.2	GO:0005765;GO:0016020	GO:0016020	membrane
mfsd-8.3	GO:0005765;GO:0016020	GO:0016020	membrane
mfsd-8.4	GO:0005765;GO:0016020	GO:0016020	membrane
mfsd-8.5	GO:0005765;GO:0016020	GO:0016020	membrane
mfsd-8.5	GO:0012505		
mgl-1	GO:0005886	GO:0005886	plasma membrane
mgl-1	GO:0016020	GO:0016020	membrane
mgl-2	GO:0005886	GO:0005886	plasma membrane
mgl-2	GO:0016020;GO:0098839	GO:0016020	membrane
mgl-3	GO:0005886	GO:0005886	plasma membrane
mgl-3	GO:0016020	GO:0016020	membrane
micu-1	GO:0005739	GO:0005739	mitochondrion
micu-1	GO:0005743;GO:0016020	GO:0016020	membrane
micu-1	GO:1990246	GO:0032991	protein-containing complex
micu-1	GO:0005758		
mif-1	GO:0005576	GO:0005576	extracellular region
mif-1	GO:0005615		
mig-14	GO:0005768	GO:0005768	endosome
mig-14	GO:0005794	GO:0005794	Golgi apparatus
mig-14	GO:0005886	GO:0005886	plasma membrane
mig-14	GO:0000139;GO:0005789;GO:0009925;GO:0016020;GO:0016323;GO:0031090;GO:0031901;GO:0031902	GO:0016020	membrane
mig-14	GO:0031410	GO:0031410	cytoplasmic vesicle
mig-14	GO:0012505;GO:0071944		
mig-15	GO:0005737	GO:0005737	cytoplasm
mig-2	GO:0005737	GO:0005737	cytoplasm
mig-2	GO:0005886	GO:0005886	plasma membrane
mig-2	GO:0043005	GO:0043005	neuron projection
mig-2	GO:0009898		
mig-5	GO:0005737;GO:0005938	GO:0005737	cytoplasm
mig-5	GO:0005829	GO:0005829	cytosol
mig-5	GO:0005886	GO:0005886	plasma membrane
mig-5	GO:0016020	GO:0016020	membrane
mig-5	GO:0070161	GO:0030054	cell junction
mir-1			
mir-124			
mir-230			
mir-238			
mir-241			
mir-48			
mir-50			
mir-64			
mir-65			
mir-77			
mir-80			
mir-83			
mir-84			
miro-1	GO:0005739	GO:0005739	mitochondrion
miro-1	GO:0005741;GO:0016020	GO:0016020	membrane
misc-1	GO:0005739	GO:0005739	mitochondrion
misc-1	GO:0005743;GO:0016020	GO:0016020	membrane
mix-1	GO:0005634	GO:0005634	nucleus
mix-1	GO:0000793;GO:0000805;GO:0005694	GO:0005694	chromosome
mix-1	GO:0000796;GO:0032991;GO:0046536	GO:0032991	protein-containing complex
mix-1	GO:0000775;GO:0000785		
miz-1	GO:0000785		
mkk-4	GO:0005737	GO:0005737	cytoplasm
mks-1	GO:0005737	GO:0005737	cytoplasm
mks-1	GO:0005856	GO:0005856	cytoskeleton
mks-1	GO:0005929	GO:0005929	cilium
mks-1	GO:0036038	GO:0032991	protein-containing complex
mks-1	GO:0042995	GO:0042995	cell projection
mks-2	GO:0016020	GO:0016020	membrane
mks-2	GO:0035869		
mks-3	GO:0016020	GO:0016020	membrane
mks-3	GO:0036038	GO:0032991	protein-containing complex
mks-3	GO:0035869		
mks-5	GO:0036064	GO:0005815	microtubule organizing center
mks-5	GO:0005856	GO:0005856	cytoskeleton
mks-5	GO:0005929	GO:0005929	cilium
mks-5	GO:0042995	GO:0042995	cell projection
mks-5	GO:0035869		
mks-6	GO:0035869;GO:0044292		
mksr-1	GO:0005737	GO:0005737	cytoplasm
mksr-1	GO:0005856	GO:0005856	cytoskeleton
mksr-1	GO:0005929	GO:0005929	cilium
mksr-1	GO:0036038	GO:0032991	protein-containing complex
mksr-1	GO:0042995	GO:0042995	cell projection
mksr-1	GO:0035869		
mksr-2	GO:0005737	GO:0005737	cytoplasm
mksr-2	GO:0036064	GO:0005815	microtubule organizing center
mksr-2	GO:0005856	GO:0005856	cytoskeleton
mksr-2	GO:0005929	GO:0005929	cilium
mksr-2	GO:0036038	GO:0032991	protein-containing complex
mksr-2	GO:0042995	GO:0042995	cell projection
mksr-2	GO:0030425	GO:0043005	neuron projection
mksr-2	GO:0035869;GO:0044292		
mlc-1	GO:0005737	GO:0005737	cytoplasm
mlc-1	GO:0005859;GO:0016459;GO:0016460	GO:0032991	protein-containing complex
mlc-2	GO:0005737	GO:0005737	cytoplasm
mlc-2	GO:0016459;GO:0016460	GO:0032991	protein-containing complex
mlc-3	GO:0005859;GO:0016459	GO:0032991	protein-containing complex
mlc-3	GO:0005863		
mlc-4	GO:0005737	GO:0005737	cytoplasm
mlc-4	GO:0005856	GO:0005856	cytoskeleton
mlc-4	GO:0016459;GO:0016460;GO:0031941	GO:0032991	protein-containing complex
mlc-5	GO:0005737	GO:0005737	cytoplasm
mlc-5	GO:0005856;GO:0015629	GO:0005856	cytoskeleton
mlc-5	GO:0016459;GO:0016460	GO:0032991	protein-containing complex
mlc-6	GO:0016460	GO:0032991	protein-containing complex
mlc-7	GO:0016460	GO:0032991	protein-containing complex
mlcd-1	GO:0005759;GO:0005782		
mlck-1	GO:0005737	GO:0005737	cytoplasm
mlh-1	GO:0005634	GO:0005634	nucleus
mlh-1	GO:0032300;GO:0032389	GO:0032991	protein-containing complex
mlp-1	GO:0005634	GO:0005634	nucleus
mlp-1	GO:0005737	GO:0005737	cytoplasm
mlp-1	GO:0055120		
mls-1	GO:0005634	GO:0005634	nucleus
mls-1	GO:0000785		
mls-2	GO:0005634	GO:0005634	nucleus
mlt-11	GO:0005615		
mlt-2			
mlt-4	GO:0005929	GO:0005929	cilium
mlt-7	GO:0005615		
mma-1	GO:0005634	GO:0005634	nucleus
mma-1	GO:0005739	GO:0005739	mitochondrion
mmaa-1	GO:0005737	GO:0005737	cytoplasm
mmaa-1	GO:0005739	GO:0005739	mitochondrion
mmab-1			
mmad-1	GO:0005739	GO:0005739	mitochondrion
mmcm-1	GO:0005737	GO:0005737	cytoplasm
mmcm-1	GO:0005739	GO:0005739	mitochondrion
mmcm-1	GO:0005759		
mml-1	GO:0005634	GO:0005634	nucleus
mml-1	GO:0005737	GO:0005737	cytoplasm
mml-1	GO:0005739	GO:0005739	mitochondrion
mnr-1	GO:0005576	GO:0005576	extracellular region
mnr-1	GO:0005886	GO:0005886	plasma membrane
mnr-1	GO:0016020	GO:0016020	membrane
mnr-1	GO:0005615		
moc-1	GO:0005737	GO:0005737	cytoplasm
moc-1	GO:0005829	GO:0005829	cytosol
moc-1	GO:0045211	GO:0016020	membrane
moc-1	GO:0030425	GO:0043005	neuron projection
moc-1	GO:0099572	GO:0043226	organelle
moc-2	GO:0005829	GO:0005829	cytosol
moc-5			
mocs-1			
mod-1	GO:0005886	GO:0005886	plasma membrane
mod-1	GO:0016020	GO:0016020	membrane
mod-1	GO:0043025;GO:0098794		
mod-5	GO:0005886	GO:0005886	plasma membrane
mod-5	GO:0016020	GO:0016020	membrane
mod-5	GO:0043005	GO:0043005	neuron projection
mod-5	GO:0045202	GO:0045202	synapse
mod-5	GO:0098793		
mog-1	GO:0005634	GO:0005634	nucleus
mog-1	GO:0005681	GO:0032991	protein-containing complex
mog-2	GO:0005634	GO:0005634	nucleus
mog-2	GO:0005654	GO:0005654	nucleoplasm
mog-2	GO:0005686;GO:1990904	GO:0032991	protein-containing complex
mogs-1	GO:0005783	GO:0005783	endoplasmic reticulum
mogs-1	GO:0005789;GO:0016020	GO:0016020	membrane
mom-1	GO:0005783	GO:0005783	endoplasmic reticulum
mom-1	GO:0005789;GO:0016020	GO:0016020	membrane
mom-2	GO:0005576	GO:0005576	extracellular region
mom-2	GO:0005615		
mom-4	GO:0005737	GO:0005737	cytoplasm
mom-4	GO:0055120		
mom-5	GO:0005768;GO:0005769	GO:0005768	endosome
mom-5	GO:0005886	GO:0005886	plasma membrane
mom-5	GO:0016020	GO:0016020	membrane
moma-1	GO:0005739	GO:0005739	mitochondrion
moma-1	GO:0005741;GO:0016020	GO:0016020	membrane
moma-1	GO:0061617	GO:0032991	protein-containing complex
mop-25.1			
mop-25.2	GO:0005737	GO:0005737	cytoplasm
mop-25.2	GO:0005856	GO:0005856	cytoskeleton
mop-25.2	GO:0000922		
morc-1	GO:0005634	GO:0005634	nucleus
morc-1	GO:0016604	GO:0043226	organelle
mpc-1	GO:0005739	GO:0005739	mitochondrion
mpc-1	GO:0005743;GO:0016020	GO:0016020	membrane
mpc-2	GO:0005739	GO:0005739	mitochondrion
mpc-2	GO:0005743;GO:0016020	GO:0016020	membrane
mpdu-1	GO:0016020	GO:0016020	membrane
mpk-1	GO:0005634	GO:0005634	nucleus
mpk-1	GO:0005737	GO:0005737	cytoplasm
mpk-2	GO:0005634	GO:0005634	nucleus
mpk-2	GO:0005737	GO:0005737	cytoplasm
mppa-1	GO:0005739	GO:0005739	mitochondrion
mppa-1	GO:0017087	GO:0032991	protein-containing complex
mppa-1	GO:0005759		
mppb-1	GO:0005739	GO:0005739	mitochondrion
mppb-1	GO:0017087	GO:0032991	protein-containing complex
mppb-1	GO:0005759		
mpst-1	GO:0005739	GO:0005739	mitochondrion
mpst-2	GO:0005739	GO:0005739	mitochondrion
mpst-3	GO:0005739	GO:0005739	mitochondrion
mpst-4	GO:0005739	GO:0005739	mitochondrion
mpst-5			
mpst-6	GO:0005739	GO:0005739	mitochondrion
mpst-7	GO:0005739	GO:0005739	mitochondrion
mpst-7	GO:0016020	GO:0016020	membrane
mpz-1	GO:0016020	GO:0016020	membrane
mpz-1	GO:0062049	GO:0032991	protein-containing complex
mpz-1	GO:0030424	GO:0043005	neuron projection
mrck-1	GO:0005737;GO:0005938	GO:0005737	cytoplasm
mrck-1	GO:0005856	GO:0005856	cytoskeleton
mre-11	GO:0005634	GO:0005634	nucleus
mre-11	GO:0005694	GO:0005694	chromosome
mre-11	GO:0030870	GO:0032991	protein-containing complex
mre-11	GO:0035861		
mrp-1	GO:0000323;GO:0005773	GO:0005773	vacuole
mrp-1	GO:0005886	GO:0005886	plasma membrane
mrp-1	GO:0005774;GO:0016020	GO:0016020	membrane
mrp-2	GO:0000323;GO:0005773	GO:0005773	vacuole
mrp-2	GO:0005886	GO:0005886	plasma membrane
mrp-2	GO:0005774;GO:0016020	GO:0016020	membrane
mrp-5	GO:0005886	GO:0005886	plasma membrane
mrp-5	GO:0016020;GO:0016323	GO:0016020	membrane
mrp-6	GO:0005886	GO:0005886	plasma membrane
mrp-6	GO:0016020	GO:0016020	membrane
mrp-7	GO:0005886	GO:0005886	plasma membrane
mrp-7	GO:0016020	GO:0016020	membrane
mrpl-12	GO:0005737	GO:0005737	cytoplasm
mrpl-12	GO:0005840	GO:0005840	ribosome
mrpl-12	GO:0005762;GO:1990904	GO:0032991	protein-containing complex
mrpl-15	GO:0005840	GO:0005840	ribosome
mrpl-15	GO:0005762;GO:0015934;GO:1990904	GO:0032991	protein-containing complex
mrpl-39	GO:0005739	GO:0005739	mitochondrion
mrpl-39	GO:0005840	GO:0005840	ribosome
mrpl-40	GO:0005739	GO:0005739	mitochondrion
mrpl-40	GO:0005761;GO:0005840	GO:0005840	ribosome
mrpl-40	GO:0005762;GO:1990904	GO:0032991	protein-containing complex
mrpl-44	GO:0005634	GO:0005634	nucleus
mrpl-44	GO:0005739	GO:0005739	mitochondrion
mrpl-44	GO:0005840	GO:0005840	ribosome
mrpl-44	GO:0005762;GO:1990904	GO:0032991	protein-containing complex
mrpl-45	GO:0005739	GO:0005739	mitochondrion
mrpl-45	GO:0005840	GO:0005840	ribosome
mrpl-45	GO:1990904	GO:0032991	protein-containing complex
mrpl-50	GO:0005739	GO:0005739	mitochondrion
mrpl-50	GO:0005840	GO:0005840	ribosome
mrpl-50	GO:0005762;GO:1990904	GO:0032991	protein-containing complex
mrpr-1			
mrps-12	GO:0005840	GO:0005840	ribosome
mrps-12	GO:0005763;GO:0015935;GO:1990904	GO:0032991	protein-containing complex
mrps-14	GO:0005737	GO:0005737	cytoplasm
mrps-14	GO:0005739	GO:0005739	mitochondrion
mrps-14	GO:0005840	GO:0005840	ribosome
mrps-14	GO:0005763;GO:1990904	GO:0032991	protein-containing complex
mrps-16	GO:0005739	GO:0005739	mitochondrion
mrps-16	GO:0005840	GO:0005840	ribosome
mrps-16	GO:0005743	GO:0016020	membrane
mrps-16	GO:0005763;GO:0015935;GO:1990904	GO:0032991	protein-containing complex
mrps-16	GO:0005759		
mrps-18C	GO:0005739	GO:0005739	mitochondrion
mrps-18C	GO:0005840	GO:0005840	ribosome
mrps-18C	GO:0005762;GO:1990904	GO:0032991	protein-containing complex
mrps-2	GO:0005739	GO:0005739	mitochondrion
mrps-2	GO:0005840	GO:0005840	ribosome
mrps-2	GO:0005743	GO:0016020	membrane
mrps-2	GO:0005763;GO:0015935;GO:1990904	GO:0032991	protein-containing complex
mrps-22	GO:0005840	GO:0005840	ribosome
mrps-22	GO:0005763	GO:0032991	protein-containing complex
mrps-23	GO:0005739	GO:0005739	mitochondrion
mrps-23	GO:0005840	GO:0005840	ribosome
mrps-23	GO:0005763;GO:1990904	GO:0032991	protein-containing complex
mrps-25	GO:0005739	GO:0005739	mitochondrion
mrps-25	GO:0005840	GO:0005840	ribosome
mrps-25	GO:0005763;GO:1990904	GO:0032991	protein-containing complex
mrps-28	GO:0005840	GO:0005840	ribosome
mrps-28	GO:0005763	GO:0032991	protein-containing complex
mrps-33	GO:0005739	GO:0005739	mitochondrion
mrps-33	GO:0005840	GO:0005840	ribosome
mrps-33	GO:1990904	GO:0032991	protein-containing complex
mrps-34	GO:0005739	GO:0005739	mitochondrion
mrps-34	GO:0005840	GO:0005840	ribosome
mrps-34	GO:0005763	GO:0032991	protein-containing complex
mrps-7	GO:0005739	GO:0005739	mitochondrion
mrps-7	GO:0005840	GO:0005840	ribosome
mrps-7	GO:0005763;GO:1990904	GO:0032991	protein-containing complex
mrt-1	GO:0005634	GO:0005634	nucleus
mrt-1	GO:0005694	GO:0005694	chromosome
mrt-1	GO:0000781		
msh-2	GO:0005634	GO:0005634	nucleus
msh-2	GO:0032301	GO:0032991	protein-containing complex
msh-5	GO:0005634	GO:0005634	nucleus
msh-5	GO:0005694	GO:0005694	chromosome
msh-6	GO:0005634	GO:0005634	nucleus
msh-6	GO:0032301	GO:0032991	protein-containing complex
msi-1	GO:0005737	GO:0005737	cytoplasm
msi-1	GO:0043204		
mspn-1	GO:0005739	GO:0005739	mitochondrion
mspn-1	GO:0005741;GO:0016020	GO:0016020	membrane
mtch-1	GO:0005739	GO:0005739	mitochondrion
mtch-1	GO:0005741;GO:0016020	GO:0016020	membrane
mtcu-1	GO:0005737	GO:0005737	cytoplasm
mtcu-1	GO:0005739	GO:0005739	mitochondrion
mtcu-2	GO:0005737	GO:0005737	cytoplasm
mtcu-2	GO:0005739	GO:0005739	mitochondrion
mtcu-2	GO:0005829	GO:0005829	cytosol
mthf-1	GO:0005829	GO:0005829	cytosol
mtm-1	GO:0005737;GO:0005938;GO:0045179	GO:0005737	cytoplasm
mtm-1	GO:0005829	GO:0005829	cytosol
mtm-1	GO:0005886	GO:0005886	plasma membrane
mtm-1	GO:0016020;GO:0016324	GO:0016020	membrane
mtm-1	GO:0042995	GO:0042995	cell projection
mtm-1	GO:0001891		
mtm-10	GO:0005737	GO:0005737	cytoplasm
mtm-10	GO:0016020	GO:0016020	membrane
mtm-3	GO:0005737	GO:0005737	cytoplasm
mtm-3	GO:0016020	GO:0016020	membrane
mtm-5	GO:0005737	GO:0005737	cytoplasm
mtm-5	GO:0016020	GO:0016020	membrane
mtm-6	GO:0005737	GO:0005737	cytoplasm
mtm-6	GO:0005829	GO:0005829	cytosol
mtm-6	GO:0005886	GO:0005886	plasma membrane
mtm-6	GO:0016020;GO:0016324	GO:0016020	membrane
mtm-6	GO:1904144	GO:0032991	protein-containing complex
mtm-9	GO:0005737	GO:0005737	cytoplasm
mtm-9	GO:0005829	GO:0005829	cytosol
mtm-9	GO:0005886	GO:0005886	plasma membrane
mtm-9	GO:0016020;GO:0016324	GO:0016020	membrane
mtm-9	GO:1904144	GO:0032991	protein-containing complex
mtp-18	GO:0005739	GO:0005739	mitochondrion
mtp-18	GO:0005743;GO:0016020	GO:0016020	membrane
mtpn-1	GO:0005634	GO:0005634	nucleus
mtpn-1	GO:0005737	GO:0005737	cytoplasm
mtr-4	GO:0005634	GO:0005634	nucleus
mtr-4	GO:0031499	GO:0032991	protein-containing complex
mtrr-1	GO:0005829	GO:0005829	cytosol
mtss-1	GO:0005739	GO:0005739	mitochondrion
mtss-1	GO:0042645	GO:0043226	organelle
mttu-1	GO:0005739	GO:0005739	mitochondrion
mua-3	GO:0005576	GO:0005576	extracellular region
mua-3	GO:0005886	GO:0005886	plasma membrane
mua-3	GO:0016020	GO:0016020	membrane
mua-3	GO:0030056;GO:0070161	GO:0030054	cell junction
mua-3	GO:0005882		
mua-6	GO:0030056;GO:0070161	GO:0030054	cell junction
mua-6	GO:0005652;GO:0005882		
mup-2	GO:0005861	GO:0032991	protein-containing complex
mus-81	GO:0005634	GO:0005634	nucleus
mus-81	GO:0048476	GO:0032991	protein-containing complex
mvk-1	GO:0005737	GO:0005737	cytoplasm
mvk-1	GO:0005829	GO:0005829	cytosol
mxl-1	GO:0005634	GO:0005634	nucleus
mxl-1	GO:0005667;GO:0090575	GO:0032991	protein-containing complex
mxl-2	GO:0005634	GO:0005634	nucleus
mxl-2	GO:0005737	GO:0005737	cytoplasm
mxl-2	GO:0005739	GO:0005739	mitochondrion
mxl-3	GO:0005634	GO:0005634	nucleus
mxl-3	GO:0005737	GO:0005737	cytoplasm
mxl-3	GO:0090575	GO:0032991	protein-containing complex
myo-1	GO:0005737	GO:0005737	cytoplasm
myo-1	GO:0016459;GO:0016460	GO:0032991	protein-containing complex
myo-1	GO:0030016	GO:0043226	organelle
myo-1	GO:0005863;GO:0032982		
myo-2	GO:0005737	GO:0005737	cytoplasm
myo-2	GO:0005859;GO:0016459;GO:0016460	GO:0032991	protein-containing complex
myo-2	GO:0030016	GO:0043226	organelle
myo-2	GO:0005863;GO:0031672;GO:0032982		
myo-3	GO:0005737	GO:0005737	cytoplasm
myo-3	GO:0016459;GO:0016460	GO:0032991	protein-containing complex
myo-3	GO:0030016	GO:0043226	organelle
myo-3	GO:0005863;GO:0031672;GO:0032982		
myo-5	GO:0005737	GO:0005737	cytoplasm
myo-5	GO:0016459;GO:0016460	GO:0032991	protein-containing complex
myo-5	GO:0030016	GO:0043226	organelle
myo-5	GO:0005863;GO:0032982		
myrf-1	GO:0005634	GO:0005634	nucleus
myrf-1	GO:0005737	GO:0005737	cytoplasm
myrf-1	GO:0005783	GO:0005783	endoplasmic reticulum
myrf-1	GO:0005886	GO:0005886	plasma membrane
myrf-1	GO:0005789;GO:0016020;GO:0016324	GO:0016020	membrane
myrf-1	GO:0005667	GO:0032991	protein-containing complex
myrf-1	GO:0045178		
myrf-2	GO:0005634	GO:0005634	nucleus
myrf-2	GO:0005737	GO:0005737	cytoplasm
myrf-2	GO:0005783	GO:0005783	endoplasmic reticulum
myrf-2	GO:0005886	GO:0005886	plasma membrane
myrf-2	GO:0005789;GO:0016020;GO:0016324	GO:0016020	membrane
myrf-2	GO:0005667	GO:0032991	protein-containing complex
mys-1	GO:0005634	GO:0005634	nucleus
mys-1	GO:0035267	GO:0032991	protein-containing complex
mys-2	GO:0005634	GO:0005634	nucleus
mys-2	GO:0035267;GO:0044545;GO:0072487	GO:0032991	protein-containing complex
mys-4	GO:0005634	GO:0005634	nucleus
mys-4	GO:0036409	GO:0032991	protein-containing complex
mys-4	GO:0000785		
nab-1	GO:0005737	GO:0005737	cytoplasm
nab-1	GO:0005856;GO:0015629;GO:0030864	GO:0005856	cytoskeleton
nab-1	GO:0005886	GO:0005886	plasma membrane
nab-1	GO:0036062	GO:0016020	membrane
nab-1	GO:0120025	GO:0042995	cell projection
nab-1	GO:0030425	GO:0043005	neuron projection
nab-1	GO:0014069	GO:0043226	organelle
nab-1	GO:0045202	GO:0045202	synapse
nab-1	GO:0001725;GO:0048786		
nac-1	GO:0005886	GO:0005886	plasma membrane
nac-1	GO:0016020	GO:0016020	membrane
nac-2	GO:0005886	GO:0005886	plasma membrane
nac-2	GO:0016020	GO:0016020	membrane
nac-3	GO:0005886	GO:0005886	plasma membrane
nac-3	GO:0016020	GO:0016020	membrane
nap-1	GO:0005634	GO:0005634	nucleus
nap-1	GO:0005737	GO:0005737	cytoplasm
nap-1	GO:0000785		
nape-1	GO:0005737	GO:0005737	cytoplasm
nape-1	GO:0043005	GO:0043005	neuron projection
nape-1	GO:0043025		
nape-2	GO:0005737	GO:0005737	cytoplasm
nape-2	GO:0043005	GO:0043005	neuron projection
nape-2	GO:0043025		
nars-1	GO:0005737	GO:0005737	cytoplasm
nars-2	GO:0005739	GO:0005739	mitochondrion
nas-13	GO:0005576	GO:0005576	extracellular region
nas-13	GO:0005615		
nas-14	GO:0005576	GO:0005576	extracellular region
nas-14	GO:0005615		
nas-15	GO:0005576	GO:0005576	extracellular region
nas-15	GO:0005615		
nas-39	GO:0005576	GO:0005576	extracellular region
nas-39	GO:0005615		
nasp-1	GO:0005634	GO:0005634	nucleus
nasp-1	GO:0005654	GO:0005654	nucleoplasm
nasp-2	GO:0005654	GO:0005654	nucleoplasm
natb-1	GO:0031416	GO:0032991	protein-containing complex
nbet-1	GO:0005783	GO:0005783	endoplasmic reticulum
nbet-1	GO:0005794	GO:0005794	Golgi apparatus
nbet-1	GO:0000139;GO:0005789;GO:0016020	GO:0016020	membrane
nbet-1	GO:0031201	GO:0032991	protein-containing complex
nbet-1	GO:0012505		
nca-2	GO:0005886	GO:0005886	plasma membrane
nca-2	GO:0016020	GO:0016020	membrane
ncam-1	GO:0005886	GO:0005886	plasma membrane
ncam-1	GO:0016020	GO:0016020	membrane
ncam-1	GO:0030424	GO:0043005	neuron projection
ncap-1	GO:0016020	GO:0016020	membrane
ncap-1	GO:0030125	GO:0032991	protein-containing complex
ncbp-2	GO:0005634	GO:0005634	nucleus
ncbp-2	GO:0005635	GO:0005635	nuclear envelope
ncbp-2	GO:0005846	GO:0032991	protein-containing complex
ncbp-2	GO:0034399		
ncl-1	GO:0005737	GO:0005737	cytoplasm
ncr-1	GO:0005764	GO:0005764	lysosome
ncr-1	GO:0005770	GO:0005768	endosome
ncr-1	GO:0005886	GO:0005886	plasma membrane
ncr-1	GO:0016020	GO:0016020	membrane
ncr-2	GO:0005886	GO:0005886	plasma membrane
ncr-2	GO:0016020	GO:0016020	membrane
ncx-1	GO:0005886;GO:0042383	GO:0005886	plasma membrane
ncx-1	GO:0016020	GO:0016020	membrane
ncx-1	GO:0030424	GO:0043005	neuron projection
ncx-1	GO:0098794		
ncx-2	GO:0005886;GO:0042383	GO:0005886	plasma membrane
ncx-2	GO:0016020	GO:0016020	membrane
ncx-2	GO:0030424	GO:0043005	neuron projection
ncx-2	GO:0012505;GO:0098794		
ncx-4	GO:0005886	GO:0005886	plasma membrane
ncx-4	GO:0016020	GO:0016020	membrane
ncx-5	GO:0005886	GO:0005886	plasma membrane
ncx-5	GO:0016020	GO:0016020	membrane
ndab-1	GO:0005739	GO:0005739	mitochondrion
ndab-1	GO:0045271	GO:0032991	protein-containing complex
ndab-2	GO:0005739	GO:0005739	mitochondrion
ndab-2	GO:0045271	GO:0032991	protein-containing complex
ndc-80	GO:0005634	GO:0005634	nucleus
ndc-80	GO:0005694	GO:0005694	chromosome
ndc-80	GO:0005737	GO:0005737	cytoplasm
ndc-80	GO:0005856	GO:0005856	cytoskeleton
ndc-80	GO:0031262	GO:0032991	protein-containing complex
ndc-80	GO:0000776	GO:0043226	organelle
ndc-80	GO:0000775;GO:0005874		
ndk-1			
ndnf-1	GO:0005576	GO:0005576	extracellular region
ndrr-1	GO:0005737	GO:0005737	cytoplasm
ndrr-1	GO:0055120		
ndrr-2	GO:0005737	GO:0005737	cytoplasm
ndua-1	GO:0005739	GO:0005739	mitochondrion
ndua-1	GO:0016020	GO:0016020	membrane
ndua-1	GO:0045271	GO:0032991	protein-containing complex
ndua-12	GO:0005739	GO:0005739	mitochondrion
ndua-12	GO:0005743;GO:0016020	GO:0016020	membrane
ndua-12	GO:0045271	GO:0032991	protein-containing complex
ndua-13	GO:0005739	GO:0005739	mitochondrion
ndua-13	GO:0005743;GO:0016020	GO:0016020	membrane
ndua-13	GO:0045271	GO:0032991	protein-containing complex
ndua-2	GO:0005739	GO:0005739	mitochondrion
ndua-2	GO:0005743	GO:0016020	membrane
ndua-2	GO:0045271	GO:0032991	protein-containing complex
ndua-5	GO:0005739	GO:0005739	mitochondrion
ndua-5	GO:0005743;GO:0016020	GO:0016020	membrane
ndua-5	GO:0045271	GO:0032991	protein-containing complex
ndua-7	GO:0005739	GO:0005739	mitochondrion
ndua-7	GO:0005743;GO:0016020	GO:0016020	membrane
ndua-7	GO:0045271	GO:0032991	protein-containing complex
ndua-8	GO:0005739	GO:0005739	mitochondrion
ndua-8	GO:0005743;GO:0016020	GO:0016020	membrane
ndua-8	GO:0045271	GO:0032991	protein-containing complex
ndub-10	GO:0005739	GO:0005739	mitochondrion
ndub-10	GO:0005743;GO:0016020	GO:0016020	membrane
ndub-10	GO:0045271	GO:0032991	protein-containing complex
ndub-11	GO:0005739	GO:0005739	mitochondrion
ndub-11	GO:0005743;GO:0016020	GO:0016020	membrane
ndub-11	GO:0045271	GO:0032991	protein-containing complex
ndub-3	GO:0005739	GO:0005739	mitochondrion
ndub-3	GO:0005743;GO:0016020	GO:0016020	membrane
ndub-3	GO:0045271	GO:0032991	protein-containing complex
ndub-5	GO:0005739	GO:0005739	mitochondrion
ndub-5	GO:0005743;GO:0016020	GO:0016020	membrane
ndub-5	GO:0045271	GO:0032991	protein-containing complex
ndub-6	GO:0005739	GO:0005739	mitochondrion
ndub-6	GO:0045271	GO:0032991	protein-containing complex
ndub-7	GO:0005739	GO:0005739	mitochondrion
ndub-7	GO:0005743;GO:0016020	GO:0016020	membrane
ndub-7	GO:0045271	GO:0032991	protein-containing complex
ndub-7	GO:0005758		
ndub-8	GO:0005739	GO:0005739	mitochondrion
ndub-8	GO:0045271	GO:0032991	protein-containing complex
nduc-2	GO:0005739	GO:0005739	mitochondrion
nduc-2	GO:0005743;GO:0016020	GO:0016020	membrane
nduc-2	GO:0045271	GO:0032991	protein-containing complex
nduf-2.2	GO:0005739	GO:0005739	mitochondrion
nduf-2.2	GO:0045271	GO:0032991	protein-containing complex
nduf-6	GO:0005739	GO:0005739	mitochondrion
nduf-6	GO:0005743;GO:0016020	GO:0016020	membrane
nduf-6	GO:0045271	GO:0032991	protein-containing complex
nduf-7	GO:0005739	GO:0005739	mitochondrion
nduf-7	GO:0045271	GO:0032991	protein-containing complex
nduf-9	GO:0005739	GO:0005739	mitochondrion
nduf-9	GO:0045271	GO:0032991	protein-containing complex
ndus-8	GO:0005739	GO:0005739	mitochondrion
ndus-8	GO:0016020	GO:0016020	membrane
ndus-8	GO:0045271	GO:0032991	protein-containing complex
nduv-2	GO:0005739	GO:0005739	mitochondrion
nduv-2	GO:0005743;GO:0016020	GO:0016020	membrane
nduv-2	GO:0045271;GO:0098796;GO:1902494	GO:0032991	protein-containing complex
ned-8	GO:0005634	GO:0005634	nucleus
ned-8	GO:0005737	GO:0005737	cytoplasm
nefr-1			
nekl-1	GO:0005737	GO:0005737	cytoplasm
nekl-2	GO:0005634	GO:0005634	nucleus
nekl-2	GO:0005737	GO:0005737	cytoplasm
nekl-4			
nep-1	GO:0005886	GO:0005886	plasma membrane
nep-1	GO:0016020	GO:0016020	membrane
nep-10	GO:0005886	GO:0005886	plasma membrane
nep-10	GO:0016020	GO:0016020	membrane
nep-11	GO:0005886	GO:0005886	plasma membrane
nep-11	GO:0016020	GO:0016020	membrane
nep-13	GO:0005886	GO:0005886	plasma membrane
nep-13	GO:0016020	GO:0016020	membrane
nep-2	GO:0005886	GO:0005886	plasma membrane
nep-2	GO:0016020	GO:0016020	membrane
nep-2	GO:0009986		
nep-20	GO:0005886	GO:0005886	plasma membrane
nep-20	GO:0016020	GO:0016020	membrane
nep-21	GO:0005886	GO:0005886	plasma membrane
nep-21	GO:0016020	GO:0016020	membrane
nep-23	GO:0005886	GO:0005886	plasma membrane
nep-23	GO:0016020	GO:0016020	membrane
nep-24	GO:0005886	GO:0005886	plasma membrane
nep-26	GO:0005886	GO:0005886	plasma membrane
nep-26	GO:0016020	GO:0016020	membrane
nep-3	GO:0005886	GO:0005886	plasma membrane
nep-3	GO:0016020	GO:0016020	membrane
nep-4	GO:0005886	GO:0005886	plasma membrane
nep-6	GO:0005886	GO:0005886	plasma membrane
nep-6	GO:0016020	GO:0016020	membrane
nep-8	GO:0005886	GO:0005886	plasma membrane
nep-8	GO:0016020	GO:0016020	membrane
nep-9	GO:0005886	GO:0005886	plasma membrane
nep-9	GO:0016020	GO:0016020	membrane
nex-2	GO:0005634	GO:0005634	nucleus
nex-2	GO:0005737	GO:0005737	cytoplasm
nex-2	GO:0005886	GO:0005886	plasma membrane
nex-2	GO:0012506	GO:0016020	membrane
nex-3	GO:0005634	GO:0005634	nucleus
nex-3	GO:0005737	GO:0005737	cytoplasm
nex-3	GO:0005886	GO:0005886	plasma membrane
nex-3	GO:0012506	GO:0016020	membrane
nex-4	GO:0005634	GO:0005634	nucleus
nex-4	GO:0005737	GO:0005737	cytoplasm
nex-4	GO:0005886	GO:0005886	plasma membrane
nex-4	GO:0012506	GO:0016020	membrane
nfi-1	GO:0005634	GO:0005634	nucleus
nfki-1			
nfm-1	GO:0005886	GO:0005886	plasma membrane
nfm-1	GO:0016020	GO:0016020	membrane
nfm-1	GO:0005912	GO:0030054	cell junction
nfm-1	GO:0030175	GO:0042995	cell projection
nfm-1	GO:0045177		
nfs-1	GO:0005634	GO:0005634	nucleus
nfs-1	GO:0005739	GO:0005739	mitochondrion
nfs-1	GO:0005829	GO:0005829	cytosol
nfs-1	GO:0099128	GO:0032991	protein-containing complex
nft-1			
nfu-1	GO:0005739	GO:0005739	mitochondrion
nfya-1	GO:0005634	GO:0005634	nucleus
nfya-1	GO:0016602	GO:0032991	protein-containing complex
ngn-1	GO:0005634	GO:0005634	nucleus
nhl-1			
nhl-2	GO:0005654	GO:0005654	nucleoplasm
nhl-2	GO:0000932;GO:0043186	GO:0043226	organelle
nhr-111	GO:0005634	GO:0005634	nucleus
nhr-114	GO:0005634	GO:0005634	nucleus
nhr-116	GO:0005634	GO:0005634	nucleus
nhr-129	GO:0005634	GO:0005634	nucleus
nhr-136	GO:0005634	GO:0005634	nucleus
nhr-141	GO:0005634	GO:0005634	nucleus
nhr-147	GO:0005634	GO:0005634	nucleus
nhr-148	GO:0005634	GO:0005634	nucleus
nhr-149	GO:0005634	GO:0005634	nucleus
nhr-152	GO:0005634	GO:0005634	nucleus
nhr-154	GO:0005634	GO:0005634	nucleus
nhr-159	GO:0005634	GO:0005634	nucleus
nhr-166	GO:0005634	GO:0005634	nucleus
nhr-168	GO:0005634	GO:0005634	nucleus
nhr-173	GO:0005634	GO:0005634	nucleus
nhr-186	GO:0005634	GO:0005634	nucleus
nhr-188	GO:0005634	GO:0005634	nucleus
nhr-189	GO:0005634	GO:0005634	nucleus
nhr-2	GO:0005634	GO:0005634	nucleus
nhr-206	GO:0005634	GO:0005634	nucleus
nhr-207	GO:0005634	GO:0005634	nucleus
nhr-208	GO:0005634	GO:0005634	nucleus
nhr-209	GO:0005634	GO:0005634	nucleus
nhr-221	GO:0005634	GO:0005634	nucleus
nhr-23	GO:0005634	GO:0005634	nucleus
nhr-23	GO:0000785		
nhr-247	GO:0005634	GO:0005634	nucleus
nhr-25	GO:0005634	GO:0005634	nucleus
nhr-25	GO:0090575	GO:0032991	protein-containing complex
nhr-253	GO:0005634	GO:0005634	nucleus
nhr-274	GO:0005634	GO:0005634	nucleus
nhr-35	GO:0005634	GO:0005634	nucleus
nhr-36	GO:0005634	GO:0005634	nucleus
nhr-48	GO:0005634	GO:0005634	nucleus
nhr-49	GO:0005634	GO:0005634	nucleus
nhr-49	GO:0005737	GO:0005737	cytoplasm
nhr-6	GO:0005634	GO:0005634	nucleus
nhr-6	GO:0005667	GO:0032991	protein-containing complex
nhr-60	GO:0005634	GO:0005634	nucleus
nhr-60	GO:0005635	GO:0005635	nuclear envelope
nhr-64	GO:0005634	GO:0005634	nucleus
nhr-67	GO:0005634	GO:0005634	nucleus
nhr-69	GO:0005634	GO:0005634	nucleus
nhr-8	GO:0005634	GO:0005634	nucleus
nhr-85	GO:0005634	GO:0005634	nucleus
nhr-93	GO:0005634	GO:0005634	nucleus
nhx-1	GO:0005886	GO:0005886	plasma membrane
nhx-1	GO:0016020	GO:0016020	membrane
nhx-2	GO:0005886	GO:0005886	plasma membrane
nhx-2	GO:0016020;GO:0016324	GO:0016020	membrane
nhx-3	GO:0005886	GO:0005886	plasma membrane
nhx-3	GO:0016020	GO:0016020	membrane
nhx-3	GO:0012505		
nhx-5	GO:0005768;GO:0055037	GO:0005768	endosome
nhx-5	GO:0005886	GO:0005886	plasma membrane
nhx-5	GO:0016020;GO:0055038	GO:0016020	membrane
nhx-6	GO:0005886	GO:0005886	plasma membrane
nhx-6	GO:0016020	GO:0016020	membrane
nhx-9	GO:0005886	GO:0005886	plasma membrane
nhx-9	GO:0016020	GO:0016020	membrane
nipa-1	GO:0016020	GO:0016020	membrane
nipa-1	GO:0043025		
nipi-3	GO:0005634	GO:0005634	nucleus
nish-1	GO:0005737	GO:0005737	cytoplasm
nkb-1	GO:0005886	GO:0005886	plasma membrane
nkb-1	GO:0016020	GO:0016020	membrane
nkb-1	GO:0005890	GO:0032991	protein-containing complex
nkb-2	GO:0016020	GO:0016020	membrane
nkb-2	GO:0005890	GO:0032991	protein-containing complex
nkb-3	GO:0005886	GO:0005886	plasma membrane
nkb-3	GO:0016020	GO:0016020	membrane
nkb-3	GO:0005890	GO:0032991	protein-containing complex
nkcc-1	GO:0016020	GO:0016020	membrane
nlg-1	GO:0005886	GO:0005886	plasma membrane
nlg-1	GO:0016020	GO:0016020	membrane
nlg-1	GO:0030424;GO:0030425	GO:0043005	neuron projection
nlg-1	GO:0045202	GO:0045202	synapse
nlg-1	GO:0009986;GO:0098793		
nlr-1	GO:0005886	GO:0005886	plasma membrane
nlr-1	GO:0016020	GO:0016020	membrane
nlr-1	GO:0005921;GO:0070161	GO:0030054	cell junction
nmat-1			
nmat-2			
nmgp-1	GO:0005886	GO:0005886	plasma membrane
nmgp-1	GO:0016020	GO:0016020	membrane
nmr-1	GO:0005886	GO:0005886	plasma membrane
nmr-1	GO:0016020;GO:0045211	GO:0016020	membrane
nmr-1	GO:0017146	GO:0032991	protein-containing complex
nmr-1	GO:0043005	GO:0043005	neuron projection
nmr-1	GO:0014069	GO:0043226	organelle
nmr-1	GO:0045202	GO:0045202	synapse
nmr-2	GO:0005886	GO:0005886	plasma membrane
nmr-2	GO:0016020;GO:0045211;GO:0098839	GO:0016020	membrane
nmr-2	GO:0045202	GO:0045202	synapse
nmrk-1	GO:0005737	GO:0005737	cytoplasm
nmrk-1	GO:0005829	GO:0005829	cytosol
nmrk-1	GO:1990140	GO:0032991	protein-containing complex
nmt-1	GO:0005737	GO:0005737	cytoplasm
nmt-1	GO:0005829	GO:0005829	cytosol
nmur-2	GO:0005886	GO:0005886	plasma membrane
nmur-2	GO:0016020	GO:0016020	membrane
nmy-1	GO:0005737	GO:0005737	cytoplasm
nmy-1	GO:0005912	GO:0030054	cell junction
nmy-1	GO:0016459;GO:0016460	GO:0032991	protein-containing complex
nmy-1	GO:0043292	GO:0043226	organelle
nmy-1	GO:0005863;GO:0032982		
nmy-2	GO:0005737;GO:0005938	GO:0005737	cytoplasm
nmy-2	GO:0032154	GO:0016020	membrane
nmy-2	GO:0016459;GO:0016460	GO:0032991	protein-containing complex
nmy-2	GO:0072686	GO:0043226	organelle
nmy-2	GO:0005863;GO:0032982;GO:0070938		
nnt-1	GO:0005739	GO:0005739	mitochondrion
nnt-1	GO:0005886	GO:0005886	plasma membrane
nnt-1	GO:0005743;GO:0016020	GO:0016020	membrane
nob-1	GO:0005634	GO:0005634	nucleus
noca-2	GO:0005737	GO:0005737	cytoplasm
noca-2	GO:0005813;GO:0005815	GO:0005815	microtubule organizing center
noca-2	GO:0005856	GO:0005856	cytoskeleton
nog-1	GO:0005634	GO:0005634	nucleus
nog-1	GO:0005730	GO:0005730	nucleolus
nol-56	GO:0005634	GO:0005634	nucleus
nol-56	GO:0005730	GO:0005730	nucleolus
nol-56	GO:0031428;GO:0032040	GO:0032991	protein-containing complex
nola-3	GO:0005634	GO:0005634	nucleus
nola-3	GO:0005730	GO:0005730	nucleolus
nola-3	GO:0031429;GO:1990904	GO:0032991	protein-containing complex
nono-1	GO:0005634	GO:0005634	nucleus
nono-1	GO:0016020	GO:0016020	membrane
nonu-1			
nphp-1	GO:0005737	GO:0005737	cytoplasm
nphp-1	GO:0036064	GO:0005815	microtubule organizing center
nphp-1	GO:0005929;GO:0097730	GO:0005929	cilium
nphp-1	GO:0035869;GO:0097546		
nphp-4	GO:0036064	GO:0005815	microtubule organizing center
nphp-4	GO:0005856	GO:0005856	cytoskeleton
nphp-4	GO:0097730	GO:0005929	cilium
nphp-4	GO:0035869;GO:0097546		
npl-4.1	GO:0005634	GO:0005634	nucleus
npl-4.1	GO:0005737	GO:0005737	cytoplasm
npl-4.1	GO:0034098	GO:0032991	protein-containing complex
npl-4.2	GO:0005634	GO:0005634	nucleus
npl-4.2	GO:0005737	GO:0005737	cytoplasm
npl-4.2	GO:0034098	GO:0032991	protein-containing complex
npp-1	GO:0005634	GO:0005634	nucleus
npp-1	GO:0005635	GO:0005635	nuclear envelope
npp-1	GO:0005643;GO:0044613	GO:0032991	protein-containing complex
npp-10	GO:0005634	GO:0005634	nucleus
npp-10	GO:0005635	GO:0005635	nuclear envelope
npp-10	GO:0005694	GO:0005694	chromosome
npp-10	GO:0005737	GO:0005737	cytoplasm
npp-10	GO:0016020;GO:0031965	GO:0016020	membrane
npp-10	GO:0005643;GO:0044614	GO:0032991	protein-containing complex
npp-10	GO:0000776;GO:0043186	GO:0043226	organelle
npp-11	GO:0005635	GO:0005635	nuclear envelope
npp-11	GO:0005643;GO:0044613	GO:0032991	protein-containing complex
npp-13	GO:0005634	GO:0005634	nucleus
npp-13	GO:0016020	GO:0016020	membrane
npp-13	GO:0005643	GO:0032991	protein-containing complex
npp-14	GO:0005634	GO:0005634	nucleus
npp-14	GO:0016020;GO:0031965	GO:0016020	membrane
npp-14	GO:0005643	GO:0032991	protein-containing complex
npp-15	GO:0005634	GO:0005634	nucleus
npp-15	GO:0005635	GO:0005635	nuclear envelope
npp-15	GO:0031965	GO:0016020	membrane
npp-15	GO:0005643;GO:0031080	GO:0032991	protein-containing complex
npp-15	GO:0000776	GO:0043226	organelle
npp-16	GO:0005634	GO:0005634	nucleus
npp-16	GO:0016020;GO:0031965	GO:0016020	membrane
npp-16	GO:0005643	GO:0032991	protein-containing complex
npp-19	GO:0005634	GO:0005634	nucleus
npp-19	GO:0005635	GO:0005635	nuclear envelope
npp-19	GO:0016020;GO:0031965	GO:0016020	membrane
npp-19	GO:0005643;GO:0044613;GO:0044615	GO:0032991	protein-containing complex
npp-2	GO:0005634	GO:0005634	nucleus
npp-2	GO:0016020;GO:0031965	GO:0016020	membrane
npp-2	GO:0005643;GO:0031080	GO:0032991	protein-containing complex
npp-20	GO:0005634	GO:0005634	nucleus
npp-20	GO:0005764	GO:0005764	lysosome
npp-20	GO:0005783	GO:0005783	endoplasmic reticulum
npp-20	GO:0005765;GO:0005789;GO:0012507;GO:0016020	GO:0016020	membrane
npp-20	GO:0031410	GO:0031410	cytoplasmic vesicle
npp-20	GO:0005643;GO:0030127;GO:0031080	GO:0032991	protein-containing complex
npp-21	GO:0005643	GO:0032991	protein-containing complex
npp-23	GO:0005634	GO:0005634	nucleus
npp-23	GO:0005643;GO:0031080	GO:0032991	protein-containing complex
npp-23	GO:0000776	GO:0043226	organelle
npp-3	GO:0005634	GO:0005634	nucleus
npp-3	GO:0005643;GO:0044611	GO:0032991	protein-containing complex
npp-5	GO:0005634	GO:0005634	nucleus
npp-5	GO:0005635	GO:0005635	nuclear envelope
npp-5	GO:0005694	GO:0005694	chromosome
npp-5	GO:0016020;GO:0031965	GO:0016020	membrane
npp-5	GO:0005643;GO:0031080	GO:0032991	protein-containing complex
npp-5	GO:0000776	GO:0043226	organelle
npp-5	GO:0000775		
npp-6	GO:0005634	GO:0005634	nucleus
npp-6	GO:0031965	GO:0016020	membrane
npp-6	GO:0005643	GO:0032991	protein-containing complex
npp-8	GO:0005634	GO:0005634	nucleus
npp-8	GO:0005635	GO:0005635	nuclear envelope
npp-8	GO:0005643;GO:0044611	GO:0032991	protein-containing complex
npp-9	GO:0005737	GO:0005737	cytoplasm
npp-9	GO:0005643	GO:0032991	protein-containing complex
npr-1	GO:0005886	GO:0005886	plasma membrane
npr-1	GO:0016020	GO:0016020	membrane
npr-1	GO:0030424;GO:0030425;GO:0043005	GO:0043005	neuron projection
npr-1	GO:0043025		
npr-10	GO:0005886	GO:0005886	plasma membrane
npr-10	GO:0016020	GO:0016020	membrane
npr-10	GO:0043005	GO:0043005	neuron projection
npr-11	GO:0005886	GO:0005886	plasma membrane
npr-11	GO:0016020	GO:0016020	membrane
npr-12	GO:0016020	GO:0016020	membrane
npr-13	GO:0005886	GO:0005886	plasma membrane
npr-13	GO:0016020	GO:0016020	membrane
npr-13	GO:0043005	GO:0043005	neuron projection
npr-14	GO:0005886	GO:0005886	plasma membrane
npr-14	GO:0016020	GO:0016020	membrane
npr-16	GO:0005886	GO:0005886	plasma membrane
npr-16	GO:0016020	GO:0016020	membrane
npr-16	GO:0043005	GO:0043005	neuron projection
npr-17	GO:0005886	GO:0005886	plasma membrane
npr-17	GO:0016020	GO:0016020	membrane
npr-17	GO:0043005	GO:0043005	neuron projection
npr-19	GO:0016020	GO:0016020	membrane
npr-24	GO:0005886	GO:0005886	plasma membrane
npr-24	GO:0016020	GO:0016020	membrane
npr-24	GO:0043005	GO:0043005	neuron projection
npr-28	GO:0005886	GO:0005886	plasma membrane
npr-28	GO:0016020	GO:0016020	membrane
npr-28	GO:0043005	GO:0043005	neuron projection
npr-3	GO:0005886	GO:0005886	plasma membrane
npr-3	GO:0016020	GO:0016020	membrane
npr-32	GO:0016020	GO:0016020	membrane
npr-4	GO:0005886	GO:0005886	plasma membrane
npr-4	GO:0016020	GO:0016020	membrane
npr-5	GO:0005886	GO:0005886	plasma membrane
npr-5	GO:0016020	GO:0016020	membrane
npr-5	GO:0043005	GO:0043005	neuron projection
npr-6	GO:0005886	GO:0005886	plasma membrane
npr-6	GO:0016020	GO:0016020	membrane
npr-6	GO:0043005	GO:0043005	neuron projection
npr-7	GO:0005886	GO:0005886	plasma membrane
npr-7	GO:0016020	GO:0016020	membrane
npr-7	GO:0043005	GO:0043005	neuron projection
npr-8	GO:0005886	GO:0005886	plasma membrane
npr-8	GO:0016020	GO:0016020	membrane
npr-9	GO:0005886	GO:0005886	plasma membrane
npr-9	GO:0016020	GO:0016020	membrane
nprl-2	GO:0005774	GO:0016020	membrane
nprl-2	GO:1990130	GO:0032991	protein-containing complex
nprl-3	GO:0005764	GO:0005764	lysosome
nprl-3	GO:0005765;GO:0016020	GO:0016020	membrane
nprl-3	GO:1990130	GO:0032991	protein-containing complex
nrd-1			
nre-1			
nrfl-1	GO:0005886	GO:0005886	plasma membrane
nrfl-1	GO:0016020;GO:0016324;GO:0031528	GO:0016020	membrane
nrfl-1	GO:1990184	GO:0032991	protein-containing complex
nrfl-1	GO:0042995	GO:0042995	cell projection
nrx-1	GO:0016020	GO:0016020	membrane
nrx-1	GO:0048786		
nsf-1	GO:0005737	GO:0005737	cytoplasm
nsf-1	GO:0005795		
nst-1	GO:0005634	GO:0005634	nucleus
nst-1	GO:0005654	GO:0005654	nucleoplasm
nst-1	GO:0005730	GO:0005730	nucleolus
nstp-10	GO:0005794	GO:0005794	Golgi apparatus
nstp-10	GO:0000139;GO:0016020	GO:0016020	membrane
nstp-3	GO:0000139;GO:0016020	GO:0016020	membrane
nstp-5	GO:0005794	GO:0005794	Golgi apparatus
nstp-5	GO:0000139;GO:0016020	GO:0016020	membrane
nstp-6	GO:0000139;GO:0016020	GO:0016020	membrane
nstp-7	GO:0000139;GO:0016020	GO:0016020	membrane
nstp-8	GO:0000139;GO:0016020	GO:0016020	membrane
nstp-9	GO:0005794	GO:0005794	Golgi apparatus
nstp-9	GO:0016020	GO:0016020	membrane
nsun-1	GO:0005634	GO:0005634	nucleus
nsun-1	GO:0005730	GO:0005730	nucleolus
nsun-2	GO:0005634	GO:0005634	nucleus
nsun-2	GO:0005737	GO:0005737	cytoplasm
nsun-5	GO:0005730	GO:0005730	nucleolus
nsy-1	GO:0005737;GO:1904115	GO:0005737	cytoplasm
nsy-1	GO:0042995	GO:0042995	cell projection
nsy-1	GO:0030424	GO:0043005	neuron projection
nsy-1	GO:0014069	GO:0043226	organelle
nsy-1	GO:0043025;GO:0043204		
ntc-1	GO:0005576	GO:0005576	extracellular region
nte-1	GO:0005783	GO:0005783	endoplasmic reticulum
nte-1	GO:0016020	GO:0016020	membrane
nte-2	GO:0005783	GO:0005783	endoplasmic reticulum
nte-2	GO:0016020	GO:0016020	membrane
ntfc-1			
nth-1	GO:0005634	GO:0005634	nucleus
nth-1	GO:0005739	GO:0005739	mitochondrion
ntl-4	GO:0005634	GO:0005634	nucleus
ntl-4	GO:0005737	GO:0005737	cytoplasm
ntl-4	GO:0005829	GO:0005829	cytosol
ntl-4	GO:0030014;GO:0030015	GO:0032991	protein-containing complex
ntr-1	GO:0005886	GO:0005886	plasma membrane
ntr-1	GO:0016020	GO:0016020	membrane
ntr-2	GO:0005886	GO:0005886	plasma membrane
ntr-2	GO:0016020	GO:0016020	membrane
nuaf-1	GO:0005739	GO:0005739	mitochondrion
nuaf-3	GO:0005739	GO:0005739	mitochondrion
nuaf-3	GO:0005743	GO:0016020	membrane
nuaf-5	GO:0005739	GO:0005739	mitochondrion
nuaf-6			
nuc-1	GO:0005634	GO:0005634	nucleus
nuc-1	GO:0005764	GO:0005764	lysosome
nucb-1	GO:0005576	GO:0005576	extracellular region
nucb-1	GO:0005737	GO:0005737	cytoplasm
nucb-1	GO:0005794	GO:0005794	Golgi apparatus
nucb-1	GO:0016020	GO:0016020	membrane
nucb-1	GO:0005793	GO:0043226	organelle
nucb-1	GO:0012505		
nud-1	GO:0005737	GO:0005737	cytoplasm
nud-1	GO:0045202	GO:0045202	synapse
nud-2	GO:0005634	GO:0005634	nucleus
nud-2	GO:0005635	GO:0005635	nuclear envelope
nud-2	GO:0005813	GO:0005815	microtubule organizing center
nud-2	GO:0005871;GO:0005875	GO:0032991	protein-containing complex
nud-2	GO:0000776	GO:0043226	organelle
nud-2	GO:0045202	GO:0045202	synapse
num-1	GO:0005737;GO:0005938	GO:0005737	cytoplasm
num-1	GO:0005856	GO:0005856	cytoskeleton
num-1	GO:0005886	GO:0005886	plasma membrane
num-1	GO:0016020;GO:0016323	GO:0016020	membrane
nuo-1	GO:0005739	GO:0005739	mitochondrion
nuo-1	GO:0005743;GO:0016020	GO:0016020	membrane
nuo-1	GO:0045271	GO:0032991	protein-containing complex
nuo-2	GO:0005739	GO:0005739	mitochondrion
nuo-2	GO:0016020	GO:0016020	membrane
nuo-2	GO:0045271	GO:0032991	protein-containing complex
nuo-3	GO:0005739	GO:0005739	mitochondrion
nuo-3	GO:0005743;GO:0016020	GO:0016020	membrane
nuo-3	GO:0045271	GO:0032991	protein-containing complex
nuo-4	GO:0005737	GO:0005737	cytoplasm
nuo-4	GO:0005739	GO:0005739	mitochondrion
nuo-4	GO:0045271	GO:0032991	protein-containing complex
nuo-4	GO:0005759		
nuo-5	GO:0005743;GO:0016020	GO:0016020	membrane
nuo-5	GO:0045271	GO:0032991	protein-containing complex
nurf-1	GO:0005634	GO:0005634	nucleus
nurf-1	GO:0016589	GO:0032991	protein-containing complex
oatr-1	GO:0005737	GO:0005737	cytoplasm
oatr-1	GO:0005739	GO:0005739	mitochondrion
oatr-1	GO:0005759		
oaz-1	GO:0005634	GO:0005634	nucleus
oaz-1	GO:0005737	GO:0005737	cytoplasm
obr-1	GO:0005829	GO:0005829	cytosol
obr-1	GO:0005886	GO:0005886	plasma membrane
obr-1	GO:0097038		
obr-2	GO:0005829	GO:0005829	cytosol
obr-2	GO:0005886	GO:0005886	plasma membrane
obr-2	GO:0097038		
ocr-1	GO:0005886	GO:0005886	plasma membrane
ocr-1	GO:0016020	GO:0016020	membrane
ocr-2	GO:0005886	GO:0005886	plasma membrane
ocr-2	GO:0097730	GO:0005929	cilium
ocr-2	GO:0016020	GO:0016020	membrane
ocr-3	GO:0005886	GO:0005886	plasma membrane
ocr-3	GO:0016020	GO:0016020	membrane
ocr-4	GO:0005886	GO:0005886	plasma membrane
ocr-4	GO:0016020	GO:0016020	membrane
ocrl-1	GO:0005737	GO:0005737	cytoplasm
ocrl-1	GO:0005768	GO:0005768	endosome
ocrl-1	GO:0016020;GO:0030670;GO:0031901	GO:0016020	membrane
ocrl-1	GO:0031410	GO:0031410	cytoplasmic vesicle
ocrl-1	GO:0043005	GO:0043005	neuron projection
oct-1	GO:0016020	GO:0016020	membrane
oct-2	GO:0016020	GO:0016020	membrane
octr-1	GO:0005886	GO:0005886	plasma membrane
octr-1	GO:0016020	GO:0016020	membrane
octr-1	GO:0030425	GO:0043005	neuron projection
octr-1	GO:0045202	GO:0045202	synapse
odc-1	GO:0005737	GO:0005737	cytoplasm
odr-1	GO:0005886	GO:0005886	plasma membrane
odr-1	GO:0016020	GO:0016020	membrane
odr-3	GO:0005737	GO:0005737	cytoplasm
odr-3	GO:0005929;GO:0097730	GO:0005929	cilium
odr-3	GO:0005834	GO:0032991	protein-containing complex
odr-3	GO:0042995	GO:0042995	cell projection
odr-3	GO:0030425	GO:0043005	neuron projection
odr-3	GO:0043025		
odr-8	GO:0005634	GO:0005634	nucleus
odr-8	GO:0005737	GO:0005737	cytoplasm
odr-8	GO:0005783	GO:0005783	endoplasmic reticulum
odr-8	GO:0005789;GO:0016020	GO:0016020	membrane
odr-8	GO:0032991	GO:0032991	protein-containing complex
odr-8	GO:0048471		
oga-1			
ogdh-1	GO:0005739	GO:0005739	mitochondrion
ogdh-1	GO:0031966	GO:0016020	membrane
ogdh-1	GO:0045252	GO:0032991	protein-containing complex
ogdh-1	GO:0005759		
ogdh-2	GO:0005739	GO:0005739	mitochondrion
ogt-1	GO:0005634	GO:0005634	nucleus
ogt-1	GO:0005737	GO:0005737	cytoplasm
ogt-1	GO:0048471		
oma-1	GO:0005634	GO:0005634	nucleus
oma-1	GO:0005737	GO:0005737	cytoplasm
oma-1	GO:0005813	GO:0005815	microtubule organizing center
oma-1	GO:0005829	GO:0005829	cytosol
oma-1	GO:1990904	GO:0032991	protein-containing complex
oma-1	GO:0035770;GO:0036464;GO:0043186	GO:0043226	organelle
oma-2	GO:0005737	GO:0005737	cytoplasm
oma-2	GO:0005813	GO:0005815	microtubule organizing center
oma-2	GO:0005829	GO:0005829	cytosol
oma-2	GO:0005856	GO:0005856	cytoskeleton
oma-2	GO:1990904	GO:0032991	protein-containing complex
oma-2	GO:0043186	GO:0043226	organelle
ooc-5	GO:0005737	GO:0005737	cytoplasm
ooc-5	GO:0005783	GO:0005783	endoplasmic reticulum
ooc-5	GO:0005886	GO:0005886	plasma membrane
ooc-5	GO:0005818;GO:0005819	GO:0043226	organelle
ooc-5	GO:0000922;GO:0005788;GO:0012505;GO:0048471		
orai-1	GO:0005886	GO:0005886	plasma membrane
orai-1	GO:0016020;GO:0016323;GO:0016324	GO:0016020	membrane
orai-1	GO:0005891	GO:0032991	protein-containing complex
orc-1	GO:0005634	GO:0005634	nucleus
orc-1	GO:0005664	GO:0032991	protein-containing complex
osg-1	GO:0005737	GO:0005737	cytoplasm
osm-1	GO:0036064	GO:0005815	microtubule organizing center
osm-1	GO:0005929;GO:0097730	GO:0005929	cilium
osm-1	GO:0030990;GO:0030992	GO:0032991	protein-containing complex
osm-1	GO:0042995	GO:0042995	cell projection
osm-1	GO:0005930;GO:0035869		
osm-12	GO:0005737	GO:0005737	cytoplasm
osm-12	GO:0036064	GO:0005815	microtubule organizing center
osm-12	GO:0005856	GO:0005856	cytoskeleton
osm-12	GO:0005929;GO:0097730	GO:0005929	cilium
osm-12	GO:0016020	GO:0016020	membrane
osm-12	GO:0034464	GO:0032991	protein-containing complex
osm-12	GO:0042995	GO:0042995	cell projection
osm-12	GO:0043005	GO:0043005	neuron projection
osm-12	GO:0005930		
osm-5	GO:0036064	GO:0005815	microtubule organizing center
osm-5	GO:0005929;GO:0097730	GO:0005929	cilium
osm-5	GO:0030992	GO:0032991	protein-containing complex
osm-5	GO:0043005	GO:0043005	neuron projection
osm-5	GO:0005814	GO:0043226	organelle
osm-5	GO:0097546		
osm-6	GO:0005737	GO:0005737	cytoplasm
osm-6	GO:0036064	GO:0005815	microtubule organizing center
osm-6	GO:0005929;GO:0097730	GO:0005929	cilium
osm-6	GO:0030992	GO:0032991	protein-containing complex
osm-6	GO:0005814	GO:0043226	organelle
osm-6	GO:0035869;GO:0043025		
osm-9	GO:0005886	GO:0005886	plasma membrane
osm-9	GO:0097730	GO:0005929	cilium
osm-9	GO:0016020	GO:0016020	membrane
osm-9	GO:0043025;GO:0048471		
ost-1	GO:0005576	GO:0005576	extracellular region
ost-1	GO:0005604	GO:0031012	extracellular matrix
ost-1	GO:0005615		
osta-1	GO:0005886	GO:0005886	plasma membrane
osta-1	GO:0016020;GO:1990075	GO:0016020	membrane
osta-2	GO:0005886	GO:0005886	plasma membrane
osta-2	GO:0016020	GO:0016020	membrane
osta-3	GO:0005886	GO:0005886	plasma membrane
osta-3	GO:0016020	GO:0016020	membrane
ostb-1	GO:0005783	GO:0005783	endoplasmic reticulum
ostb-1	GO:0005789;GO:0016020	GO:0016020	membrane
ostb-1	GO:0008250	GO:0032991	protein-containing complex
otub-1	GO:0005886	GO:0005886	plasma membrane
otub-2	GO:0005634	GO:0005634	nucleus
otub-2	GO:0005737	GO:0005737	cytoplasm
oxi-1	GO:0014069	GO:0043226	organelle
oxi-1	GO:0045202	GO:0045202	synapse
paa-1	GO:0005634	GO:0005634	nucleus
paa-1	GO:0005635	GO:0005635	nuclear envelope
paa-1	GO:0005737	GO:0005737	cytoplasm
paa-1	GO:0005813	GO:0005815	microtubule organizing center
paa-1	GO:0005829	GO:0005829	cytosol
paa-1	GO:0005856	GO:0005856	cytoskeleton
paa-1	GO:0000159;GO:0032991	GO:0032991	protein-containing complex
paa-1	GO:0005819;GO:0043186;GO:0072686	GO:0043226	organelle
pacs-1			
pad-1	GO:0005768	GO:0005768	endosome
pad-1	GO:0005829	GO:0005829	cytosol
pad-1	GO:0005802		
pad-2	GO:0005783	GO:0005783	endoplasmic reticulum
pad-2	GO:0005794	GO:0005794	Golgi apparatus
paf-1	GO:0005829	GO:0005829	cytosol
paf-1	GO:0005789	GO:0016020	membrane
paf-2	GO:0005829	GO:0005829	cytosol
paf-2	GO:0005789	GO:0016020	membrane
pag-3	GO:0005634	GO:0005634	nucleus
pag-3	GO:0042995	GO:0042995	cell projection
pag-3	GO:0030424	GO:0043005	neuron projection
pag-3	GO:0043204		
pah-1	GO:0005737	GO:0005737	cytoplasm
paic-1			
pak-1	GO:0005737	GO:0005737	cytoplasm
pak-1	GO:0005829	GO:0005829	cytosol
pak-1	GO:0005886	GO:0005886	plasma membrane
pak-1	GO:0016020	GO:0016020	membrane
pak-1	GO:0030054;GO:0030056	GO:0030054	cell junction
pak-1	GO:0042995	GO:0042995	cell projection
pak-1	GO:0030424	GO:0043005	neuron projection
pak-1	GO:0043025;GO:0043204		
pak-2	GO:0005737	GO:0005737	cytoplasm
pal-1	GO:0000794	GO:0000228	nuclear chromosome
pal-1	GO:0005634	GO:0005634	nucleus
pal-1	GO:0005694	GO:0005694	chromosome
pal-1	GO:0000776	GO:0043226	organelle
pal-1	GO:0000775		
pamn-1	GO:0005576	GO:0005576	extracellular region
pamn-1	GO:0016020	GO:0016020	membrane
paqr-1	GO:0005886	GO:0005886	plasma membrane
paqr-1	GO:0016020	GO:0016020	membrane
paqr-2	GO:0005886	GO:0005886	plasma membrane
paqr-2	GO:0016020	GO:0016020	membrane
par-1	GO:0005737;GO:0005938	GO:0005737	cytoplasm
par-1	GO:0043186	GO:0043226	organelle
par-1	GO:0071944		
par-3	GO:0005737;GO:0005938;GO:0045179;GO:0061802	GO:0005737	cytoplasm
par-3	GO:0016020;GO:0016324	GO:0016020	membrane
par-3	GO:0005912;GO:0043296	GO:0030054	cell junction
par-3	GO:0043186	GO:0043226	organelle
par-3	GO:0031234;GO:0045177;GO:0045178		
par-4	GO:0005737;GO:0005938	GO:0005737	cytoplasm
par-5	GO:0005634	GO:0005634	nucleus
par-5	GO:0005737;GO:0005938	GO:0005737	cytoplasm
parg-1	GO:0005634	GO:0005634	nucleus
parg-1	GO:0005737	GO:0005737	cytoplasm
parg-1	GO:0043005	GO:0043005	neuron projection
parg-2	GO:0005634	GO:0005634	nucleus
parg-2	GO:0005737	GO:0005737	cytoplasm
parn-1	GO:0005634	GO:0005634	nucleus
parn-1	GO:0005737	GO:0005737	cytoplasm
parn-1	GO:0005783	GO:0005783	endoplasmic reticulum
parn-1	GO:0043186	GO:0043226	organelle
parn-2	GO:0005634	GO:0005634	nucleus
parn-2	GO:0005730	GO:0005730	nucleolus
parn-2	GO:0015030;GO:0016607	GO:0043226	organelle
parp-1	GO:0005634	GO:0005634	nucleus
parp-1	GO:0005730	GO:0005730	nucleolus
pars-2	GO:0005737	GO:0005737	cytoplasm
pars-2	GO:0005739	GO:0005739	mitochondrion
pas-1	GO:0005634	GO:0005634	nucleus
pas-1	GO:0005737	GO:0005737	cytoplasm
pas-1	GO:0005829	GO:0005829	cytosol
pas-1	GO:0000502;GO:0005839;GO:0019773	GO:0032991	protein-containing complex
pas-5	GO:0005634	GO:0005634	nucleus
pas-5	GO:0005737	GO:0005737	cytoplasm
pas-5	GO:0005829	GO:0005829	cytosol
pas-5	GO:0000502;GO:0005839;GO:0019773	GO:0032991	protein-containing complex
pas-6	GO:0005634	GO:0005634	nucleus
pas-6	GO:0005737	GO:0005737	cytoplasm
pas-6	GO:0000502;GO:0005839;GO:0019773	GO:0032991	protein-containing complex
pas-7	GO:0005634	GO:0005634	nucleus
pas-7	GO:0005737	GO:0005737	cytoplasm
pas-7	GO:0000502;GO:0005839;GO:0019773	GO:0032991	protein-containing complex
pash-1	GO:0070877	GO:0032991	protein-containing complex
pat-2	GO:0016020	GO:0016020	membrane
pat-2	GO:0008305	GO:0032991	protein-containing complex
pat-2	GO:0009986;GO:0031430;GO:0055120		
pat-3	GO:0005737	GO:0005737	cytoplasm
pat-3	GO:0005886	GO:0005886	plasma membrane
pat-3	GO:0016020;GO:0016323	GO:0016020	membrane
pat-3	GO:0005925;GO:0070161	GO:0030054	cell junction
pat-3	GO:0005604	GO:0031012	extracellular matrix
pat-3	GO:0008305	GO:0032991	protein-containing complex
pat-3	GO:0043005	GO:0043005	neuron projection
pat-3	GO:0030016	GO:0043226	organelle
pat-3	GO:0009986;GO:0016328;GO:0030018;GO:0031430;GO:0036477;GO:0043025;GO:0055120		
pat-4	GO:0005737	GO:0005737	cytoplasm
pat-4	GO:0005886	GO:0005886	plasma membrane
pat-4	GO:0009925;GO:0016020	GO:0016020	membrane
pat-4	GO:0005912;GO:0005925;GO:0070161	GO:0030054	cell junction
pat-4	GO:0008305	GO:0032991	protein-containing complex
pat-4	GO:0031430;GO:0055120		
pat-6	GO:0005737	GO:0005737	cytoplasm
pat-6	GO:0005856;GO:0015629	GO:0005856	cytoskeleton
pat-6	GO:0009925	GO:0016020	membrane
pat-6	GO:0005925	GO:0030054	cell junction
pat-6	GO:0042995	GO:0042995	cell projection
pat-6	GO:0030424	GO:0043005	neuron projection
pat-6	GO:0031430;GO:0043204;GO:0055120		
patr-1	GO:0005737	GO:0005737	cytoplasm
patr-1	GO:0000932	GO:0043226	organelle
pax-1	GO:0005634	GO:0005634	nucleus
pax-2	GO:0005634	GO:0005634	nucleus
pax-2	GO:0005694	GO:0005694	chromosome
pax-2	GO:0000785		
pax-3	GO:0005634	GO:0005634	nucleus
pbo-1	GO:0005634	GO:0005634	nucleus
pbo-1	GO:0005737	GO:0005737	cytoplasm
pbo-1	GO:0005886	GO:0005886	plasma membrane
pbo-1	GO:0016020	GO:0016020	membrane
pbo-4	GO:0005886	GO:0005886	plasma membrane
pbo-4	GO:0016020;GO:0016323	GO:0016020	membrane
pbrm-1	GO:0005634	GO:0005634	nucleus
pbrm-1	GO:0005694	GO:0005694	chromosome
pbrm-1	GO:0016514;GO:0016586	GO:0032991	protein-containing complex
pbs-1	GO:0005634	GO:0005634	nucleus
pbs-1	GO:0005737	GO:0005737	cytoplasm
pbs-1	GO:0005829	GO:0005829	cytosol
pbs-1	GO:0000502;GO:0005839;GO:0019774	GO:0032991	protein-containing complex
pbs-2	GO:0005634	GO:0005634	nucleus
pbs-2	GO:0005737	GO:0005737	cytoplasm
pbs-2	GO:0005829	GO:0005829	cytosol
pbs-2	GO:0000502;GO:0005839;GO:0019774	GO:0032991	protein-containing complex
pbs-3	GO:0005634	GO:0005634	nucleus
pbs-3	GO:0005737	GO:0005737	cytoplasm
pbs-3	GO:0005829	GO:0005829	cytosol
pbs-3	GO:0000502;GO:0005839;GO:0019774	GO:0032991	protein-containing complex
pbs-5	GO:0005634	GO:0005634	nucleus
pbs-5	GO:0005737	GO:0005737	cytoplasm
pbs-5	GO:0005829	GO:0005829	cytosol
pbs-5	GO:0000502;GO:0005839;GO:0019774	GO:0032991	protein-containing complex
pbs-6	GO:0005634	GO:0005634	nucleus
pbs-6	GO:0005737	GO:0005737	cytoplasm
pbs-6	GO:0005829	GO:0005829	cytosol
pbs-6	GO:0000502;GO:0005839;GO:0019774	GO:0032991	protein-containing complex
pbs-7	GO:0005634	GO:0005634	nucleus
pbs-7	GO:0005737	GO:0005737	cytoplasm
pbs-7	GO:0005829	GO:0005829	cytosol
pbs-7	GO:0000502;GO:0005839;GO:0019774	GO:0032991	protein-containing complex
pcaf-1	GO:0005634	GO:0005634	nucleus
pcaf-1	GO:0005813	GO:0005815	microtubule organizing center
pcaf-1	GO:0005856	GO:0005856	cytoskeleton
pcaf-1	GO:0140672	GO:0032991	protein-containing complex
pcbd-1			
pcca-1	GO:0005739	GO:0005739	mitochondrion
pcca-1	GO:0005759		
pccb-1	GO:0005739	GO:0005739	mitochondrion
pcdr-1	GO:0005886	GO:0005886	plasma membrane
pcdr-1	GO:0016020	GO:0016020	membrane
pch-2	GO:0005634	GO:0005634	nucleus
pch-2	GO:0005694	GO:0005694	chromosome
pch-2	GO:0000776	GO:0043226	organelle
pck-1	GO:0005829	GO:0005829	cytosol
pck-1	GO:0055120		
pck-2	GO:0005739	GO:0005739	mitochondrion
pck-2	GO:0005829	GO:0005829	cytosol
pcm-1	GO:0005737	GO:0005737	cytoplasm
pcm-1	GO:0005829	GO:0005829	cytosol
pcm-1	GO:0030424	GO:0043005	neuron projection
pcm-1	GO:0043025		
pcn-1	GO:0005634	GO:0005634	nucleus
pcn-1	GO:0043626	GO:0032991	protein-containing complex
pcp-1			
pcp-5			
pcyt-1			
pcyt-2.1	GO:0005737	GO:0005737	cytoplasm
pcyt-2.2	GO:0005737	GO:0005737	cytoplasm
pdcd-2	GO:0005737	GO:0005737	cytoplasm
pde-1			
pde-2	GO:0005634	GO:0005634	nucleus
pde-2	GO:0005829	GO:0005829	cytosol
pde-2	GO:0005741;GO:0005743;GO:0097060	GO:0016020	membrane
pde-2	GO:0005759;GO:0048471		
pde-3			
pde-4	GO:0016020	GO:0016020	membrane
pde-4	GO:0045202	GO:0045202	synapse
pde-5			
pde-6			
pdfr-1	GO:0005886	GO:0005886	plasma membrane
pdfr-1	GO:0016020	GO:0016020	membrane
pdha-1	GO:0005739	GO:0005739	mitochondrion
pdha-1	GO:0043231	GO:0043226	organelle
pdha-1	GO:0005759		
pdhb-1	GO:0005739	GO:0005739	mitochondrion
pdhb-1	GO:0045254	GO:0032991	protein-containing complex
pdhb-1	GO:0005759		
pdhk-2	GO:0005737	GO:0005737	cytoplasm
pdhk-2	GO:0005739	GO:0005739	mitochondrion
pdhk-2	GO:0005759;GO:0048471		
pdi-1	GO:0005783	GO:0005783	endoplasmic reticulum
pdi-1	GO:0005788		
pdi-2	GO:0005783	GO:0005783	endoplasmic reticulum
pdi-2	GO:0016222	GO:0032991	protein-containing complex
pdi-2	GO:0005788		
pdi-3	GO:0005783	GO:0005783	endoplasmic reticulum
pdi-3	GO:0005788		
pdk-1	GO:0005634	GO:0005634	nucleus
pdk-1	GO:0005737	GO:0005737	cytoplasm
pdk-1	GO:0030424	GO:0043005	neuron projection
pdk-1	GO:0043025		
pdl-1	GO:0005737	GO:0005737	cytoplasm
pdp-1	GO:0005739	GO:0005739	mitochondrion
pdr-1	GO:0005737	GO:0005737	cytoplasm
pdr-1	GO:0005739	GO:0005739	mitochondrion
pdr-1	GO:0005783	GO:0005783	endoplasmic reticulum
pdr-1	GO:0005794	GO:0005794	Golgi apparatus
pdr-1	GO:0005829	GO:0005829	cytosol
pdr-1	GO:0005741	GO:0016020	membrane
pdr-1	GO:0000151	GO:0032991	protein-containing complex
pdr-1	GO:0043025		
pdxk-1	GO:0005829	GO:0005829	cytosol
pdzd-8	GO:0005739	GO:0005739	mitochondrion
pdzd-8	GO:0016020	GO:0016020	membrane
pdzd-8	GO:0044233		
pek-1	GO:0005634	GO:0005634	nucleus
pek-1	GO:0005737	GO:0005737	cytoplasm
pek-1	GO:0005783	GO:0005783	endoplasmic reticulum
pek-1	GO:0005789;GO:0016020	GO:0016020	membrane
peli-1			
pen-2	GO:0005783	GO:0005783	endoplasmic reticulum
pen-2	GO:0005794	GO:0005794	Golgi apparatus
pen-2	GO:0000139;GO:0005789;GO:0016020	GO:0016020	membrane
pen-2	GO:0070765	GO:0032991	protein-containing complex
pept-1	GO:0005886	GO:0005886	plasma membrane
pept-1	GO:0016020;GO:0016324	GO:0016020	membrane
pes-1	GO:0005634	GO:0005634	nucleus
pes-1	GO:0005737	GO:0005737	cytoplasm
pes-7	GO:0005938	GO:0005737	cytoplasm
pezo-1	GO:0005886	GO:0005886	plasma membrane
pezo-1	GO:0016020	GO:0016020	membrane
pfas-1	GO:0005737	GO:0005737	cytoplasm
pfd-3	GO:0005737	GO:0005737	cytoplasm
pfd-3	GO:0016272	GO:0032991	protein-containing complex
pfk-1.1	GO:0005737	GO:0005737	cytoplasm
pfk-1.1	GO:0005945	GO:0032991	protein-containing complex
pfk-1.2	GO:0005737	GO:0005737	cytoplasm
pfk-1.2	GO:0005945	GO:0032991	protein-containing complex
pfkb-1.1	GO:0005829	GO:0005829	cytosol
pfkb-1.2	GO:0005829	GO:0005829	cytosol
pfn-1	GO:0005737;GO:0005938	GO:0005737	cytoplasm
pfn-1	GO:0005856	GO:0005856	cytoskeleton
pfn-2	GO:0005737;GO:0005938	GO:0005737	cytoplasm
pfn-2	GO:0005856	GO:0005856	cytoskeleton
pfn-3	GO:0005737;GO:0005938	GO:0005737	cytoplasm
pfn-3	GO:0005856	GO:0005856	cytoskeleton
pfn-3	GO:0055120		
pfs-2	GO:0005634	GO:0005634	nucleus
pfs-2	GO:0005847	GO:0032991	protein-containing complex
pfs-2	GO:0016607	GO:0043226	organelle
pfut-1	GO:0005783	GO:0005783	endoplasmic reticulum
pgal-1	GO:0005576	GO:0005576	extracellular region
pgal-1	GO:0016020	GO:0016020	membrane
pgap-1	GO:0005783	GO:0005783	endoplasmic reticulum
pgap-1	GO:0005789;GO:0016020	GO:0016020	membrane
pgap-2	GO:0005783	GO:0005783	endoplasmic reticulum
pgap-2	GO:0005794	GO:0005794	Golgi apparatus
pgap-2	GO:0000139;GO:0005789;GO:0016020	GO:0016020	membrane
pgap-3	GO:0005794	GO:0005794	Golgi apparatus
pgap-3	GO:0000139;GO:0005789;GO:0016020	GO:0016020	membrane
pgap-3	GO:0012505		
pghm-1	GO:0005576	GO:0005576	extracellular region
pghm-1	GO:0016020	GO:0016020	membrane
pgk-1	GO:0005737	GO:0005737	cytoplasm
pgk-1	GO:0005829	GO:0005829	cytosol
pgm-1	GO:0005829	GO:0005829	cytosol
pgm-3			
pgp-1	GO:0016020;GO:0016324	GO:0016020	membrane
pgp-11	GO:0016020	GO:0016020	membrane
pgp-12	GO:0005886	GO:0005886	plasma membrane
pgp-12	GO:0016020	GO:0016020	membrane
pgp-13	GO:0005886	GO:0005886	plasma membrane
pgp-13	GO:0016020	GO:0016020	membrane
pgp-14	GO:0005886	GO:0005886	plasma membrane
pgp-14	GO:0016020;GO:0016324	GO:0016020	membrane
pgp-2	GO:0016020;GO:0044841	GO:0016020	membrane
pgp-3	GO:0005886	GO:0005886	plasma membrane
pgp-3	GO:0016020;GO:0016324	GO:0016020	membrane
pgp-4	GO:0005886	GO:0005886	plasma membrane
pgp-4	GO:0016020	GO:0016020	membrane
pgp-5	GO:0005886	GO:0005886	plasma membrane
pgp-5	GO:0016020	GO:0016020	membrane
pgp-6	GO:0005886	GO:0005886	plasma membrane
pgp-6	GO:0016020	GO:0016020	membrane
pgp-7	GO:0016020	GO:0016020	membrane
pgp-8	GO:0016020	GO:0016020	membrane
pgp-9	GO:0005886	GO:0005886	plasma membrane
pgp-9	GO:0016020	GO:0016020	membrane
pgrn-1	GO:0005576	GO:0005576	extracellular region
pha-2	GO:0005634	GO:0005634	nucleus
pha-4	GO:0005634	GO:0005634	nucleus
phac-1			
phb-1	GO:0005739	GO:0005739	mitochondrion
phb-1	GO:0005743;GO:0016020;GO:0031966	GO:0016020	membrane
phb-1	GO:0035632	GO:0032991	protein-containing complex
phdh-1			
phf-10	GO:0005634	GO:0005634	nucleus
phf-10	GO:0016514	GO:0032991	protein-containing complex
phka-1	GO:0005886	GO:0005886	plasma membrane
phka-1	GO:0016020	GO:0016020	membrane
phka-1	GO:0005964	GO:0032991	protein-containing complex
phkb-1	GO:0005886	GO:0005886	plasma membrane
phkb-1	GO:0016020	GO:0016020	membrane
phkb-1	GO:0005964	GO:0032991	protein-containing complex
phkg-1	GO:0005737	GO:0005737	cytoplasm
phkg-1	GO:0005964	GO:0032991	protein-containing complex
phlp-2			
pho-1	GO:0016020;GO:0045121	GO:0016020	membrane
pho-1	GO:0098552		
pho-11			
pho-12			
pho-5			
pho-6			
pho-7			
pho-8			
pho-9			
php-3	GO:0005634	GO:0005634	nucleus
phy-2	GO:0005783	GO:0005783	endoplasmic reticulum
phy-2	GO:0005788		
phyh-1	GO:0005777	GO:0005777	peroxisome
picc-1	GO:0005912;GO:0070161	GO:0030054	cell junction
picd-1	GO:0005634	GO:0005634	nucleus
pid-5	GO:0005737	GO:0005737	cytoplasm
pid-5	GO:0000932	GO:0043226	organelle
pid-5	GO:0048471		
pif-1	GO:0005634	GO:0005634	nucleus
pif-1	GO:0005739	GO:0005739	mitochondrion
pifk-1A	GO:0005737	GO:0005737	cytoplasm
pifk-1A	GO:0005886	GO:0005886	plasma membrane
pifk-1B	GO:0005737	GO:0005737	cytoplasm
pifk-1B	GO:0005741;GO:0016020;GO:0030867	GO:0016020	membrane
piga-1	GO:0016020	GO:0016020	membrane
piga-1	GO:0000506	GO:0032991	protein-containing complex
pigb-1	GO:0005783	GO:0005783	endoplasmic reticulum
pigb-1	GO:0005789;GO:0016020	GO:0016020	membrane
pigc-1	GO:0005634	GO:0005634	nucleus
pigc-1	GO:0016020	GO:0016020	membrane
pigc-1	GO:0000506	GO:0032991	protein-containing complex
pigl-1	GO:0005783	GO:0005783	endoplasmic reticulum
pigl-1	GO:0016020	GO:0016020	membrane
pign-1	GO:0005783	GO:0005783	endoplasmic reticulum
pign-1	GO:0005789;GO:0016020	GO:0016020	membrane
pigo-1	GO:0005783	GO:0005783	endoplasmic reticulum
pigo-1	GO:0005789;GO:0016020	GO:0016020	membrane
pigq-1	GO:0005783	GO:0005783	endoplasmic reticulum
pigq-1	GO:0016020	GO:0016020	membrane
pigs-1	GO:0005783	GO:0005783	endoplasmic reticulum
pigs-1	GO:0005789;GO:0016020	GO:0016020	membrane
pigs-1	GO:0042765	GO:0032991	protein-containing complex
pigt-1	GO:0016020	GO:0016020	membrane
pigt-1	GO:0042765	GO:0032991	protein-containing complex
pigv-1	GO:0005783	GO:0005783	endoplasmic reticulum
pigv-1	GO:0005789;GO:0016020	GO:0016020	membrane
pigv-1	GO:0031501	GO:0032991	protein-containing complex
pigw-1	GO:0005783	GO:0005783	endoplasmic reticulum
pigw-1	GO:0005789;GO:0016020	GO:0016020	membrane
piit-1			
pik-1	GO:0005634	GO:0005634	nucleus
pik-1	GO:0005737	GO:0005737	cytoplasm
pik-1	GO:0005886	GO:0005886	plasma membrane
piki-1	GO:0005737	GO:0005737	cytoplasm
piki-1	GO:0005886	GO:0005886	plasma membrane
piki-1	GO:0016020;GO:0030670	GO:0016020	membrane
piki-1	GO:0031410;GO:0032009	GO:0031410	cytoplasmic vesicle
piki-1	GO:0031143;GO:0042995	GO:0042995	cell projection
piki-1	GO:0001891		
pink-1	GO:0005737	GO:0005737	cytoplasm
pink-1	GO:0005739	GO:0005739	mitochondrion
pinn-1	GO:0005634	GO:0005634	nucleus
pinn-1	GO:0005829	GO:0005829	cytosol
pis-1	GO:0005634	GO:0005634	nucleus
pis-1	GO:0044666	GO:0032991	protein-containing complex
pisy-1	GO:0005794	GO:0005794	Golgi apparatus
pisy-1	GO:0016020	GO:0016020	membrane
pitp-1	GO:0005737	GO:0005737	cytoplasm
pitp-1	GO:0045202	GO:0045202	synapse
pitp-1	GO:0012505;GO:0035869		
pitr-1	GO:0016020	GO:0016020	membrane
pitr-2	GO:0016020	GO:0016020	membrane
pitr-3	GO:0016020	GO:0016020	membrane
pitr-4	GO:0016020	GO:0016020	membrane
pitr-5	GO:0016020	GO:0016020	membrane
pitr-6	GO:0016020	GO:0016020	membrane
pix-1	GO:0005737	GO:0005737	cytoplasm
pix-1	GO:0005912;GO:0030056	GO:0030054	cell junction
pix-1	GO:0071944		
pkc-1	GO:0005737	GO:0005737	cytoplasm
pkc-1	GO:0005856	GO:0005856	cytoskeleton
pkc-1	GO:0016020	GO:0016020	membrane
pkc-1	GO:0043005	GO:0043005	neuron projection
pkc-1	GO:0098981	GO:0045202	synapse
pkc-1	GO:0098793		
pkc-2	GO:0005829	GO:0005829	cytosol
pkc-2	GO:0016020	GO:0016020	membrane
pkc-2	GO:0043005	GO:0043005	neuron projection
pkc-2	GO:0043025		
pkc-3	GO:0005737;GO:0005938	GO:0005737	cytoplasm
pkc-3	GO:0005829	GO:0005829	cytosol
pkc-3	GO:0005856;GO:0030864	GO:0005856	cytoskeleton
pkc-3	GO:0005886	GO:0005886	plasma membrane
pkc-3	GO:0016020;GO:0016324	GO:0016020	membrane
pkd-2	GO:0005783	GO:0005783	endoplasmic reticulum
pkd-2	GO:0005886	GO:0005886	plasma membrane
pkd-2	GO:0005929;GO:0097730	GO:0005929	cilium
pkd-2	GO:0005789;GO:0016020;GO:0031090;GO:0060170	GO:0016020	membrane
pkd-2	GO:0042995	GO:0042995	cell projection
pkd-2	GO:0030424;GO:0030425;GO:0071683	GO:0043005	neuron projection
pkd-2	GO:0043025;GO:0043204;GO:0048471		
pkg-2			
plag-15			
plc-1			
plc-3	GO:0032587	GO:0016020	membrane
plc-4	GO:0005737	GO:0005737	cytoplasm
plc-4	GO:0005886	GO:0005886	plasma membrane
pld-1	GO:0005886	GO:0005886	plasma membrane
pld-1	GO:0031410	GO:0031410	cytoplasmic vesicle
plk-1	GO:0005634	GO:0005634	nucleus
plk-1	GO:0000793;GO:0005694	GO:0005694	chromosome
plk-1	GO:0005737	GO:0005737	cytoplasm
plk-1	GO:0005813	GO:0005815	microtubule organizing center
plk-1	GO:0005856	GO:0005856	cytoskeleton
plk-1	GO:0000776	GO:0043226	organelle
plk-1	GO:0000775;GO:0000922;GO:0030496;GO:0051233		
plk-2	GO:0005634	GO:0005634	nucleus
plk-2	GO:0005694	GO:0005694	chromosome
plk-2	GO:0005737	GO:0005737	cytoplasm
plk-2	GO:0005813	GO:0005815	microtubule organizing center
plk-2	GO:0005856	GO:0005856	cytoskeleton
plk-2	GO:0000776	GO:0043226	organelle
plk-2	GO:0000775;GO:0000922		
plk-3	GO:0005634	GO:0005634	nucleus
plk-3	GO:0005737	GO:0005737	cytoplasm
plk-3	GO:0005813	GO:0005815	microtubule organizing center
plk-3	GO:0000776	GO:0043226	organelle
plk-3	GO:0000922		
plp-1	GO:0005634	GO:0005634	nucleus
plp-1	GO:0005694	GO:0005694	chromosome
plp-1	GO:0043186	GO:0043226	organelle
plp-2	GO:0005634	GO:0005634	nucleus
plr-1	GO:0005768;GO:0005769;GO:0005770	GO:0005768	endosome
plr-1	GO:0005794	GO:0005794	Golgi apparatus
plr-1	GO:0005886	GO:0005886	plasma membrane
plr-1	GO:0016020	GO:0016020	membrane
plr-1	GO:0042995	GO:0042995	cell projection
plr-1	GO:0030424	GO:0043005	neuron projection
plr-1	GO:0043204		
plst-1			
plx-1	GO:0005886	GO:0005886	plasma membrane
plx-1	GO:0016020;GO:0032587	GO:0016020	membrane
plx-1	GO:0002116	GO:0032991	protein-containing complex
plx-2	GO:0005886	GO:0005886	plasma membrane
plx-2	GO:0016020	GO:0016020	membrane
plx-2	GO:0002116	GO:0032991	protein-containing complex
plx-2	GO:0009986;GO:0031252		
pmk-1	GO:0005634	GO:0005634	nucleus
pmk-1	GO:0005737	GO:0005737	cytoplasm
pmk-1	GO:0005829	GO:0005829	cytosol
pmk-2	GO:0005634	GO:0005634	nucleus
pmk-2	GO:0005737	GO:0005737	cytoplasm
pmp-1	GO:0005777	GO:0005777	peroxisome
pmp-1	GO:0016020	GO:0016020	membrane
pmp-1	GO:0005778	GO:0043226	organelle
pmp-2	GO:0005777	GO:0005777	peroxisome
pmp-2	GO:0016020	GO:0016020	membrane
pmp-2	GO:0005778	GO:0043226	organelle
pmp-4	GO:0005777	GO:0005777	peroxisome
pmp-4	GO:0016020	GO:0016020	membrane
pmp-4	GO:0005778	GO:0043226	organelle
pmr-1	GO:0005737	GO:0005737	cytoplasm
pmr-1	GO:0005783;GO:0016529	GO:0005783	endoplasmic reticulum
pmr-1	GO:0005794	GO:0005794	Golgi apparatus
pmr-1	GO:0005886	GO:0005886	plasma membrane
pmr-1	GO:0000139;GO:0016020;GO:0016323;GO:0031090;GO:0033017	GO:0016020	membrane
pmr-1	GO:0012505		
pms-2	GO:0032300;GO:0032389	GO:0032991	protein-containing complex
pmt-1	GO:0005829	GO:0005829	cytosol
png-1	GO:0005634	GO:0005634	nucleus
png-1	GO:0005737	GO:0005737	cytoplasm
png-1	GO:0005783	GO:0005783	endoplasmic reticulum
png-1	GO:0005829	GO:0005829	cytosol
pnk-1	GO:0005634	GO:0005634	nucleus
pnk-1	GO:0005737	GO:0005737	cytoplasm
pnk-1	GO:0005829	GO:0005829	cytosol
pnk-4	GO:0005634	GO:0005634	nucleus
pnk-4	GO:0005829	GO:0005829	cytosol
pnp-1	GO:0005737	GO:0005737	cytoplasm
pnpt-1	GO:0005739	GO:0005739	mitochondrion
pnpt-1	GO:0005829	GO:0005829	cytosol
pod-1	GO:0005737;GO:0005938;GO:0051285	GO:0005737	cytoplasm
pod-1	GO:0032154	GO:0016020	membrane
pod-2	GO:0005739	GO:0005739	mitochondrion
pod-2	GO:0005789	GO:0016020	membrane
pola-1	GO:0005634	GO:0005634	nucleus
pola-1	GO:0005658	GO:0032991	protein-containing complex
pold-1	GO:0005634	GO:0005634	nucleus
pold-1	GO:0043625	GO:0032991	protein-containing complex
pold-2	GO:0005634	GO:0005634	nucleus
pold-2	GO:0043625	GO:0032991	protein-containing complex
pole-1	GO:0005634	GO:0005634	nucleus
pole-1	GO:0008622	GO:0032991	protein-containing complex
polg-1	GO:0005739	GO:0005739	mitochondrion
polg-1	GO:0005760;GO:0042575	GO:0032991	protein-containing complex
polh-1	GO:0005634	GO:0005634	nucleus
polh-1	GO:0005657;GO:0035861		
poml-1	GO:0005791	GO:0005783	endoplasmic reticulum
poml-1	GO:0016020	GO:0016020	membrane
poml-2	GO:0016020	GO:0016020	membrane
poml-3			
poml-4			
pop-1	GO:0005634	GO:0005634	nucleus
pop-1	GO:0005737	GO:0005737	cytoplasm
pop-1	GO:1990907	GO:0032991	protein-containing complex
pop-1	GO:0000785		
popl-1	GO:0005634	GO:0005634	nucleus
popl-1	GO:0005730	GO:0005730	nucleolus
popl-1	GO:0000172;GO:0005655	GO:0032991	protein-containing complex
pos-1	GO:0005737	GO:0005737	cytoplasm
pos-1	GO:0005829	GO:0005829	cytosol
pos-1	GO:0043186	GO:0043226	organelle
ppat-1			
ppcd-1	GO:0071513	GO:0032991	protein-containing complex
ppfr-4	GO:0005829	GO:0005829	cytosol
ppgn-1	GO:0005739	GO:0005739	mitochondrion
ppgn-1	GO:0016020	GO:0016020	membrane
ppgn-1	GO:0005745	GO:0032991	protein-containing complex
pph-4.1	GO:0005634	GO:0005634	nucleus
pph-4.1	GO:0005737	GO:0005737	cytoplasm
pph-4.1	GO:0005813	GO:0005815	microtubule organizing center
pph-4.1	GO:0005856	GO:0005856	cytoskeleton
pph-4.2	GO:0005634	GO:0005634	nucleus
pph-4.2	GO:0005737	GO:0005737	cytoplasm
ppk-1	GO:0005886	GO:0005886	plasma membrane
ppk-2	GO:0005737	GO:0005737	cytoplasm
ppk-2	GO:0005886	GO:0005886	plasma membrane
ppm-1.D			
ppm-1.G			
pps-1	GO:0005634	GO:0005634	nucleus
ppt-1	GO:0005576	GO:0005576	extracellular region
ppt-1	GO:0005764	GO:0005764	lysosome
pptr-1	GO:0005634	GO:0005634	nucleus
pptr-1	GO:0005737	GO:0005737	cytoplasm
pptr-1	GO:0005829	GO:0005829	cytosol
pptr-1	GO:0000159	GO:0032991	protein-containing complex
pptr-2	GO:0005634	GO:0005634	nucleus
pptr-2	GO:0005737	GO:0005737	cytoplasm
pptr-2	GO:0005829	GO:0005829	cytosol
pptr-2	GO:0000159;GO:1902494	GO:0032991	protein-containing complex
pptr-2	GO:0000775		
pqbp-1.1	GO:0005737	GO:0005737	cytoplasm
pqbp-1.1	GO:0016604	GO:0043226	organelle
pqn-15	GO:0005634	GO:0005634	nucleus
pqn-15	GO:0000785		
praf-3	GO:0016020	GO:0016020	membrane
prcc-1	GO:0005634	GO:0005634	nucleus
prdh-1	GO:0005739	GO:0005739	mitochondrion
prdh-1	GO:0005759		
prdx-2	GO:0005737	GO:0005737	cytoplasm
prdx-2	GO:0005829	GO:0005829	cytosol
prdx-3	GO:0005739	GO:0005739	mitochondrion
prdx-3	GO:0005829	GO:0005829	cytosol
prg-1	GO:0005634	GO:0005634	nucleus
prg-1	GO:0005737	GO:0005737	cytoplasm
prg-1	GO:0043186	GO:0043226	organelle
prkl-1			
prmn-1	GO:0016020	GO:0016020	membrane
prmt-1	GO:0005634	GO:0005634	nucleus
prmt-1	GO:0005737	GO:0005737	cytoplasm
prmt-1	GO:0005783	GO:0005783	endoplasmic reticulum
prmt-5	GO:0005634	GO:0005634	nucleus
prmt-5	GO:0005829	GO:0005829	cytosol
prmt-5	GO:0017053	GO:0032991	protein-containing complex
pro-1	GO:0005634	GO:0005634	nucleus
pro-1	GO:0005654	GO:0005654	nucleoplasm
pro-1	GO:0005730	GO:0005730	nucleolus
pro-1	GO:0005656;GO:0120330	GO:0032991	protein-containing complex
pros-1	GO:0005634	GO:0005634	nucleus
prp-17	GO:0005634	GO:0005634	nucleus
prp-17	GO:0005681;GO:0071013	GO:0032991	protein-containing complex
prp-19	GO:0005634	GO:0005634	nucleus
prp-19	GO:0005654	GO:0005654	nucleoplasm
prp-19	GO:0005737	GO:0005737	cytoplasm
prp-19	GO:0000974;GO:0005681;GO:0071006	GO:0032991	protein-containing complex
prp-3	GO:0005634	GO:0005634	nucleus
prp-3	GO:0046540;GO:1990904	GO:0032991	protein-containing complex
prp-31	GO:0005634	GO:0005634	nucleus
prp-31	GO:0005681;GO:0005687;GO:0046540;GO:0071011;GO:0097526;GO:1990904	GO:0032991	protein-containing complex
prp-4	GO:0046540	GO:0032991	protein-containing complex
prp-6	GO:0005634	GO:0005634	nucleus
prp-6	GO:0046540;GO:0071013;GO:1990904	GO:0032991	protein-containing complex
prp-8	GO:0005634	GO:0005634	nucleus
prp-8	GO:0000974;GO:0005681;GO:0005682;GO:0071013;GO:1990904	GO:0032991	protein-containing complex
prps-1	GO:0005737	GO:0005737	cytoplasm
prps-1	GO:0002189	GO:0032991	protein-containing complex
prx-1	GO:0005737	GO:0005737	cytoplasm
prx-1	GO:0005777	GO:0005777	peroxisome
prx-1	GO:0005829	GO:0005829	cytosol
prx-1	GO:0016020	GO:0016020	membrane
prx-1	GO:0005778	GO:0043226	organelle
prx-10	GO:0005739	GO:0005739	mitochondrion
prx-10	GO:0005777	GO:0005777	peroxisome
prx-10	GO:0016020	GO:0016020	membrane
prx-10	GO:0005778	GO:0043226	organelle
prx-10	GO:0005759		
prx-12	GO:0005777	GO:0005777	peroxisome
prx-12	GO:0016020	GO:0016020	membrane
prx-12	GO:1990429	GO:0032991	protein-containing complex
prx-12	GO:0005778	GO:0043226	organelle
prx-13	GO:0005777	GO:0005777	peroxisome
prx-13	GO:0016020	GO:0016020	membrane
prx-13	GO:1990429	GO:0032991	protein-containing complex
prx-13	GO:0005778	GO:0043226	organelle
prx-14	GO:0005777	GO:0005777	peroxisome
prx-14	GO:0016020	GO:0016020	membrane
prx-14	GO:0005778	GO:0043226	organelle
prx-19	GO:0005777	GO:0005777	peroxisome
prx-19	GO:0005778	GO:0043226	organelle
prx-2	GO:0005777	GO:0005777	peroxisome
prx-2	GO:0016020	GO:0016020	membrane
prx-2	GO:0005778	GO:0043226	organelle
prx-3	GO:0005778	GO:0043226	organelle
prx-5	GO:0005829	GO:0005829	cytosol
prx-5	GO:0005778	GO:0043226	organelle
prx-6	GO:0005829	GO:0005829	cytosol
prx-6	GO:0016020	GO:0016020	membrane
prx-6	GO:0005778	GO:0043226	organelle
psd-1	GO:0005739	GO:0005739	mitochondrion
psd-1	GO:0005811	GO:0005811	lipid droplet
psd-1	GO:0005743;GO:0016020	GO:0016020	membrane
psf-1	GO:0005634	GO:0005634	nucleus
psf-1	GO:0000811	GO:0032991	protein-containing complex
psf-3	GO:0005634	GO:0005634	nucleus
psf-3	GO:0000811	GO:0032991	protein-containing complex
psme-4	GO:0005634	GO:0005634	nucleus
psme-4	GO:0005737	GO:0005737	cytoplasm
psme-4	GO:0005829	GO:0005829	cytosol
psme-4	GO:0000502	GO:0032991	protein-containing complex
psme-4	GO:0016607	GO:0043226	organelle
pssy-1	GO:0005783	GO:0005783	endoplasmic reticulum
pssy-1	GO:0005789;GO:0016020	GO:0016020	membrane
pssy-2	GO:0005783	GO:0005783	endoplasmic reticulum
pssy-2	GO:0005789;GO:0016020	GO:0016020	membrane
pst-1	GO:0005794	GO:0005794	Golgi apparatus
pst-1	GO:0000139;GO:0005789;GO:0016020;GO:0032580	GO:0016020	membrane
pst-1	GO:0012505		
ptc-1	GO:0005886	GO:0005886	plasma membrane
ptc-1	GO:0016020	GO:0016020	membrane
ptc-3	GO:0005886	GO:0005886	plasma membrane
ptc-3	GO:0016020;GO:0016324	GO:0016020	membrane
ptc-3	GO:0005912;GO:0070161	GO:0030054	cell junction
ptc-3	GO:0031410	GO:0031410	cytoplasmic vesicle
ptl-1	GO:0005737	GO:0005737	cytoplasm
ptl-1	GO:0005856	GO:0005856	cytoskeleton
ptl-1	GO:0030424;GO:0043005	GO:0043005	neuron projection
ptl-1	GO:0005874		
ptp-2	GO:0005737	GO:0005737	cytoplasm
ptp-2	GO:0031410	GO:0031410	cytoplasmic vesicle
ptp-3	GO:0005886	GO:0005886	plasma membrane
ptp-3	GO:0016020	GO:0016020	membrane
ptp-3	GO:0005912;GO:0070161	GO:0030054	cell junction
ptp-3	GO:0045202	GO:0045202	synapse
ptpn-22			
ptps-1	GO:0005739	GO:0005739	mitochondrion
ptr-11	GO:0005886	GO:0005886	plasma membrane
ptr-11	GO:0016020;GO:0030659	GO:0016020	membrane
ptr-12	GO:0005886	GO:0005886	plasma membrane
ptr-12	GO:0016020;GO:0030659	GO:0016020	membrane
ptr-13	GO:0005886	GO:0005886	plasma membrane
ptr-13	GO:0016020;GO:0030659	GO:0016020	membrane
ptr-14	GO:0005886	GO:0005886	plasma membrane
ptr-14	GO:0016020;GO:0030659	GO:0016020	membrane
ptr-15	GO:0005886	GO:0005886	plasma membrane
ptr-15	GO:0016020;GO:0030659	GO:0016020	membrane
ptr-16	GO:0005886	GO:0005886	plasma membrane
ptr-16	GO:0016020;GO:0030659	GO:0016020	membrane
ptr-17	GO:0005886	GO:0005886	plasma membrane
ptr-17	GO:0016020;GO:0030659	GO:0016020	membrane
ptr-18	GO:0005886	GO:0005886	plasma membrane
ptr-18	GO:0016020;GO:0016324;GO:0030659	GO:0016020	membrane
ptr-20	GO:0005886	GO:0005886	plasma membrane
ptr-20	GO:0016020;GO:0030659	GO:0016020	membrane
ptr-21	GO:0005886	GO:0005886	plasma membrane
ptr-21	GO:0016020;GO:0030659	GO:0016020	membrane
ptr-22	GO:0005886	GO:0005886	plasma membrane
ptr-22	GO:0016020;GO:0030659	GO:0016020	membrane
ptr-3	GO:0005886	GO:0005886	plasma membrane
ptr-3	GO:0016020;GO:0030659	GO:0016020	membrane
ptr-4	GO:0005886	GO:0005886	plasma membrane
ptr-4	GO:0016020;GO:0030659	GO:0016020	membrane
ptr-5	GO:0005886	GO:0005886	plasma membrane
ptr-5	GO:0016020;GO:0030659	GO:0016020	membrane
ptr-8	GO:0005886	GO:0005886	plasma membrane
ptr-8	GO:0016020;GO:0030659	GO:0016020	membrane
ptrn-1	GO:0005737	GO:0005737	cytoplasm
ptrn-1	GO:0005829	GO:0005829	cytosol
ptrn-1	GO:0005856	GO:0005856	cytoskeleton
ptrn-1	GO:0005886;GO:0042383	GO:0005886	plasma membrane
ptrn-1	GO:0016020	GO:0016020	membrane
ptrn-1	GO:0042995	GO:0042995	cell projection
ptrn-1	GO:0030424;GO:0030425	GO:0043005	neuron projection
ptrn-1	GO:0005874;GO:0036449;GO:0043204		
puf-8	GO:0005634	GO:0005634	nucleus
puf-8	GO:0005737	GO:0005737	cytoplasm
puf-8	GO:0043186	GO:0043226	organelle
puf-8	GO:0034399		
puf-9	GO:0005634	GO:0005634	nucleus
puf-9	GO:0005737	GO:0005737	cytoplasm
pup-2			
pus-1	GO:0005634	GO:0005634	nucleus
pvf-1	GO:0016020	GO:0016020	membrane
pvf-1	GO:0005615		
pxf-1	GO:0005886	GO:0005886	plasma membrane
pxf-1	GO:0016324	GO:0016020	membrane
pxf-1	GO:0060102	GO:0031012	extracellular matrix
pxn-1	GO:0005576	GO:0005576	extracellular region
pxn-1	GO:0005604;GO:0031012	GO:0031012	extracellular matrix
pxn-1	GO:0005615		
pxn-2	GO:0005576	GO:0005576	extracellular region
pxn-2	GO:0005604	GO:0031012	extracellular matrix
pxn-2	GO:0005615		
pyc-1	GO:0005737	GO:0005737	cytoplasm
pyc-1	GO:0005739	GO:0005739	mitochondrion
pycr-1	GO:0005737	GO:0005737	cytoplasm
pygl-1	GO:0005737	GO:0005737	cytoplasm
pygo-1	GO:0005634	GO:0005634	nucleus
pyk-1	GO:0005737	GO:0005737	cytoplasm
pyk-2	GO:0005737	GO:0005737	cytoplasm
pyk-2	GO:0005783	GO:0005783	endoplasmic reticulum
pyk-2	GO:0030017;GO:0055120		
pyp-1	GO:0005737	GO:0005737	cytoplasm
pyp-1	GO:0005773	GO:0005773	vacuole
pyp-1	GO:0043005	GO:0043005	neuron projection
pyr-1	GO:0005737	GO:0005737	cytoplasm
pyr-1	GO:0005829	GO:0005829	cytosol
qars-1	GO:0005737	GO:0005737	cytoplasm
qars-1	GO:0005829	GO:0005829	cytosol
qars-1	GO:0017101	GO:0032991	protein-containing complex
qdpr-1	GO:0005737	GO:0005737	cytoplasm
qns-1	GO:0005737	GO:0005737	cytoplasm
qua-1	GO:0005576	GO:0005576	extracellular region
qua-1	GO:0031012;GO:0060102	GO:0031012	extracellular matrix
qua-1	GO:0031410	GO:0031410	cytoplasmic vesicle
qui-1	GO:0005634	GO:0005634	nucleus
qui-1	GO:0005737	GO:0005737	cytoplasm
qui-1	GO:0005829	GO:0005829	cytosol
qui-1	GO:0042995	GO:0042995	cell projection
qui-1	GO:0030424;GO:0030425	GO:0043005	neuron projection
qui-1	GO:0043025;GO:0043204		
rab-1	GO:0012505		
rab-10	GO:0005737	GO:0005737	cytoplasm
rab-10	GO:0005768;GO:0005769;GO:0055037	GO:0005768	endosome
rab-10	GO:0005794	GO:0005794	Golgi apparatus
rab-10	GO:0000139;GO:0010008;GO:0016020;GO:0031901;GO:0031902;GO:0055038	GO:0016020	membrane
rab-10	GO:0031045;GO:0099503	GO:0031410	cytoplasmic vesicle
rab-10	GO:0030424	GO:0043005	neuron projection
rab-10	GO:0098981	GO:0045202	synapse
rab-10	GO:0005797;GO:0043025;GO:0098793		
rab-11.1	GO:0005737	GO:0005737	cytoplasm
rab-11.1	GO:0005768;GO:0055037	GO:0005768	endosome
rab-11.1	GO:0005794	GO:0005794	Golgi apparatus
rab-11.1	GO:0005813	GO:0005815	microtubule organizing center
rab-11.1	GO:0005829	GO:0005829	cytosol
rab-11.1	GO:0005856	GO:0005856	cytoskeleton
rab-11.1	GO:0005886	GO:0005886	plasma membrane
rab-11.1	GO:0000139;GO:0016020;GO:0016324;GO:0055038;GO:1990676	GO:0016020	membrane
rab-11.1	GO:0030133;GO:0031410;GO:0060473	GO:0031410	cytoplasmic vesicle
rab-11.1	GO:0005819	GO:0043226	organelle
rab-11.1	GO:0012505		
rab-11.2	GO:0055037	GO:0005768	endosome
rab-11.2	GO:0005794	GO:0005794	Golgi apparatus
rab-11.2	GO:0016020;GO:0031260	GO:0016020	membrane
rab-11.2	GO:0012505		
rab-18	GO:0005794	GO:0005794	Golgi apparatus
rab-18	GO:0012505		
rab-28	GO:0005737	GO:0005737	cytoplasm
rab-28	GO:0005856	GO:0005856	cytoskeleton
rab-28	GO:0005886	GO:0005886	plasma membrane
rab-28	GO:0005929	GO:0005929	cilium
rab-28	GO:0016020;GO:0060170;GO:1990075	GO:0016020	membrane
rab-28	GO:0042995	GO:0042995	cell projection
rab-28	GO:0005930;GO:0012505;GO:0035869;GO:0043025;GO:0043204;GO:0097546		
rab-3	GO:0005768	GO:0005768	endosome
rab-3	GO:0005886	GO:0005886	plasma membrane
rab-3	GO:0016020	GO:0016020	membrane
rab-3	GO:0008021	GO:0031410	cytoplasmic vesicle
rab-3	GO:0043005	GO:0043005	neuron projection
rab-33	GO:0005768	GO:0005768	endosome
rab-33	GO:0005794	GO:0005794	Golgi apparatus
rab-33	GO:0005886	GO:0005886	plasma membrane
rab-33	GO:0016020	GO:0016020	membrane
rab-39	GO:0005794	GO:0005794	Golgi apparatus
rab-39	GO:0005886	GO:0005886	plasma membrane
rab-39	GO:0016020;GO:0030659	GO:0016020	membrane
rab-39	GO:0031410	GO:0031410	cytoplasmic vesicle
rab-5	GO:0005938	GO:0005737	cytoplasm
rab-5	GO:0005768;GO:0005769	GO:0005768	endosome
rab-5	GO:0005886	GO:0005886	plasma membrane
rab-5	GO:0031901;GO:1990075	GO:0016020	membrane
rab-5	GO:0030139;GO:0031410;GO:0045335	GO:0031410	cytoplasmic vesicle
rab-5	GO:0098981	GO:0045202	synapse
rab-5	GO:0012505;GO:0098793		
rab-6.1	GO:0005737	GO:0005737	cytoplasm
rab-6.1	GO:0005794	GO:0005794	Golgi apparatus
rab-6.1	GO:0005829	GO:0005829	cytosol
rab-6.1	GO:0005886	GO:0005886	plasma membrane
rab-6.1	GO:0016020	GO:0016020	membrane
rab-6.1	GO:0030133;GO:0031410;GO:0060473	GO:0031410	cytoplasmic vesicle
rab-6.1	GO:0042995	GO:0042995	cell projection
rab-6.1	GO:0030425	GO:0043005	neuron projection
rab-6.1	GO:0012505;GO:0031985;GO:0043204		
rab-6.2	GO:0005794	GO:0005794	Golgi apparatus
rab-6.2	GO:0005829	GO:0005829	cytosol
rab-6.2	GO:0031410	GO:0031410	cytoplasmic vesicle
rab-6.2	GO:0042995	GO:0042995	cell projection
rab-6.2	GO:0030425	GO:0043005	neuron projection
rab-6.2	GO:0000138;GO:0012505;GO:0031985;GO:0043204		
rab-7	GO:0005764	GO:0005764	lysosome
rab-7	GO:0005770	GO:0005768	endosome
rab-7	GO:0005765;GO:0030670;GO:0031090;GO:0031902	GO:0016020	membrane
rab-7	GO:0045335	GO:0031410	cytoplasmic vesicle
rab-8	GO:0005737;GO:0045179	GO:0005737	cytoplasm
rab-8	GO:0005768	GO:0005768	endosome
rab-8	GO:0005886	GO:0005886	plasma membrane
rab-8	GO:0010008;GO:0016020;GO:0016324;GO:0055038	GO:0016020	membrane
rab-8	GO:0008021;GO:0030133;GO:0030140	GO:0031410	cytoplasmic vesicle
rab-8	GO:0012505		
rabn-5			
rabs-5			
rac-2	GO:0005856	GO:0005856	cytoskeleton
rac-2	GO:0005886	GO:0005886	plasma membrane
rac-2	GO:0016020	GO:0016020	membrane
rac-2	GO:0031410	GO:0031410	cytoplasmic vesicle
rac-2	GO:0042995	GO:0042995	cell projection
rac-2	GO:0030424	GO:0043005	neuron projection
rack-1	GO:0005634	GO:0005634	nucleus
rack-1	GO:0005635	GO:0005635	nuclear envelope
rack-1	GO:0005737	GO:0005737	cytoplasm
rack-1	GO:0005813	GO:0005815	microtubule organizing center
rack-1	GO:0005829	GO:0005829	cytosol
rack-1	GO:0005840	GO:0005840	ribosome
rack-1	GO:1990904	GO:0032991	protein-containing complex
rack-1	GO:0030424	GO:0043005	neuron projection
rack-1	GO:0000776	GO:0043226	organelle
rack-1	GO:0030426;GO:0044297		
rad-50	GO:0000794	GO:0000228	nuclear chromosome
rad-50	GO:0005634	GO:0005634	nucleus
rad-50	GO:0005694	GO:0005694	chromosome
rad-50	GO:0030870	GO:0032991	protein-containing complex
rad-51	GO:0000794	GO:0000228	nuclear chromosome
rad-51	GO:0005634;GO:0043073	GO:0005634	nucleus
rad-51	GO:0035861		
rad-54.B	GO:0005634	GO:0005634	nucleus
rad-54.L	GO:0005634	GO:0005634	nucleus
rad-8	GO:0005739	GO:0005739	mitochondrion
rad-8	GO:0005759		
raga-1	GO:0005634	GO:0005634	nucleus
raga-1	GO:0005764	GO:0005764	lysosome
raga-1	GO:1990131	GO:0032991	protein-containing complex
ragc-1	GO:0005634	GO:0005634	nucleus
ragc-1	GO:0005764	GO:0005764	lysosome
ragc-1	GO:1990131	GO:0032991	protein-containing complex
ragc-1	GO:0012505		
ral-1	GO:0005886	GO:0005886	plasma membrane
ral-1	GO:0016020	GO:0016020	membrane
ran-1	GO:0005634	GO:0005634	nucleus
ran-1	GO:0005694	GO:0005694	chromosome
ran-1	GO:0005737	GO:0005737	cytoplasm
ran-1	GO:0000776	GO:0043226	organelle
ran-1	GO:0000775		
ran-2	GO:0005634	GO:0005634	nucleus
ran-2	GO:0005829	GO:0005829	cytosol
ran-2	GO:0048471		
ran-4	GO:0005635	GO:0005635	nuclear envelope
ran-4	GO:0005737	GO:0005737	cytoplasm
ran-4	GO:0044613	GO:0032991	protein-containing complex
rap-1	GO:0005886	GO:0005886	plasma membrane
rap-1	GO:0016020	GO:0016020	membrane
rars-1	GO:0005737	GO:0005737	cytoplasm
rars-1	GO:0005829	GO:0005829	cytosol
rars-2	GO:0005739	GO:0005739	mitochondrion
ras-1	GO:0005886	GO:0005886	plasma membrane
ras-1	GO:0016020	GO:0016020	membrane
ras-2	GO:0005886	GO:0005886	plasma membrane
ras-2	GO:0016020	GO:0016020	membrane
rba-1	GO:0005634	GO:0005634	nucleus
rba-1	GO:0016581;GO:0035098	GO:0032991	protein-containing complex
rbbp-5	GO:0005634	GO:0005634	nucleus
rbbp-5	GO:0044666;GO:0048188	GO:0032991	protein-containing complex
rbc-1	GO:0043291	GO:0032991	protein-containing complex
rbc-2	GO:0005737	GO:0005737	cytoplasm
rbf-1	GO:0016020	GO:0016020	membrane
rbf-1	GO:0008021	GO:0031410	cytoplasmic vesicle
rbf-1	GO:0045202	GO:0045202	synapse
rbg-1	GO:0005737	GO:0005737	cytoplasm
rbg-2	GO:0005737	GO:0005737	cytoplasm
rbg-2	GO:0005776	GO:0005773	vacuole
rbg-2	GO:0005886	GO:0005886	plasma membrane
rbg-2	GO:0042734	GO:0016020	membrane
rbg-3	GO:0005737	GO:0005737	cytoplasm
rbg-3	GO:0005794	GO:0005794	Golgi apparatus
rbg-3	GO:0005829	GO:0005829	cytosol
rbg-3	GO:0010008	GO:0016020	membrane
rbg-3	GO:0030904	GO:0032991	protein-containing complex
rbm-12	GO:0005654	GO:0005654	nucleoplasm
rbm-12	GO:1990904	GO:0032991	protein-containing complex
rbm-28	GO:0005634	GO:0005634	nucleus
rbm-28	GO:0005730	GO:0005730	nucleolus
rbm-5	GO:0005634	GO:0005634	nucleus
rbpl-1	GO:0005634	GO:0005634	nucleus
rbpl-1	GO:0005737	GO:0005737	cytoplasm
rbr-2	GO:0005634	GO:0005634	nucleus
rbr-2	GO:0000785		
rbx-1	GO:0005634	GO:0005634	nucleus
rbx-1	GO:0005737	GO:0005737	cytoplasm
rbx-1	GO:0031461;GO:0031462	GO:0032991	protein-containing complex
rcan-1	GO:0005634	GO:0005634	nucleus
rcan-1	GO:0005737	GO:0005737	cytoplasm
rcs-1			
rde-4	GO:0005634	GO:0005634	nucleus
rde-4	GO:0005737	GO:0005737	cytoplasm
rde-4	GO:0016442;GO:0070578;GO:1990904	GO:0032991	protein-containing complex
ref-2	GO:0005634	GO:0005634	nucleus
ref-2	GO:0005737	GO:0005737	cytoplasm
rege-1	GO:0005634	GO:0005634	nucleus
rege-1	GO:0005737	GO:0005737	cytoplasm
rege-1	GO:0036464	GO:0043226	organelle
rep-1	GO:0005634	GO:0005634	nucleus
rep-1	GO:0005737	GO:0005737	cytoplasm
rep-1	GO:0005829	GO:0005829	cytosol
rep-1	GO:0005968	GO:0032991	protein-containing complex
reps-1			
ret-1	GO:0005783	GO:0005783	endoplasmic reticulum
ret-1	GO:0005789;GO:0016020	GO:0016020	membrane
ret-1	GO:0030424	GO:0043005	neuron projection
ret-1	GO:0012505		
rfc-1	GO:0005634	GO:0005634	nucleus
rfc-1	GO:0005663	GO:0032991	protein-containing complex
rfc-2	GO:0005634	GO:0005634	nucleus
rfc-2	GO:0005663	GO:0032991	protein-containing complex
rfk-1	GO:0005739	GO:0005739	mitochondrion
rfp-1	GO:0005634	GO:0005634	nucleus
rfp-1	GO:0016020	GO:0016020	membrane
rfp-1	GO:0033503	GO:0032991	protein-containing complex
rfs-1	GO:0005634	GO:0005634	nucleus
rfs-1	GO:0005815	GO:0005815	microtubule organizing center
rfs-1	GO:0033061;GO:0033063	GO:0032991	protein-containing complex
rfs-1	GO:0005657		
rft-1	GO:0005886	GO:0005886	plasma membrane
rft-1	GO:0016020	GO:0016020	membrane
rft-2	GO:0005886	GO:0005886	plasma membrane
rft-2	GO:0016020	GO:0016020	membrane
rfth-1	GO:0005783	GO:0005783	endoplasmic reticulum
rfth-1	GO:0005789;GO:0016020	GO:0016020	membrane
rga-6	GO:0015629	GO:0005856	cytoskeleton
rga-8	GO:0005886	GO:0005886	plasma membrane
rgef-1	GO:0005737	GO:0005737	cytoplasm
rgef-1	GO:0005886	GO:0005886	plasma membrane
rgef-1	GO:0043231	GO:0043226	organelle
rgs-10			
rgs-11			
rgs-6			
rgs-7	GO:0005938	GO:0005737	cytoplasm
rgs-9			
rha-1	GO:0005634	GO:0005634	nucleus
rha-1	GO:0005654	GO:0005654	nucleoplasm
rha-1	GO:0005730	GO:0005730	nucleolus
rha-1	GO:0005737	GO:0005737	cytoplasm
rha-1	GO:0005813	GO:0005815	microtubule organizing center
rha-1	GO:0005856	GO:0005856	cytoskeleton
rha-1	GO:1990904	GO:0032991	protein-containing complex
rha-2	GO:0005730	GO:0005730	nucleolus
rheb-1	GO:0005886	GO:0005886	plasma membrane
rheb-1	GO:0016020	GO:0016020	membrane
rhgf-1	GO:0005737	GO:0005737	cytoplasm
rhgf-1	GO:0016020	GO:0016020	membrane
rhgf-1	GO:0043005	GO:0043005	neuron projection
rhgf-1	GO:0043025;GO:0043196		
rhgf-2	GO:0005886	GO:0005886	plasma membrane
rhgf-2	GO:0030139	GO:0031410	cytoplasmic vesicle
rhgf-2	GO:0030424;GO:0043005	GO:0043005	neuron projection
rhgf-2	GO:0044297		
rhgf-3	GO:0005737	GO:0005737	cytoplasm
rhi-1	GO:0005737	GO:0005737	cytoplasm
rhi-1	GO:0005829	GO:0005829	cytosol
rhi-1	GO:0016020	GO:0016020	membrane
rho-1	GO:0005737;GO:0005938	GO:0005737	cytoplasm
rho-1	GO:0005829	GO:0005829	cytosol
rho-1	GO:0005856	GO:0005856	cytoskeleton
rho-1	GO:0005886	GO:0005886	plasma membrane
rho-1	GO:0016020;GO:0032154	GO:0016020	membrane
rhr-1	GO:0005886	GO:0005886	plasma membrane
rhr-1	GO:0016020	GO:0016020	membrane
rhr-2	GO:0005886	GO:0005886	plasma membrane
rhr-2	GO:0016020;GO:0016324	GO:0016020	membrane
rib-1	GO:0005783	GO:0005783	endoplasmic reticulum
rib-1	GO:0005794	GO:0005794	Golgi apparatus
rib-1	GO:0032991	GO:0032991	protein-containing complex
rib-2	GO:0005783	GO:0005783	endoplasmic reticulum
rib-2	GO:0005794	GO:0005794	Golgi apparatus
rib-2	GO:0000139;GO:0005789;GO:0016020	GO:0016020	membrane
rib-2	GO:0032991	GO:0032991	protein-containing complex
ric-19	GO:0005737	GO:0005737	cytoplasm
ric-19	GO:0005794	GO:0005794	Golgi apparatus
ric-19	GO:0016020;GO:0030659;GO:0030667	GO:0016020	membrane
ric-19	GO:0031410	GO:0031410	cytoplasmic vesicle
ric-19	GO:0012505		
ric-4	GO:0005886	GO:0005886	plasma membrane
ric-4	GO:0031201	GO:0032991	protein-containing complex
ric-4	GO:0043005	GO:0043005	neuron projection
ric-4	GO:0045202	GO:0045202	synapse
ric-4	GO:0098793		
rict-1	GO:0031932	GO:0032991	protein-containing complex
rig-4	GO:0016020	GO:0016020	membrane
rig-4	GO:0045202	GO:0045202	synapse
rig-5	GO:0005886	GO:0005886	plasma membrane
rig-5	GO:0016020	GO:0016020	membrane
rig-5	GO:0043005	GO:0043005	neuron projection
rig-6	GO:0005737	GO:0005737	cytoplasm
rig-6	GO:0005886	GO:0005886	plasma membrane
rig-6	GO:0016020	GO:0016020	membrane
rig-6	GO:0042995	GO:0042995	cell projection
rig-6	GO:0030424	GO:0043005	neuron projection
rig-6	GO:0045202	GO:0045202	synapse
rig-6	GO:0043025;GO:0043204;GO:0098552		
rilp-1	GO:0005737	GO:0005737	cytoplasm
rilp-1	GO:0036064	GO:0005815	microtubule organizing center
rilp-1	GO:0016020	GO:0016020	membrane
rimb-1	GO:0045202	GO:0045202	synapse
riok-1	GO:0005737	GO:0005737	cytoplasm
riok-1	GO:0005829	GO:0005829	cytosol
riok-1	GO:0030688	GO:0032991	protein-containing complex
rlbp-1			
rle-1	GO:0010494	GO:0043226	organelle
rme-1	GO:0005737	GO:0005737	cytoplasm
rme-1	GO:0005768;GO:0005769;GO:0055037	GO:0005768	endosome
rme-1	GO:0005886	GO:0005886	plasma membrane
rme-1	GO:0010008;GO:0016020;GO:0055038	GO:0016020	membrane
rme-1	GO:0030139	GO:0031410	cytoplasmic vesicle
rme-1	GO:0012505;GO:0048471		
rme-2	GO:0005886	GO:0005886	plasma membrane
rme-2	GO:0010008;GO:0016020	GO:0016020	membrane
rme-2	GO:0031410	GO:0031410	cytoplasmic vesicle
rme-2	GO:0012505		
rme-4	GO:0005829	GO:0005829	cytosol
rme-4	GO:0005905	GO:0016020	membrane
rme-4	GO:0030136;GO:0031410	GO:0031410	cytoplasmic vesicle
rme-6	GO:0005737	GO:0005737	cytoplasm
rme-6	GO:0005769	GO:0005768	endosome
rme-6	GO:0005829	GO:0005829	cytosol
rme-6	GO:0005886	GO:0005886	plasma membrane
rme-6	GO:0016020	GO:0016020	membrane
rme-6	GO:0030136;GO:0030139;GO:0031410;GO:0045334	GO:0031410	cytoplasmic vesicle
rme-8	GO:0005769;GO:0005770;GO:0055037	GO:0005768	endosome
rme-8	GO:0005829	GO:0005829	cytosol
rme-8	GO:0010008	GO:0016020	membrane
rml-1	GO:0005737	GO:0005737	cytoplasm
rml-1	GO:0005783	GO:0005783	endoplasmic reticulum
rml-1	GO:0030017;GO:0055120		
rml-4			
rnf-113	GO:0005634	GO:0005634	nucleus
rnf-113	GO:0005684	GO:0032991	protein-containing complex
rnh-1.0			
rnh-2	GO:0032299	GO:0032991	protein-containing complex
rnp-2	GO:0005634	GO:0005634	nucleus
rnp-2	GO:0005681;GO:0005685;GO:0030532;GO:1990904	GO:0032991	protein-containing complex
rnp-3	GO:0005634	GO:0005634	nucleus
rnp-3	GO:0005681;GO:0005685;GO:0030532;GO:1990904	GO:0032991	protein-containing complex
rnp-4	GO:0005634	GO:0005634	nucleus
rnp-4	GO:0005737	GO:0005737	cytoplasm
rnp-4	GO:0035145	GO:0032991	protein-containing complex
rnp-4	GO:0016607	GO:0043226	organelle
rnp-7	GO:0005634	GO:0005634	nucleus
rnp-7	GO:0005685;GO:0071004;GO:1990904	GO:0032991	protein-containing complex
rnr-1	GO:0005971	GO:0032991	protein-containing complex
rnr-2	GO:0005829	GO:0005829	cytosol
rnst-2	GO:0005576	GO:0005576	extracellular region
rnst-2	GO:0005764	GO:0005764	lysosome
rnt-1	GO:0005634	GO:0005634	nucleus
rnt-1	GO:0016513	GO:0032991	protein-containing complex
rog-1	GO:0005737	GO:0005737	cytoplasm
rog-1	GO:0016020	GO:0016020	membrane
rol-1	GO:0016020	GO:0016020	membrane
rol-1	GO:0005581	GO:0032991	protein-containing complex
rom-1	GO:0016020	GO:0016020	membrane
rom-3	GO:0005783	GO:0005783	endoplasmic reticulum
rom-3	GO:0005789;GO:0016020	GO:0016020	membrane
rom-4	GO:0005783	GO:0005783	endoplasmic reticulum
rom-4	GO:0005789;GO:0016020	GO:0016020	membrane
rom-5	GO:0016020	GO:0016020	membrane
romo-1	GO:0016020	GO:0016020	membrane
romo-1	GO:0005744	GO:0032991	protein-containing complex
rop-1	GO:0005737	GO:0005737	cytoplasm
rop-1	GO:1990904	GO:0032991	protein-containing complex
row-1	GO:0005634	GO:0005634	nucleus
rpac-19	GO:0005634	GO:0005634	nucleus
rpac-19	GO:0000428;GO:0005666;GO:0005736	GO:0032991	protein-containing complex
rpac-40	GO:0005634	GO:0005634	nucleus
rpac-40	GO:0000428;GO:0005666;GO:0005736	GO:0032991	protein-containing complex
rpap-3			
rpb-7	GO:0005634	GO:0005634	nucleus
rpb-7	GO:0000428;GO:0005665	GO:0032991	protein-containing complex
rpb-7	GO:0000932	GO:0043226	organelle
rpc-1	GO:0005634	GO:0005634	nucleus
rpc-1	GO:0005654	GO:0005654	nucleoplasm
rpc-1	GO:0000428;GO:0005666	GO:0032991	protein-containing complex
rpc-11	GO:0005634	GO:0005634	nucleus
rpc-11	GO:0000428;GO:0005666	GO:0032991	protein-containing complex
rpc-2	GO:0005634	GO:0005634	nucleus
rpc-2	GO:0005829	GO:0005829	cytosol
rpc-2	GO:0000428;GO:0005666	GO:0032991	protein-containing complex
rpc-25	GO:0005634	GO:0005634	nucleus
rpc-25	GO:0000428;GO:0005666	GO:0032991	protein-containing complex
rpi-2	GO:0005929	GO:0005929	cilium
rpi-2	GO:1990075	GO:0016020	membrane
rpl-10L	GO:0005840	GO:0005840	ribosome
rpl-10L	GO:0022625;GO:1990904	GO:0032991	protein-containing complex
rpl-11.1	GO:0005634	GO:0005634	nucleus
rpl-11.1	GO:0005737	GO:0005737	cytoplasm
rpl-11.1	GO:0005840	GO:0005840	ribosome
rpl-11.1	GO:0022625;GO:1990904	GO:0032991	protein-containing complex
rpl-11.2	GO:0005634	GO:0005634	nucleus
rpl-11.2	GO:0005737	GO:0005737	cytoplasm
rpl-11.2	GO:0005840	GO:0005840	ribosome
rpl-11.2	GO:0022625;GO:1990904	GO:0032991	protein-containing complex
rpl-12	GO:0005840	GO:0005840	ribosome
rpl-12	GO:0022625;GO:1990904	GO:0032991	protein-containing complex
rpl-13	GO:0005737	GO:0005737	cytoplasm
rpl-13	GO:0005829	GO:0005829	cytosol
rpl-13	GO:0005840	GO:0005840	ribosome
rpl-13	GO:0022625;GO:1990904	GO:0032991	protein-containing complex
rpl-14	GO:0005840	GO:0005840	ribosome
rpl-14	GO:0022625;GO:1990904	GO:0032991	protein-containing complex
rpl-15	GO:0005840	GO:0005840	ribosome
rpl-15	GO:0022625;GO:1990904	GO:0032991	protein-containing complex
rpl-18	GO:0005737	GO:0005737	cytoplasm
rpl-18	GO:0005840	GO:0005840	ribosome
rpl-18	GO:0022625;GO:1990904	GO:0032991	protein-containing complex
rpl-18A	GO:0005840	GO:0005840	ribosome
rpl-18A	GO:0022625;GO:1990904	GO:0032991	protein-containing complex
rpl-21	GO:0005840	GO:0005840	ribosome
rpl-21	GO:0022625;GO:1990904	GO:0032991	protein-containing complex
rpl-24	GO:0005840	GO:0005840	ribosome
rpl-24	GO:0022625;GO:1990904	GO:0032991	protein-containing complex
rpl-26	GO:0005840	GO:0005840	ribosome
rpl-26	GO:0015934;GO:0022625;GO:1990904	GO:0032991	protein-containing complex
rpl-27	GO:0005737	GO:0005737	cytoplasm
rpl-27	GO:0005783;GO:0005791	GO:0005783	endoplasmic reticulum
rpl-27	GO:0005829	GO:0005829	cytosol
rpl-27	GO:0005840	GO:0005840	ribosome
rpl-27	GO:0015934;GO:0022625;GO:1990904	GO:0032991	protein-containing complex
rpl-27	GO:0098556		
rpl-27A	GO:0005840	GO:0005840	ribosome
rpl-27A	GO:0022625;GO:1990904	GO:0032991	protein-containing complex
rpl-28	GO:0005840	GO:0005840	ribosome
rpl-28	GO:0022625;GO:1990904	GO:0032991	protein-containing complex
rpl-3	GO:0005737	GO:0005737	cytoplasm
rpl-3	GO:0005840	GO:0005840	ribosome
rpl-3	GO:0022625;GO:1990904	GO:0032991	protein-containing complex
rpl-30	GO:0005840	GO:0005840	ribosome
rpl-30	GO:0022625;GO:1990904	GO:0032991	protein-containing complex
rpl-35	GO:0005840	GO:0005840	ribosome
rpl-35	GO:0022625;GO:1990904	GO:0032991	protein-containing complex
rpl-35A	GO:0005840	GO:0005840	ribosome
rpl-35A	GO:0022625;GO:1990904	GO:0032991	protein-containing complex
rpl-38	GO:0005840	GO:0005840	ribosome
rpl-38	GO:0022625;GO:1990904	GO:0032991	protein-containing complex
rpl-5	GO:0005634	GO:0005634	nucleus
rpl-5	GO:0005737	GO:0005737	cytoplasm
rpl-5	GO:0005840;GO:0022626	GO:0005840	ribosome
rpl-5	GO:0022625;GO:1990904	GO:0032991	protein-containing complex
rpl-8	GO:0005737	GO:0005737	cytoplasm
rpl-8	GO:0005840	GO:0005840	ribosome
rpl-8	GO:0015934;GO:0022625;GO:1990904	GO:0032991	protein-containing complex
rplp-0	GO:0005840	GO:0005840	ribosome
rplp-0	GO:0022625;GO:1990904	GO:0032991	protein-containing complex
rplp-1	GO:0005840;GO:0022626	GO:0005840	ribosome
rplp-1	GO:0022625;GO:1990904	GO:0032991	protein-containing complex
rpm-1	GO:0005634	GO:0005634	nucleus
rpm-1	GO:0005886	GO:0005886	plasma membrane
rpm-1	GO:0036062	GO:0016020	membrane
rpm-1	GO:0019005	GO:0032991	protein-containing complex
rpm-1	GO:0042995	GO:0042995	cell projection
rpm-1	GO:0030424	GO:0043005	neuron projection
rpm-1	GO:0031594;GO:0045202	GO:0045202	synapse
rpms-1			
rpn-1	GO:0005634	GO:0005634	nucleus
rpn-1	GO:0000502;GO:0008540;GO:0022624	GO:0032991	protein-containing complex
rpn-1	GO:0034515	GO:0043226	organelle
rpn-11	GO:0005634	GO:0005634	nucleus
rpn-11	GO:0000502;GO:0005838;GO:0008541	GO:0032991	protein-containing complex
rpn-5	GO:0005634	GO:0005634	nucleus
rpn-5	GO:0005737	GO:0005737	cytoplasm
rpn-5	GO:0000502;GO:0008541	GO:0032991	protein-containing complex
rpn-6.1	GO:0005634	GO:0005634	nucleus
rpn-6.1	GO:0000502;GO:0008541;GO:0022624	GO:0032991	protein-containing complex
rpn-6.2	GO:0000502;GO:0008541	GO:0032991	protein-containing complex
rpn-7	GO:0000502;GO:0005838	GO:0032991	protein-containing complex
rpn-8	GO:0000502	GO:0032991	protein-containing complex
rpoa-1	GO:0005634	GO:0005634	nucleus
rpoa-1	GO:0000428;GO:0005736	GO:0032991	protein-containing complex
rpoa-2	GO:0005634	GO:0005634	nucleus
rpoa-2	GO:0005730	GO:0005730	nucleolus
rpoa-2	GO:0000428;GO:0005736	GO:0032991	protein-containing complex
rpom-1	GO:0000428;GO:0034245	GO:0032991	protein-containing complex
rps-10	GO:0005737	GO:0005737	cytoplasm
rps-10	GO:0005840	GO:0005840	ribosome
rps-10	GO:0022627;GO:1990904	GO:0032991	protein-containing complex
rps-13	GO:0005634	GO:0005634	nucleus
rps-13	GO:0005730	GO:0005730	nucleolus
rps-13	GO:0005737	GO:0005737	cytoplasm
rps-13	GO:0005840	GO:0005840	ribosome
rps-13	GO:0022627;GO:0032040;GO:1990904	GO:0032991	protein-containing complex
rps-14	GO:0005634	GO:0005634	nucleus
rps-14	GO:0005730	GO:0005730	nucleolus
rps-14	GO:0005737	GO:0005737	cytoplasm
rps-14	GO:0005840;GO:0022626	GO:0005840	ribosome
rps-14	GO:0022627;GO:0032040;GO:1990904	GO:0032991	protein-containing complex
rps-15	GO:0005840	GO:0005840	ribosome
rps-15	GO:0015935;GO:0022627;GO:1990904	GO:0032991	protein-containing complex
rps-15A	GO:0005840	GO:0005840	ribosome
rps-15A	GO:0022627;GO:1990904	GO:0032991	protein-containing complex
rps-17	GO:0005840;GO:0022626	GO:0005840	ribosome
rps-17	GO:0022627;GO:1990904	GO:0032991	protein-containing complex
rps-19	GO:0005840	GO:0005840	ribosome
rps-19	GO:0022627;GO:1990904	GO:0032991	protein-containing complex
rps-20	GO:0005840	GO:0005840	ribosome
rps-20	GO:0015935;GO:0022627;GO:1990904	GO:0032991	protein-containing complex
rps-23	GO:0005737	GO:0005737	cytoplasm
rps-23	GO:0005783;GO:0005791	GO:0005783	endoplasmic reticulum
rps-23	GO:0005829	GO:0005829	cytosol
rps-23	GO:0005840	GO:0005840	ribosome
rps-23	GO:0015935;GO:0022627;GO:1990904	GO:0032991	protein-containing complex
rps-24	GO:0005840	GO:0005840	ribosome
rps-24	GO:0022627;GO:1990904	GO:0032991	protein-containing complex
rps-26	GO:0005737	GO:0005737	cytoplasm
rps-26	GO:0005783;GO:0005791	GO:0005783	endoplasmic reticulum
rps-26	GO:0005829	GO:0005829	cytosol
rps-26	GO:0005840	GO:0005840	ribosome
rps-26	GO:0022627;GO:1990904	GO:0032991	protein-containing complex
rps-26	GO:0098556		
rps-27	GO:0005840	GO:0005840	ribosome
rps-27	GO:0022627;GO:1990904	GO:0032991	protein-containing complex
rps-28	GO:0005737	GO:0005737	cytoplasm
rps-28	GO:0005783;GO:0005791	GO:0005783	endoplasmic reticulum
rps-28	GO:0005829	GO:0005829	cytosol
rps-28	GO:0005840	GO:0005840	ribosome
rps-28	GO:0022627;GO:1990904	GO:0032991	protein-containing complex
rps-28	GO:0098556		
rps-29	GO:0005791	GO:0005783	endoplasmic reticulum
rps-29	GO:0005829	GO:0005829	cytosol
rps-29	GO:0005840	GO:0005840	ribosome
rps-29	GO:0022627;GO:1990904	GO:0032991	protein-containing complex
rps-3	GO:0005634	GO:0005634	nucleus
rps-3	GO:0005840;GO:0022626	GO:0005840	ribosome
rps-3	GO:0015935;GO:0022627;GO:1990904	GO:0032991	protein-containing complex
rps-3A	GO:0005737	GO:0005737	cytoplasm
rps-3A	GO:0005829	GO:0005829	cytosol
rps-3A	GO:0005840	GO:0005840	ribosome
rps-3A	GO:0022627;GO:1990904	GO:0032991	protein-containing complex
rps-5	GO:0005634	GO:0005634	nucleus
rps-5	GO:0005730	GO:0005730	nucleolus
rps-5	GO:0005737	GO:0005737	cytoplasm
rps-5	GO:0005840	GO:0005840	ribosome
rps-5	GO:0015935;GO:0022627;GO:0032040;GO:1990904	GO:0032991	protein-containing complex
rps-6	GO:0005634	GO:0005634	nucleus
rps-6	GO:0005730	GO:0005730	nucleolus
rps-6	GO:0005737	GO:0005737	cytoplasm
rps-6	GO:0005840	GO:0005840	ribosome
rps-6	GO:0032040;GO:1990904	GO:0032991	protein-containing complex
rps-7	GO:0005840	GO:0005840	ribosome
rps-7	GO:0022627;GO:0032040;GO:1990904	GO:0032991	protein-containing complex
rpsa-1	GO:0005737	GO:0005737	cytoplasm
rpsa-1	GO:0005840	GO:0005840	ribosome
rpsa-1	GO:0015935;GO:0022627;GO:1990904	GO:0032991	protein-containing complex
rpt-1	GO:0005634	GO:0005634	nucleus
rpt-1	GO:0005737	GO:0005737	cytoplasm
rpt-1	GO:0000502;GO:0008540	GO:0032991	protein-containing complex
rpt-2	GO:0005634	GO:0005634	nucleus
rpt-2	GO:0005737	GO:0005737	cytoplasm
rpt-2	GO:0000502;GO:0008540	GO:0032991	protein-containing complex
rpt-3	GO:0005634	GO:0005634	nucleus
rpt-3	GO:0005737	GO:0005737	cytoplasm
rpt-3	GO:0000502;GO:0008540	GO:0032991	protein-containing complex
rpt-4	GO:0005634	GO:0005634	nucleus
rpt-4	GO:0005737	GO:0005737	cytoplasm
rpt-4	GO:0000502;GO:0008540	GO:0032991	protein-containing complex
rpt-5	GO:0005634	GO:0005634	nucleus
rpt-5	GO:0005737	GO:0005737	cytoplasm
rpt-5	GO:0000502;GO:0008540	GO:0032991	protein-containing complex
rpt-6	GO:0005634	GO:0005634	nucleus
rpt-6	GO:0005737	GO:0005737	cytoplasm
rpt-6	GO:0000502;GO:0008540	GO:0032991	protein-containing complex
rpy-1	GO:0005737	GO:0005737	cytoplasm
rpy-1	GO:0005886	GO:0005886	plasma membrane
rpy-1	GO:0031594;GO:0045202	GO:0045202	synapse
rrc-1			
rrsr-1	GO:0005634	GO:0005634	nucleus
rrsr-1	GO:0005730	GO:0005730	nucleolus
rrsr-1	GO:0030687	GO:0032991	protein-containing complex
rsa-1	GO:0005737	GO:0005737	cytoplasm
rsa-1	GO:0005813	GO:0005815	microtubule organizing center
rsa-1	GO:0005856	GO:0005856	cytoskeleton
rsa-1	GO:0000159	GO:0032991	protein-containing complex
rsf-1	GO:0005737	GO:0005737	cytoplasm
rsf-1	GO:0005856	GO:0005856	cytoskeleton
rsf-1	GO:0005874		
rskd-1			
rskn-1	GO:0005654	GO:0005654	nucleoplasm
rskn-1	GO:0005737	GO:0005737	cytoplasm
rsks-1	GO:0005654	GO:0005654	nucleoplasm
rsks-1	GO:0005737	GO:0005737	cytoplasm
rsks-1	GO:0042995	GO:0042995	cell projection
rsks-1	GO:0030424	GO:0043005	neuron projection
rsks-1	GO:0043204		
rsp-1	GO:0005634	GO:0005634	nucleus
rsp-2	GO:0005634	GO:0005634	nucleus
rsp-2	GO:0016607	GO:0043226	organelle
rsp-3	GO:0005634	GO:0005634	nucleus
rsp-3	GO:0016607	GO:0043226	organelle
rsp-4	GO:0005634	GO:0005634	nucleus
rsp-4	GO:0016607	GO:0043226	organelle
rsp-6	GO:0005634	GO:0005634	nucleus
rsp-6	GO:0016607	GO:0043226	organelle
rsp-7	GO:0005634	GO:0005634	nucleus
rsp-7	GO:0005654	GO:0005654	nucleoplasm
rsp-8	GO:0005681	GO:0032991	protein-containing complex
rsr-1	GO:0005681	GO:0032991	protein-containing complex
rsr-2	GO:0005634	GO:0005634	nucleus
rsr-2	GO:0005694	GO:0005694	chromosome
rsr-2	GO:0005681	GO:0032991	protein-containing complex
rsr-2	GO:0016604;GO:0016607	GO:0043226	organelle
rsr-2	GO:0000785		
rsu-1			
rtcb-1	GO:0005634	GO:0005634	nucleus
rtcb-1	GO:0005635	GO:0005635	nuclear envelope
rtcb-1	GO:0005737	GO:0005737	cytoplasm
rtcb-1	GO:0005789	GO:0016020	membrane
rtcb-1	GO:0072669	GO:0032991	protein-containing complex
rtel-1	GO:0005634	GO:0005634	nucleus
rtfo-1	GO:0005634	GO:0005634	nucleus
rtfo-1	GO:0016593	GO:0032991	protein-containing complex
rtkn-1	GO:0005826		
sacy-1	GO:0005634	GO:0005634	nucleus
sacy-1	GO:0005737	GO:0005737	cytoplasm
sacy-1	GO:0005681	GO:0032991	protein-containing complex
sacy-1	GO:0043186	GO:0043226	organelle
sad-1	GO:0030424;GO:0030425	GO:0043005	neuron projection
sad-1	GO:0045202	GO:0045202	synapse
sahd-1	GO:0005634	GO:0005634	nucleus
sahd-1	GO:0005694	GO:0005694	chromosome
sam-10	GO:0005634	GO:0005634	nucleus
sam-10	GO:0005737	GO:0005737	cytoplasm
sam-4	GO:0005764	GO:0005764	lysosome
sam-4	GO:0005765;GO:0016020;GO:0030672	GO:0016020	membrane
sam-4	GO:0005680;GO:0099078	GO:0032991	protein-containing complex
sam-4	GO:0098574		
sams-1	GO:0005829	GO:0005829	cytosol
sams-3	GO:0005829	GO:0005829	cytosol
sams-4	GO:0005829	GO:0005829	cytosol
sams-5	GO:0005829	GO:0005829	cytosol
sap-49	GO:0005634	GO:0005634	nucleus
sap-49	GO:0005681;GO:0005686;GO:0071011	GO:0032991	protein-containing complex
sar-1	GO:0005737	GO:0005737	cytoplasm
sar-1	GO:0005783	GO:0005783	endoplasmic reticulum
sar-1	GO:0005794	GO:0005794	Golgi apparatus
sar-1	GO:0005829	GO:0005829	cytosol
sar-1	GO:0005789;GO:0016020;GO:0032580	GO:0016020	membrane
sar-1	GO:0030127	GO:0032991	protein-containing complex
sar-1	GO:0070971		
sars-1	GO:0005737	GO:0005737	cytoplasm
sars-1	GO:0005829	GO:0005829	cytosol
sart-3	GO:0005634	GO:0005634	nucleus
sart-3	GO:0005654	GO:0005654	nucleoplasm
sas-1	GO:0005814	GO:0043226	organelle
sav-1	GO:0005829	GO:0005829	cytosol
sax-2	GO:0005938	GO:0005737	cytoplasm
sax-2	GO:0030427		
sax-3	GO:0005886	GO:0005886	plasma membrane
sax-3	GO:0016020	GO:0016020	membrane
sax-3	GO:0030424	GO:0043005	neuron projection
sax-7	GO:0005886	GO:0005886	plasma membrane
sax-7	GO:0016020;GO:0030673;GO:0032590	GO:0016020	membrane
sax-7	GO:0005912	GO:0030054	cell junction
sax-7	GO:0030424;GO:0030425	GO:0043005	neuron projection
sax-7	GO:0016328;GO:0030017;GO:0032809;GO:0043204		
sbds-1	GO:0005634	GO:0005634	nucleus
sbds-1	GO:0005654	GO:0005654	nucleoplasm
sbds-1	GO:0005730	GO:0005730	nucleolus
sbds-1	GO:0005737	GO:0005737	cytoplasm
sbds-1	GO:0005856	GO:0005856	cytoskeleton
sbds-1	GO:0005819	GO:0043226	organelle
sbp-1	GO:0005634	GO:0005634	nucleus
sbp-1	GO:0005783	GO:0005783	endoplasmic reticulum
sbp-1	GO:0005789;GO:0016020	GO:0016020	membrane
sbt-1	GO:0005576	GO:0005576	extracellular region
sbt-1	GO:0030141	GO:0031410	cytoplasmic vesicle
sca-1	GO:0005635	GO:0005635	nuclear envelope
sca-1	GO:0005783;GO:0016529	GO:0005783	endoplasmic reticulum
sca-1	GO:0016020;GO:0033017;GO:0042175	GO:0016020	membrane
sca-1	GO:0031410	GO:0031410	cytoplasmic vesicle
scav-1	GO:0016020	GO:0016020	membrane
scav-2	GO:0016020	GO:0016020	membrane
scav-3	GO:0016020	GO:0016020	membrane
scav-4	GO:0016020	GO:0016020	membrane
scav-5	GO:0016020	GO:0016020	membrane
scav-6	GO:0016020	GO:0016020	membrane
scc-1	GO:0005634	GO:0005634	nucleus
scc-1	GO:0005694	GO:0005694	chromosome
scc-1	GO:0005737	GO:0005737	cytoplasm
scc-1	GO:0000444;GO:0008278	GO:0032991	protein-containing complex
scc-2	GO:0005634	GO:0005634	nucleus
scc-2	GO:0005694	GO:0005694	chromosome
scc-2	GO:0032116;GO:0090694	GO:0032991	protein-containing complex
scc-3	GO:0005634	GO:0005634	nucleus
scc-3	GO:0000793;GO:0005694	GO:0005694	chromosome
scc-3	GO:0000444;GO:0008278	GO:0032991	protein-containing complex
scc-3	GO:0000785		
scd-2	GO:0005886	GO:0005886	plasma membrane
scd-2	GO:0016020	GO:0016020	membrane
scl-19	GO:0005615		
scm-1	GO:0016020;GO:0032588;GO:0055038	GO:0016020	membrane
scm-1	GO:0031410	GO:0031410	cytoplasmic vesicle
sco-1	GO:0005739	GO:0005739	mitochondrion
sco-1	GO:0005743;GO:0016020	GO:0016020	membrane
scp-1	GO:0005783	GO:0005783	endoplasmic reticulum
scp-1	GO:0005794	GO:0005794	Golgi apparatus
scp-1	GO:0000139;GO:0005789;GO:0012507;GO:0016020	GO:0016020	membrane
scp-1	GO:0032936	GO:0032991	protein-containing complex
scpl-1	GO:0005737	GO:0005737	cytoplasm
scpl-1	GO:0031430;GO:0031674		
scpl-4	GO:0005739	GO:0005739	mitochondrion
scpl-4	GO:0005743;GO:0016020	GO:0016020	membrane
scpl-4	GO:0005744	GO:0032991	protein-containing complex
scpr-1			
scrm-1	GO:0005886	GO:0005886	plasma membrane
scrm-2	GO:0005886	GO:0005886	plasma membrane
scrm-3	GO:0005886	GO:0005886	plasma membrane
scrm-4	GO:0005886	GO:0005886	plasma membrane
scyl-1			
sdha-1	GO:0005739	GO:0005739	mitochondrion
sdha-1	GO:0005743;GO:0016020	GO:0016020	membrane
sdha-1	GO:0045273	GO:0032991	protein-containing complex
sdha-2	GO:0005739	GO:0005739	mitochondrion
sdha-2	GO:0005743;GO:0016020	GO:0016020	membrane
sdha-2	GO:0045273	GO:0032991	protein-containing complex
sdhb-1	GO:0005739	GO:0005739	mitochondrion
sdhb-1	GO:0005743;GO:0016020;GO:0031966	GO:0016020	membrane
sdhb-1	GO:0045273	GO:0032991	protein-containing complex
sdhd-1	GO:0005739	GO:0005739	mitochondrion
sdhd-1	GO:0005743;GO:0016020	GO:0016020	membrane
sdhd-1	GO:0045273	GO:0032991	protein-containing complex
sdhd-1	GO:0005740		
sdn-1	GO:0005737	GO:0005737	cytoplasm
sdn-1	GO:0016020	GO:0016020	membrane
sdn-1	GO:0070161	GO:0030054	cell junction
sdn-1	GO:0009986		
sdpn-1	GO:0005737	GO:0005737	cytoplasm
sdpn-1	GO:0005768;GO:0005769;GO:0055037	GO:0005768	endosome
sdpn-1	GO:0005886	GO:0005886	plasma membrane
sdpn-1	GO:0055038	GO:0016020	membrane
sdz-35			
sdz-8	GO:0005737	GO:0005737	cytoplasm
sea-1	GO:0005634	GO:0005634	nucleus
sea-1	GO:0000785		
seb-3	GO:0005886	GO:0005886	plasma membrane
seb-3	GO:0016020;GO:0030673	GO:0016020	membrane
seb-3	GO:0030424	GO:0043005	neuron projection
seb-3	GO:0032809;GO:0043025		
sec-10	GO:0005737	GO:0005737	cytoplasm
sec-10	GO:0000145	GO:0032991	protein-containing complex
sec-12	GO:0005783	GO:0005783	endoplasmic reticulum
sec-12	GO:0005789;GO:0016020	GO:0016020	membrane
sec-15	GO:0000145	GO:0032991	protein-containing complex
sec-16A.1	GO:0005783	GO:0005783	endoplasmic reticulum
sec-16A.1	GO:0012507	GO:0016020	membrane
sec-16A.1	GO:0005793	GO:0043226	organelle
sec-16A.1	GO:0070971		
sec-16A.2	GO:0005783	GO:0005783	endoplasmic reticulum
sec-16A.2	GO:0005794	GO:0005794	Golgi apparatus
sec-16A.2	GO:0000139;GO:0012507;GO:0016020	GO:0016020	membrane
sec-16A.2	GO:0070971		
sec-20	GO:0005783	GO:0005783	endoplasmic reticulum
sec-20	GO:0005789;GO:0016020	GO:0016020	membrane
sec-20	GO:0031201	GO:0032991	protein-containing complex
sec-22	GO:0005737	GO:0005737	cytoplasm
sec-22	GO:0005783	GO:0005783	endoplasmic reticulum
sec-22	GO:0005794	GO:0005794	Golgi apparatus
sec-22	GO:0000139;GO:0005789;GO:0012507;GO:0016020	GO:0016020	membrane
sec-22	GO:0031201	GO:0032991	protein-containing complex
sec-22	GO:0012505		
sec-23	GO:0005737	GO:0005737	cytoplasm
sec-23	GO:0005783	GO:0005783	endoplasmic reticulum
sec-23	GO:0005789;GO:0012507;GO:0016020	GO:0016020	membrane
sec-23	GO:0031410	GO:0031410	cytoplasmic vesicle
sec-23	GO:0030127	GO:0032991	protein-containing complex
sec-23	GO:0070971		
sec-24.1	GO:0005789;GO:0012507	GO:0016020	membrane
sec-24.1	GO:0031410	GO:0031410	cytoplasmic vesicle
sec-24.1	GO:0030127	GO:0032991	protein-containing complex
sec-24.1	GO:0070971		
sec-31	GO:0005783	GO:0005783	endoplasmic reticulum
sec-31	GO:0030127	GO:0032991	protein-containing complex
sec-31	GO:0070971		
sec-6	GO:0000145	GO:0032991	protein-containing complex
sec-61.A	GO:0005783	GO:0005783	endoplasmic reticulum
sec-61.A	GO:0005789;GO:0016020	GO:0016020	membrane
sec-61.A	GO:0005784	GO:0032991	protein-containing complex
sec-61.G	GO:0005783	GO:0005783	endoplasmic reticulum
sec-61.G	GO:0005789;GO:0016020	GO:0016020	membrane
sec-61.G	GO:0005784;GO:0071261	GO:0032991	protein-containing complex
secs-1	GO:0005737	GO:0005737	cytoplasm
sedl-1	GO:0005634	GO:0005634	nucleus
sedl-1	GO:0005737	GO:0005737	cytoplasm
sedl-1	GO:0005783	GO:0005783	endoplasmic reticulum
sedl-1	GO:0005794	GO:0005794	Golgi apparatus
sedl-1	GO:0030008	GO:0032991	protein-containing complex
sedl-1	GO:0048471		
seip-1	GO:0005783	GO:0005783	endoplasmic reticulum
seip-1	GO:0005789;GO:0016020	GO:0016020	membrane
sek-1			
sek-6	GO:0005737	GO:0005737	cytoplasm
sel-1	GO:0005789;GO:0016020	GO:0016020	membrane
sel-1	GO:0031410	GO:0031410	cytoplasmic vesicle
sel-1	GO:0000836	GO:0032991	protein-containing complex
sel-10	GO:0005737	GO:0005737	cytoplasm
sel-10	GO:0042995	GO:0042995	cell projection
sel-10	GO:0030424	GO:0043005	neuron projection
sel-11	GO:0005783	GO:0005783	endoplasmic reticulum
sel-11	GO:0005789;GO:0016020	GO:0016020	membrane
sel-11	GO:0012505;GO:0044322		
sel-12	GO:0005783	GO:0005783	endoplasmic reticulum
sel-12	GO:0005794	GO:0005794	Golgi apparatus
sel-12	GO:0000139;GO:0005789;GO:0016020	GO:0016020	membrane
sel-12	GO:0070765	GO:0032991	protein-containing complex
sel-12	GO:0048471		
sel-2	GO:0005634	GO:0005634	nucleus
sel-2	GO:0005737	GO:0005737	cytoplasm
sel-2	GO:0005829	GO:0005829	cytosol
sel-2	GO:0016020	GO:0016020	membrane
sel-2	GO:0048471		
sel-5	GO:0005737	GO:0005737	cytoplasm
seld-1	GO:0005737	GO:0005737	cytoplasm
sem-2	GO:0005634	GO:0005634	nucleus
sem-4	GO:0005634	GO:0005634	nucleus
sem-5	GO:0005654	GO:0005654	nucleoplasm
sem-5	GO:0005737	GO:0005737	cytoplasm
sem-5	GO:0005886	GO:0005886	plasma membrane
sem-5	GO:0016020	GO:0016020	membrane
sem-5	GO:0008180	GO:0032991	protein-containing complex
semi-1	GO:0005575		
semo-1			
sep-1	GO:0000794	GO:0000228	nuclear chromosome
sep-1	GO:0005634	GO:0005634	nucleus
sep-1	GO:0005635	GO:0005635	nuclear envelope
sep-1	GO:0005694	GO:0005694	chromosome
sep-1	GO:0005737;GO:0005938	GO:0005737	cytoplasm
sep-1	GO:0005813	GO:0005815	microtubule organizing center
sep-1	GO:0005856	GO:0005856	cytoskeleton
sep-1	GO:0032154	GO:0016020	membrane
sep-1	GO:0060473	GO:0031410	cytoplasmic vesicle
sep-1	GO:1990520	GO:0032991	protein-containing complex
sep-1	GO:0005819;GO:0072686;GO:0072687	GO:0043226	organelle
sep-1	GO:0030496;GO:0070090		
ser-1	GO:0005886	GO:0005886	plasma membrane
ser-1	GO:0016020	GO:0016020	membrane
ser-1	GO:0030425	GO:0043005	neuron projection
ser-1	GO:0045202	GO:0045202	synapse
ser-2	GO:0005886	GO:0005886	plasma membrane
ser-2	GO:0016020	GO:0016020	membrane
ser-4	GO:0005886	GO:0005886	plasma membrane
ser-4	GO:0016020	GO:0016020	membrane
ser-4	GO:0030425	GO:0043005	neuron projection
ser-4	GO:0045202	GO:0045202	synapse
ser-5	GO:0005886	GO:0005886	plasma membrane
ser-5	GO:0016020	GO:0016020	membrane
ser-7	GO:0005886	GO:0005886	plasma membrane
ser-7	GO:0016020	GO:0016020	membrane
ser-7	GO:0030425	GO:0043005	neuron projection
ser-7	GO:0045202	GO:0045202	synapse
serr-1			
set-11	GO:0005634	GO:0005634	nucleus
set-11	GO:0005694	GO:0005694	chromosome
set-12	GO:0005634	GO:0005634	nucleus
set-12	GO:0005694	GO:0005694	chromosome
set-12	GO:0000785		
set-16	GO:0005634	GO:0005634	nucleus
set-16	GO:0005654	GO:0005654	nucleoplasm
set-16	GO:0005700	GO:0005694	chromosome
set-16	GO:0044666	GO:0032991	protein-containing complex
set-2	GO:0005634	GO:0005634	nucleus
set-2	GO:0048188	GO:0032991	protein-containing complex
set-28			
set-4	GO:0005634	GO:0005634	nucleus
set-4	GO:0005694	GO:0005694	chromosome
set-6	GO:0005634	GO:0005634	nucleus
set-6	GO:0005694	GO:0005694	chromosome
set-6	GO:0000785		
set-9	GO:0005634	GO:0005634	nucleus
sex-1	GO:0005634	GO:0005634	nucleus
sfa-1	GO:0005634	GO:0005634	nucleus
sfa-1	GO:0005737	GO:0005737	cytoplasm
sfa-1	GO:0005681	GO:0032991	protein-containing complex
sfrp-1	GO:0005576	GO:0005576	extracellular region
sfrp-1	GO:0005634	GO:0005634	nucleus
sfrp-1	GO:0005615		
sft-1	GO:0005739	GO:0005739	mitochondrion
sft-1	GO:0005743;GO:0016020	GO:0016020	membrane
sftb-1	GO:0005634	GO:0005634	nucleus
sftb-1	GO:0005681;GO:0005686;GO:0071004;GO:0071013	GO:0032991	protein-containing complex
sftb-2	GO:0005634	GO:0005634	nucleus
sftb-2	GO:0005684;GO:0005686;GO:0071011;GO:0071013	GO:0032991	protein-containing complex
sgca-1	GO:0042383	GO:0005886	plasma membrane
sgca-1	GO:0016020	GO:0016020	membrane
sgca-1	GO:0016012	GO:0032991	protein-containing complex
sgca-1	GO:0055120		
sgcb-1	GO:0005856	GO:0005856	cytoskeleton
sgcb-1	GO:0042383	GO:0005886	plasma membrane
sgcb-1	GO:0016020	GO:0016020	membrane
sgcb-1	GO:0016012	GO:0032991	protein-containing complex
sgk-1	GO:0005634	GO:0005634	nucleus
sgk-1	GO:0005737	GO:0005737	cytoplasm
sgk-1	GO:0005886	GO:0005886	plasma membrane
sgk-1	GO:0016020;GO:0016324	GO:0016020	membrane
sgk-1	GO:1902911	GO:0032991	protein-containing complex
sgn-1	GO:0005856	GO:0005856	cytoskeleton
sgn-1	GO:0042383	GO:0005886	plasma membrane
sgn-1	GO:0016020	GO:0016020	membrane
sgn-1	GO:0016012	GO:0032991	protein-containing complex
shc-1	GO:0005634	GO:0005634	nucleus
shc-1	GO:0005737	GO:0005737	cytoplasm
shc-1	GO:0005886	GO:0005886	plasma membrane
shc-1	GO:0016020	GO:0016020	membrane
shk-1	GO:0005886	GO:0005886	plasma membrane
shk-1	GO:0016020	GO:0016020	membrane
shk-1	GO:0008076;GO:0034702	GO:0032991	protein-containing complex
shl-1	GO:0016020	GO:0016020	membrane
shl-1	GO:0008076;GO:0034702	GO:0032991	protein-containing complex
shn-1	GO:0045211	GO:0016020	membrane
shn-1	GO:0031410	GO:0031410	cytoplasmic vesicle
shn-1	GO:0031143;GO:0042995	GO:0042995	cell projection
shn-1	GO:0043197	GO:0043005	neuron projection
shn-1	GO:0014069	GO:0043226	organelle
shn-1	GO:0045202	GO:0045202	synapse
shq-1	GO:0005654	GO:0005654	nucleoplasm
shq-1	GO:0005737	GO:0005737	cytoplasm
shw-1	GO:0016020;GO:0032590;GO:0042734;GO:0045211	GO:0016020	membrane
shw-1	GO:0008076;GO:0034702	GO:0032991	protein-containing complex
shw-1	GO:0032809;GO:0043679		
shw-3	GO:0016020;GO:0030673;GO:0032590;GO:0042734;GO:0045211	GO:0016020	membrane
shw-3	GO:0008076;GO:0034702	GO:0032991	protein-containing complex
shw-3	GO:0032809;GO:0043679		
sin-3	GO:0005634	GO:0005634	nucleus
sin-3	GO:0070822	GO:0032991	protein-containing complex
sin-3	GO:0000785		
sipa-1	GO:0005737	GO:0005737	cytoplasm
sir-2.1	GO:0005634	GO:0005634	nucleus
sir-2.1	GO:0005654	GO:0005654	nucleoplasm
sir-2.1	GO:0005737	GO:0005737	cytoplasm
sir-2.1	GO:0005637	GO:0016020	membrane
sir-2.1	GO:0000781;GO:0033553;GO:0048471		
sir-2.2	GO:0005739	GO:0005739	mitochondrion
sir-2.2	GO:0005759		
sir-2.3	GO:0005739	GO:0005739	mitochondrion
sir-2.3	GO:0005759		
sir-2.4	GO:0005634	GO:0005634	nucleus
sir-2.4	GO:0005635	GO:0005635	nuclear envelope
sir-2.4	GO:0005643	GO:0032991	protein-containing complex
sir-2.4	GO:0010494;GO:0043186	GO:0043226	organelle
skat-1	GO:0005774;GO:0016020	GO:0016020	membrane
skih-2	GO:0005737	GO:0005737	cytoplasm
skih-2	GO:0055087	GO:0032991	protein-containing complex
skn-1	GO:0005634	GO:0005634	nucleus
skn-1	GO:0005737	GO:0005737	cytoplasm
skn-1	GO:0005739	GO:0005739	mitochondrion
skn-1	GO:0005783	GO:0005783	endoplasmic reticulum
sknr-1	GO:0005634	GO:0005634	nucleus
skp-1	GO:0005681	GO:0032991	protein-containing complex
skpo-1	GO:0005615		
skpo-2	GO:0031012	GO:0031012	extracellular matrix
skpo-2	GO:0005615		
skpt-1	GO:0019005	GO:0032991	protein-containing complex
skr-1	GO:0005634	GO:0005634	nucleus
skr-1	GO:0005737	GO:0005737	cytoplasm
skr-1	GO:0019005	GO:0032991	protein-containing complex
skr-2	GO:0005634	GO:0005634	nucleus
skr-2	GO:0005737	GO:0005737	cytoplasm
skr-2	GO:0019005	GO:0032991	protein-containing complex
skr-3	GO:0005634	GO:0005634	nucleus
skr-3	GO:0005737	GO:0005737	cytoplasm
skr-4	GO:0005634	GO:0005634	nucleus
skr-4	GO:0005737	GO:0005737	cytoplasm
skr-5	GO:0005634	GO:0005634	nucleus
skr-5	GO:0005737	GO:0005737	cytoplasm
skr-6	GO:0005634	GO:0005634	nucleus
skr-6	GO:0005737	GO:0005737	cytoplasm
slc-17.1	GO:0005764	GO:0005764	lysosome
slc-17.1	GO:0016529	GO:0005783	endoplasmic reticulum
slc-17.1	GO:0005765;GO:0016020;GO:0016323;GO:0030658;GO:0030672	GO:0016020	membrane
slc-17.1	GO:0031410	GO:0031410	cytoplasmic vesicle
slc-17.1	GO:0045202	GO:0045202	synapse
slc-17.2	GO:0016020	GO:0016020	membrane
slc-25A10	GO:0005739	GO:0005739	mitochondrion
slc-25A10	GO:0005743;GO:0016020	GO:0016020	membrane
slc-25A18.1	GO:0005739	GO:0005739	mitochondrion
slc-25A18.1	GO:0005743;GO:0016020	GO:0016020	membrane
slc-25A18.2	GO:0005739	GO:0005739	mitochondrion
slc-25A18.2	GO:0005743;GO:0016020	GO:0016020	membrane
slc-25A21	GO:0005739	GO:0005739	mitochondrion
slc-25A21	GO:0005743;GO:0016020	GO:0016020	membrane
slc-25A26	GO:0005739	GO:0005739	mitochondrion
slc-25A26	GO:0005743;GO:0016020	GO:0016020	membrane
slc-25A32	GO:0005739	GO:0005739	mitochondrion
slc-25A32	GO:0016020	GO:0016020	membrane
slc-25A42	GO:0016020	GO:0016020	membrane
slc-25A46	GO:0005739	GO:0005739	mitochondrion
slc-25A46	GO:0005741;GO:0016020	GO:0016020	membrane
slc-30A5	GO:0005783	GO:0005783	endoplasmic reticulum
slc-30A5	GO:0005794	GO:0005794	Golgi apparatus
slc-30A5	GO:0012507;GO:0016020;GO:0030658;GO:0032580	GO:0016020	membrane
slc-30A5	GO:0031410	GO:0031410	cytoplasmic vesicle
slc-36.1	GO:0005774;GO:0016020	GO:0016020	membrane
slc-36.2	GO:0005774;GO:0016020	GO:0016020	membrane
slc-36.3	GO:0005774;GO:0016020	GO:0016020	membrane
slc-36.4	GO:0005774;GO:0016020	GO:0016020	membrane
slc-36.5	GO:0005774;GO:0016020	GO:0016020	membrane
slc-46A	GO:0016020	GO:0016020	membrane
slc-5A12	GO:0005886	GO:0005886	plasma membrane
slc-5A12	GO:0016020	GO:0016020	membrane
slcf-2	GO:0016020	GO:0016020	membrane
slcr-46.2	GO:0016020	GO:0016020	membrane
slfl-5			
sli-1	GO:0005886	GO:0005886	plasma membrane
sli-1	GO:0045121	GO:0016020	membrane
slo-1	GO:0005886	GO:0005886	plasma membrane
slo-1	GO:0016020;GO:0045211	GO:0016020	membrane
slo-1	GO:0034702	GO:0032991	protein-containing complex
slo-1	GO:0045202	GO:0045202	synapse
slo-1	GO:0031430;GO:0055120		
slo-2	GO:0005886	GO:0005886	plasma membrane
slo-2	GO:0016020	GO:0016020	membrane
slo-2	GO:0030424	GO:0043005	neuron projection
slt-1	GO:0005576	GO:0005576	extracellular region
slx-1	GO:0005634	GO:0005634	nucleus
slx-1	GO:0033557	GO:0032991	protein-containing complex
sma-10	GO:0005886	GO:0005886	plasma membrane
sma-10	GO:0016020;GO:0030659	GO:0016020	membrane
sma-10	GO:0031410	GO:0031410	cytoplasmic vesicle
sma-10	GO:0098552		
sma-2	GO:0005634	GO:0005634	nucleus
sma-2	GO:0005737	GO:0005737	cytoplasm
sma-2	GO:0071144	GO:0032991	protein-containing complex
sma-3	GO:0005634	GO:0005634	nucleus
sma-3	GO:0005737	GO:0005737	cytoplasm
sma-3	GO:0071144	GO:0032991	protein-containing complex
sma-4	GO:0005634	GO:0005634	nucleus
sma-4	GO:0005737	GO:0005737	cytoplasm
sma-4	GO:0071144	GO:0032991	protein-containing complex
sma-5	GO:0005634	GO:0005634	nucleus
sma-5	GO:0005737	GO:0005737	cytoplasm
sma-6	GO:0005634	GO:0005634	nucleus
sma-6	GO:0005886	GO:0005886	plasma membrane
sma-6	GO:0016020	GO:0016020	membrane
sma-6	GO:0048179	GO:0032991	protein-containing complex
sma-9	GO:0005634	GO:0005634	nucleus
smap-1	GO:0005737	GO:0005737	cytoplasm
smc-3	GO:0005634	GO:0005634	nucleus
smc-3	GO:0005694	GO:0005694	chromosome
smc-3	GO:0000444;GO:0008278;GO:0030892;GO:0032991	GO:0032991	protein-containing complex
smc-3	GO:0000785		
smc-5	GO:0000794	GO:0000228	nuclear chromosome
smc-5	GO:0005634	GO:0005634	nucleus
smc-5	GO:0005694	GO:0005694	chromosome
smc-5	GO:0030915	GO:0032991	protein-containing complex
smd-1	GO:0005829	GO:0005829	cytosol
smf-1	GO:0005886	GO:0005886	plasma membrane
smf-1	GO:0010008;GO:0016020;GO:0016324;GO:0030659	GO:0016020	membrane
smf-1	GO:0031410	GO:0031410	cytoplasmic vesicle
smf-2	GO:0005886	GO:0005886	plasma membrane
smf-2	GO:0010008;GO:0016020;GO:0016324;GO:0030659	GO:0016020	membrane
smf-2	GO:0031410	GO:0031410	cytoplasmic vesicle
smf-3	GO:0005886	GO:0005886	plasma membrane
smf-3	GO:0010008;GO:0016020;GO:0016324;GO:0030659;GO:0031090	GO:0016020	membrane
smf-3	GO:0031410	GO:0031410	cytoplasmic vesicle
smg-2	GO:0005634	GO:0005634	nucleus
smg-2	GO:0005737	GO:0005737	cytoplasm
smg-4	GO:0005634	GO:0005634	nucleus
smg-4	GO:0005730	GO:0005730	nucleolus
smg-4	GO:0005737	GO:0005737	cytoplasm
smg-4	GO:0048471		
smg-9			
smgl-1	GO:0070939	GO:0032991	protein-containing complex
smi-1	GO:0005634	GO:0005634	nucleus
smi-1	GO:0005737	GO:0005737	cytoplasm
smi-1	GO:0005681;GO:0032797	GO:0032991	protein-containing complex
smn-1	GO:0005634	GO:0005634	nucleus
smo-1	GO:0005634	GO:0005634	nucleus
smo-1	GO:0005694	GO:0005694	chromosome
smo-1	GO:0005737	GO:0005737	cytoplasm
smo-1	GO:0005813	GO:0005815	microtubule organizing center
smo-1	GO:0005856	GO:0005856	cytoskeleton
smo-1	GO:0005819;GO:0016605	GO:0043226	organelle
smoc-1	GO:0005576	GO:0005576	extracellular region
smp-1	GO:0005886	GO:0005886	plasma membrane
smp-1	GO:0016020	GO:0016020	membrane
smp-2	GO:0005886	GO:0005886	plasma membrane
smp-2	GO:0016020	GO:0016020	membrane
smrc-1	GO:0005634	GO:0005634	nucleus
smrc-1	GO:0043596		
smrd-1	GO:0005634	GO:0005634	nucleus
smrd-1	GO:0005694	GO:0005694	chromosome
smrd-1	GO:0000785		
sms-1	GO:0005794	GO:0005794	Golgi apparatus
sms-1	GO:0005886	GO:0005886	plasma membrane
sms-1	GO:0000139;GO:0005789;GO:0016020	GO:0016020	membrane
sms-2	GO:0005886	GO:0005886	plasma membrane
sms-2	GO:0000139;GO:0005789;GO:0016020	GO:0016020	membrane
smvt-1	GO:0016020	GO:0016020	membrane
snai-1	GO:0005634	GO:0005634	nucleus
snap-1	GO:0016020	GO:0016020	membrane
snap-1	GO:0031201	GO:0032991	protein-containing complex
snap-29	GO:0005737	GO:0005737	cytoplasm
snap-29	GO:0055037	GO:0005768	endosome
snap-29	GO:0005886	GO:0005886	plasma membrane
snap-29	GO:0016324	GO:0016020	membrane
snap-29	GO:0031201	GO:0032991	protein-containing complex
snap-29	GO:0043005	GO:0043005	neuron projection
snap-29	GO:0045202	GO:0045202	synapse
snap-29	GO:0098793		
snb-1	GO:0005886	GO:0005886	plasma membrane
snb-1	GO:0016020;GO:0030672	GO:0016020	membrane
snb-1	GO:0008021;GO:0031410;GO:0060473	GO:0031410	cytoplasmic vesicle
snb-1	GO:0031201	GO:0032991	protein-containing complex
snb-1	GO:0030424;GO:0043005	GO:0043005	neuron projection
snb-1	GO:0045202	GO:0045202	synapse
snb-1	GO:0048786		
snb-2	GO:0005886	GO:0005886	plasma membrane
snb-2	GO:0016020	GO:0016020	membrane
snb-2	GO:0031201	GO:0032991	protein-containing complex
snf-10	GO:0005886	GO:0005886	plasma membrane
snf-10	GO:0016020	GO:0016020	membrane
snf-10	GO:0044298		
snf-11	GO:0005886	GO:0005886	plasma membrane
snf-11	GO:0016020	GO:0016020	membrane
snf-11	GO:0043005	GO:0043005	neuron projection
snf-11	GO:0043025		
snf-2	GO:0005886	GO:0005886	plasma membrane
snf-2	GO:0016020	GO:0016020	membrane
snf-2	GO:0043005	GO:0043005	neuron projection
snf-5	GO:0005886	GO:0005886	plasma membrane
snf-5	GO:0016020	GO:0016020	membrane
snf-5	GO:0043005	GO:0043005	neuron projection
snf-6	GO:0005886	GO:0005886	plasma membrane
snf-6	GO:0016020;GO:0045211	GO:0016020	membrane
snf-6	GO:0045202	GO:0045202	synapse
snf-7	GO:0005886	GO:0005886	plasma membrane
snf-7	GO:0016020	GO:0016020	membrane
snf-7	GO:0043005	GO:0043005	neuron projection
snf-9	GO:0005886	GO:0005886	plasma membrane
snf-9	GO:0016020	GO:0016020	membrane
snf-9	GO:0043005	GO:0043005	neuron projection
snfc-5	GO:0000228	GO:0000228	nuclear chromosome
snfc-5	GO:0005634	GO:0005634	nucleus
snfc-5	GO:0016514;GO:0035060;GO:0071564;GO:0071565	GO:0032991	protein-containing complex
snn-1	GO:0030672;GO:0036062	GO:0016020	membrane
snn-1	GO:0008021	GO:0031410	cytoplasmic vesicle
snn-1	GO:0045202	GO:0045202	synapse
snpn-1	GO:0008021;GO:0030141	GO:0031410	cytoplasmic vesicle
snpn-1	GO:0031082;GO:0031083	GO:0032991	protein-containing complex
snr-1	GO:0005634	GO:0005634	nucleus
snr-1	GO:0005737	GO:0005737	cytoplasm
snr-1	GO:0005829	GO:0005829	cytosol
snr-1	GO:0000243;GO:0005681;GO:0005682;GO:0005685;GO:0005686;GO:0005687;GO:0034719;GO:0071011;GO:0071013;GO:0097526;GO:1990904	GO:0032991	protein-containing complex
snr-1	GO:0043186	GO:0043226	organelle
snr-2	GO:0005634	GO:0005634	nucleus
snr-2	GO:0005737	GO:0005737	cytoplasm
snr-2	GO:0005829	GO:0005829	cytosol
snr-2	GO:0005681;GO:0005682;GO:0005685;GO:0005686;GO:0005687;GO:0046540;GO:0071004;GO:0071013;GO:1990904	GO:0032991	protein-containing complex
snr-3	GO:0005634	GO:0005634	nucleus
snr-3	GO:0005737	GO:0005737	cytoplasm
snr-3	GO:0005829	GO:0005829	cytosol
snr-3	GO:0000243;GO:0005681;GO:0005682;GO:0005685;GO:0005686;GO:0005687;GO:0034715;GO:0034719;GO:0071011;GO:0071013;GO:0097526;GO:1990904	GO:0032991	protein-containing complex
snr-3	GO:0043186	GO:0043226	organelle
snr-4	GO:0005634	GO:0005634	nucleus
snr-4	GO:0005737	GO:0005737	cytoplasm
snr-4	GO:0005829	GO:0005829	cytosol
snr-4	GO:0005681;GO:0005682;GO:0005685;GO:0005686;GO:0005689;GO:0030532;GO:0034715;GO:0046540;GO:0071011;GO:0071013;GO:0097525;GO:1990904	GO:0032991	protein-containing complex
snr-5	GO:0005634	GO:0005634	nucleus
snr-5	GO:0005737	GO:0005737	cytoplasm
snr-5	GO:0005829	GO:0005829	cytosol
snr-5	GO:0005681;GO:0005685;GO:0034715;GO:0071013;GO:0120114;GO:1990904	GO:0032991	protein-containing complex
snr-6	GO:0005634	GO:0005634	nucleus
snr-6	GO:0005737	GO:0005737	cytoplasm
snr-6	GO:0005829	GO:0005829	cytosol
snr-6	GO:0005681;GO:0005682;GO:0005685;GO:0005686;GO:0005687;GO:0034715;GO:0046540;GO:0071011;GO:1990904	GO:0032991	protein-containing complex
snr-6	GO:0043186	GO:0043226	organelle
snr-7	GO:0005634	GO:0005634	nucleus
snr-7	GO:0005737	GO:0005737	cytoplasm
snr-7	GO:0005829	GO:0005829	cytosol
snr-7	GO:0005681;GO:0005682;GO:0005685;GO:0005686;GO:0005687;GO:0005689;GO:0034719;GO:0071004;GO:0071011;GO:0071013;GO:0097526;GO:1990904	GO:0032991	protein-containing complex
snr-7	GO:0043186	GO:0043226	organelle
snrp-200	GO:0005634	GO:0005634	nucleus
snrp-200	GO:0005681;GO:0005682	GO:0032991	protein-containing complex
snrp-3	GO:0005634	GO:0005634	nucleus
snrp-3	GO:0000243;GO:0005685;GO:0071004;GO:1990904	GO:0032991	protein-containing complex
snt-1	GO:0005886	GO:0005886	plasma membrane
snt-1	GO:0016020;GO:0030672	GO:0016020	membrane
snt-1	GO:0008021;GO:0031045;GO:0031410;GO:0070382	GO:0031410	cytoplasmic vesicle
snt-1	GO:0030424	GO:0043005	neuron projection
snt-1	GO:0045202	GO:0045202	synapse
snt-2	GO:0005886	GO:0005886	plasma membrane
snt-2	GO:0016020;GO:0030672	GO:0016020	membrane
snt-2	GO:0031045;GO:0031410;GO:0070382	GO:0031410	cytoplasmic vesicle
snt-2	GO:0030424	GO:0043005	neuron projection
snt-3	GO:0005886	GO:0005886	plasma membrane
snt-3	GO:0016020;GO:0030672	GO:0016020	membrane
snt-3	GO:0031045;GO:0070382	GO:0031410	cytoplasmic vesicle
snt-3	GO:0030424	GO:0043005	neuron projection
snt-4	GO:0005886	GO:0005886	plasma membrane
snt-4	GO:0016020	GO:0016020	membrane
snt-4	GO:0070382	GO:0031410	cytoplasmic vesicle
snt-4	GO:0030424	GO:0043005	neuron projection
snt-4	GO:0045202	GO:0045202	synapse
snt-4	GO:0098793		
snt-6	GO:0005886	GO:0005886	plasma membrane
snt-6	GO:0016020	GO:0016020	membrane
snt-6	GO:0070382	GO:0031410	cytoplasmic vesicle
snt-6	GO:0030424	GO:0043005	neuron projection
snt-6	GO:0045202	GO:0045202	synapse
snt-6	GO:0098793		
snu-13	GO:0005634	GO:0005634	nucleus
snu-13	GO:0005730	GO:0005730	nucleolus
snu-13	GO:0005681;GO:0031428;GO:0032040;GO:0046540;GO:0071011;GO:1990904	GO:0032991	protein-containing complex
snx-13	GO:0005769	GO:0005768	endosome
snx-13	GO:0016020	GO:0016020	membrane
snx-14	GO:0005770	GO:0005768	endosome
snx-14	GO:0016020	GO:0016020	membrane
soc-1			
soc-2			
soc-3			
sod-1	GO:0005737	GO:0005737	cytoplasm
sod-1	GO:0005739	GO:0005739	mitochondrion
sod-1	GO:0005829	GO:0005829	cytosol
sod-2	GO:0005739	GO:0005739	mitochondrion
sod-2	GO:0098803	GO:0032991	protein-containing complex
sod-2	GO:0005759		
sod-3	GO:0005739	GO:0005739	mitochondrion
sod-3	GO:0098803	GO:0032991	protein-containing complex
sod-5			
sorb-1	GO:0005886	GO:0005886	plasma membrane
sorb-1	GO:0016020	GO:0016020	membrane
sorb-1	GO:0005912;GO:0005925;GO:0070161	GO:0030054	cell junction
sorb-1	GO:0097433		
sorf-2	GO:0005737	GO:0005737	cytoplasm
sorf-2	GO:0005768;GO:0005769;GO:0005770	GO:0005768	endosome
sorf-2	GO:0005829	GO:0005829	cytosol
sorf-2	GO:0010008;GO:0031901;GO:0031902	GO:0016020	membrane
sorf-2	GO:0031905;GO:0031906		
sos-1	GO:0005886	GO:0005886	plasma membrane
sox-2	GO:0005634	GO:0005634	nucleus
sox-3	GO:0005634	GO:0005634	nucleus
sox-4	GO:0005634	GO:0005634	nucleus
sox-4	GO:0016607	GO:0043226	organelle
spas-1	GO:0005737	GO:0005737	cytoplasm
spas-1	GO:0005856;GO:0015630	GO:0005856	cytoskeleton
spas-1	GO:0016020	GO:0016020	membrane
spas-1	GO:0032991	GO:0032991	protein-containing complex
spas-1	GO:0005819	GO:0043226	organelle
spas-1	GO:0005874;GO:0048471		
spat-3	GO:0000151;GO:0031519	GO:0032991	protein-containing complex
spc-1	GO:0005737;GO:0005938	GO:0005737	cytoplasm
spc-1	GO:0005856;GO:0030864	GO:0005856	cytoskeleton
spc-1	GO:0005886	GO:0005886	plasma membrane
spc-1	GO:0030054	GO:0030054	cell junction
spc-1	GO:0042995	GO:0042995	cell projection
spc-1	GO:0016328;GO:0045169		
spcs-2	GO:0005783;GO:0016529	GO:0005783	endoplasmic reticulum
spcs-2	GO:0005789;GO:0016020	GO:0016020	membrane
spcs-2	GO:0005787	GO:0032991	protein-containing complex
spe-15	GO:0005737	GO:0005737	cytoplasm
spe-15	GO:0015629	GO:0005856	cytoskeleton
spe-15	GO:0005886	GO:0005886	plasma membrane
spe-15	GO:0030139	GO:0031410	cytoplasmic vesicle
spe-15	GO:0016459	GO:0032991	protein-containing complex
spe-39	GO:0005737	GO:0005737	cytoplasm
spe-39	GO:0005768;GO:0005769;GO:0005770;GO:0055037	GO:0005768	endosome
spe-39	GO:0005773	GO:0005773	vacuole
spe-39	GO:0031410	GO:0031410	cytoplasmic vesicle
spe-4	GO:0005783	GO:0005783	endoplasmic reticulum
spe-4	GO:0005794	GO:0005794	Golgi apparatus
spe-4	GO:0005789;GO:0016020	GO:0016020	membrane
spe-4	GO:0070765	GO:0032991	protein-containing complex
spe-4	GO:0043231	GO:0043226	organelle
spe-5	GO:0005737	GO:0005737	cytoplasm
spe-5	GO:0033180	GO:0032991	protein-containing complex
spe-54			
spg-20	GO:0005886	GO:0005886	plasma membrane
spg-20	GO:0016020	GO:0016020	membrane
spg-20	GO:0005780;GO:0012505		
spg-7	GO:0005739	GO:0005739	mitochondrion
spg-7	GO:0005743;GO:0016020	GO:0016020	membrane
spg-7	GO:0005745	GO:0032991	protein-containing complex
sph-1	GO:0016020;GO:0030672	GO:0016020	membrane
sph-1	GO:0008021;GO:0031410	GO:0031410	cytoplasmic vesicle
sphk-1	GO:0005634	GO:0005634	nucleus
sphk-1	GO:0005737	GO:0005737	cytoplasm
sphk-1	GO:0005739	GO:0005739	mitochondrion
sphk-1	GO:0005886	GO:0005886	plasma membrane
sphk-1	GO:0016020;GO:0031966;GO:0036062;GO:0042734	GO:0016020	membrane
sphk-1	GO:0042995	GO:0042995	cell projection
sphk-1	GO:0030424	GO:0043005	neuron projection
sphk-1	GO:0045202	GO:0045202	synapse
sphk-1	GO:0043025;GO:0043204		
spin-1	GO:0016020	GO:0016020	membrane
spin-2	GO:0016020	GO:0016020	membrane
spin-3	GO:0016020	GO:0016020	membrane
spin-4	GO:0016020	GO:0016020	membrane
spl-1	GO:0005783	GO:0005783	endoplasmic reticulum
spl-1	GO:0005789;GO:0016020	GO:0016020	membrane
spl-2	GO:0005783	GO:0005783	endoplasmic reticulum
spl-2	GO:0005789;GO:0016020	GO:0016020	membrane
spl-3	GO:0005783	GO:0005783	endoplasmic reticulum
spl-3	GO:0005789;GO:0016020	GO:0016020	membrane
spop-1	GO:0005634	GO:0005634	nucleus
spop-1	GO:0005737	GO:0005737	cytoplasm
spop-1	GO:0016607	GO:0043226	organelle
spp-10	GO:0005764	GO:0005764	lysosome
spp-10	GO:0016020	GO:0016020	membrane
spp-10	GO:0005615		
spp-11			
spp-8	GO:0005615		
spr-1	GO:0005634	GO:0005634	nucleus
spr-1	GO:0000118;GO:0005667	GO:0032991	protein-containing complex
spr-2	GO:0005634	GO:0005634	nucleus
spr-2	GO:0000785		
spr-3	GO:0005634	GO:0005634	nucleus
spr-4	GO:0005634	GO:0005634	nucleus
spr-5	GO:0005634	GO:0005634	nucleus
spr-5	GO:0005737	GO:0005737	cytoplasm
spr-5	GO:0000785		
spt-16	GO:0005634	GO:0005634	nucleus
spt-16	GO:0005694	GO:0005694	chromosome
spt-16	GO:0035101	GO:0032991	protein-containing complex
sptf-1			
sptf-3	GO:0005634	GO:0005634	nucleus
sptl-1	GO:0005783	GO:0005783	endoplasmic reticulum
sptl-1	GO:0016020	GO:0016020	membrane
sptl-2	GO:0016020	GO:0016020	membrane
sptl-2	GO:0017059	GO:0032991	protein-containing complex
sptl-3	GO:0016020	GO:0016020	membrane
sptl-3	GO:0017059	GO:0032991	protein-containing complex
spv-1	GO:0016324	GO:0016020	membrane
spv-1	GO:0005911	GO:0030054	cell junction
sqd-1	GO:0005634	GO:0005634	nucleus
sqd-1	GO:0071013	GO:0032991	protein-containing complex
sql-1	GO:0005794	GO:0005794	Golgi apparatus
sqst-1	GO:0005737	GO:0005737	cytoplasm
sqst-1	GO:0044753	GO:0005773	vacuole
sqst-1	GO:0016235		
sqst-2	GO:0044753	GO:0005773	vacuole
sqst-2	GO:0016235		
sqst-3	GO:0044753	GO:0005773	vacuole
sqst-3	GO:0016235		
sqst-4	GO:0044753	GO:0005773	vacuole
sqst-4	GO:0016235		
sqv-2	GO:0005794	GO:0005794	Golgi apparatus
sqv-2	GO:0000139;GO:0016020	GO:0016020	membrane
sqv-3	GO:0005794	GO:0005794	Golgi apparatus
sqv-3	GO:0016020	GO:0016020	membrane
sqv-4	GO:0005634	GO:0005634	nucleus
sqv-4	GO:0005737	GO:0005737	cytoplasm
sqv-5	GO:0005737	GO:0005737	cytoplasm
sqv-5	GO:0005794	GO:0005794	Golgi apparatus
sqv-5	GO:0016020;GO:0032580	GO:0016020	membrane
sqv-6	GO:0005783	GO:0005783	endoplasmic reticulum
sqv-6	GO:0005794	GO:0005794	Golgi apparatus
sqv-6	GO:0000139;GO:0005789;GO:0016020	GO:0016020	membrane
sqv-7	GO:0005737	GO:0005737	cytoplasm
sqv-7	GO:0005794	GO:0005794	Golgi apparatus
sqv-7	GO:0000139;GO:0016020	GO:0016020	membrane
sqv-8	GO:0000139;GO:0016020	GO:0016020	membrane
src-1	GO:0005886	GO:0005886	plasma membrane
src-1	GO:0016020	GO:0016020	membrane
src-1	GO:0042995	GO:0042995	cell projection
src-1	GO:0043292	GO:0043226	organelle
src-1	GO:0001891		
src-2	GO:0005886	GO:0005886	plasma membrane
srdf-2.1	GO:0005783	GO:0005783	endoplasmic reticulum
srdf-2.1	GO:0005789;GO:0016020	GO:0016020	membrane
srdf-2.2	GO:0005783	GO:0005783	endoplasmic reticulum
srdf-2.2	GO:0005789;GO:0016020	GO:0016020	membrane
srdf-3	GO:0005783	GO:0005783	endoplasmic reticulum
srdf-3	GO:0005789;GO:0016020	GO:0016020	membrane
srf-1			
srf-3	GO:0005794	GO:0005794	Golgi apparatus
srf-3	GO:0000139;GO:0016020	GO:0016020	membrane
srf-3	GO:0048471		
srf-4			
srf-6			
srf-8			
srgp-1	GO:0005938	GO:0005737	cytoplasm
srgp-1	GO:0005912	GO:0030054	cell junction
sro-1	GO:0005886	GO:0005886	plasma membrane
sro-1	GO:0016020	GO:0016020	membrane
srp-1	GO:0005783	GO:0005783	endoplasmic reticulum
srp-1	GO:0005615		
srp-2	GO:0005615		
srp-3	GO:0005615		
srp-6	GO:0005615		
srp-7	GO:0005615		
srp-8	GO:0005615		
srpa-68	GO:0005634	GO:0005634	nucleus
srpa-68	GO:0005730	GO:0005730	nucleolus
srpa-68	GO:0005737	GO:0005737	cytoplasm
srpa-68	GO:0005783	GO:0005783	endoplasmic reticulum
srpa-68	GO:0005786;GO:1990904	GO:0032991	protein-containing complex
srsx-34	GO:0005765;GO:0016020	GO:0016020	membrane
ssl-1	GO:0005634	GO:0005634	nucleus
ssl-1	GO:0000812	GO:0032991	protein-containing complex
ssu-1	GO:0005737	GO:0005737	cytoplasm
ssu-1	GO:0005829	GO:0005829	cytosol
ssu-1	GO:0016020	GO:0016020	membrane
ssu-2			
ssup-72	GO:0005634	GO:0005634	nucleus
ssup-72	GO:0005847	GO:0032991	protein-containing complex
sta-1	GO:0005634	GO:0005634	nucleus
sta-1	GO:0005737	GO:0005737	cytoplasm
stam-1	GO:0005768;GO:0005769	GO:0005768	endosome
stam-1	GO:0005929	GO:0005929	cilium
stam-1	GO:0033565	GO:0032991	protein-containing complex
stam-1	GO:0042995	GO:0042995	cell projection
stau-1	GO:0032839	GO:0005737	cytoplasm
stau-1	GO:0005886	GO:0005886	plasma membrane
stau-1	GO:0043005	GO:0043005	neuron projection
stau-1	GO:0010494	GO:0043226	organelle
stau-1	GO:0005575;GO:0043025		
stdh-1	GO:0005783	GO:0005783	endoplasmic reticulum
stdh-2	GO:0005783	GO:0005783	endoplasmic reticulum
stdh-3	GO:0005783	GO:0005783	endoplasmic reticulum
stdh-4	GO:0005783	GO:0005783	endoplasmic reticulum
stdh-4	GO:0016020	GO:0016020	membrane
stg-1	GO:0016020;GO:0098839	GO:0016020	membrane
stg-1	GO:0032281	GO:0032991	protein-containing complex
sti-1	GO:0005737	GO:0005737	cytoplasm
sti-1	GO:0101031	GO:0032991	protein-containing complex
stim-1	GO:0005737	GO:0005737	cytoplasm
stim-1	GO:0005783	GO:0005783	endoplasmic reticulum
stim-1	GO:0005886	GO:0005886	plasma membrane
stim-1	GO:0016020	GO:0016020	membrane
stim-1	GO:0030425	GO:0043005	neuron projection
stim-1	GO:0043025		
stn-1	GO:0005737	GO:0005737	cytoplasm
stn-1	GO:0005856	GO:0005856	cytoskeleton
stn-1	GO:0016020	GO:0016020	membrane
stn-1	GO:0016010	GO:0032991	protein-containing complex
stn-2	GO:0005737	GO:0005737	cytoplasm
stn-2	GO:0005856	GO:0005856	cytoskeleton
stn-2	GO:0005886	GO:0005886	plasma membrane
stn-2	GO:0016020	GO:0016020	membrane
stn-2	GO:0016010	GO:0032991	protein-containing complex
stn-2	GO:0043005	GO:0043005	neuron projection
stn-2	GO:0030017;GO:0044297		
sto-1	GO:0005886	GO:0005886	plasma membrane
sto-1	GO:0016020	GO:0016020	membrane
sto-1	GO:0043005	GO:0043005	neuron projection
sto-2	GO:0005886	GO:0005886	plasma membrane
sto-2	GO:0016020	GO:0016020	membrane
sto-3	GO:0005886	GO:0005886	plasma membrane
sto-3	GO:0016020	GO:0016020	membrane
sto-3	GO:0009898		
sto-4	GO:0005886	GO:0005886	plasma membrane
sto-4	GO:0016020	GO:0016020	membrane
sto-4	GO:0043005	GO:0043005	neuron projection
sto-5	GO:0005886	GO:0005886	plasma membrane
sto-5	GO:0016020	GO:0016020	membrane
sto-5	GO:0043005	GO:0043005	neuron projection
sto-6	GO:0005886	GO:0005886	plasma membrane
sto-6	GO:0016020	GO:0016020	membrane
sto-6	GO:0043005	GO:0043005	neuron projection
strd-1	GO:0005634	GO:0005634	nucleus
strd-1	GO:0005737;GO:0005938	GO:0005737	cytoplasm
strd-1	GO:0042995	GO:0042995	cell projection
strd-1	GO:0030424;GO:0030425;GO:0043005	GO:0043005	neuron projection
strd-1	GO:0045202	GO:0045202	synapse
strd-1	GO:0043204;GO:0044297		
strl-1	GO:0005789;GO:0031902	GO:0016020	membrane
strl-1	GO:0140284		
strt-7	GO:0005737	GO:0005737	cytoplasm
strt-7	GO:0005829	GO:0005829	cytosol
stt-3	GO:0005783	GO:0005783	endoplasmic reticulum
stt-3	GO:0005789;GO:0016020	GO:0016020	membrane
stt-3	GO:0008250	GO:0032991	protein-containing complex
suca-1	GO:0005737	GO:0005737	cytoplasm
suca-1	GO:0005739	GO:0005739	mitochondrion
suca-1	GO:0042709	GO:0032991	protein-containing complex
sucl-1	GO:0005739	GO:0005739	mitochondrion
sucl-1	GO:0009361	GO:0032991	protein-containing complex
sucl-2	GO:0005739	GO:0005739	mitochondrion
sucl-2	GO:0009361	GO:0032991	protein-containing complex
suco-1	GO:0005737	GO:0005737	cytoplasm
suco-1	GO:0016020	GO:0016020	membrane
suco-1	GO:0012505		
sul-2			
sul-3			
sulp-2	GO:0005886	GO:0005886	plasma membrane
sulp-2	GO:0097730	GO:0005929	cilium
sulp-2	GO:0016020;GO:0016323	GO:0016020	membrane
sulp-3	GO:0005886	GO:0005886	plasma membrane
sulp-3	GO:0016020	GO:0016020	membrane
sulp-4	GO:0005886	GO:0005886	plasma membrane
sulp-4	GO:0016020;GO:0016324	GO:0016020	membrane
sulp-5	GO:0005886	GO:0005886	plasma membrane
sulp-5	GO:0016020;GO:0016324	GO:0016020	membrane
sulp-7	GO:0005886	GO:0005886	plasma membrane
sulp-7	GO:0016020	GO:0016020	membrane
sulp-8	GO:0005886	GO:0005886	plasma membrane
sulp-8	GO:0016020;GO:0016323	GO:0016020	membrane
sun-1	GO:0005634	GO:0005634	nucleus
sun-1	GO:0005635	GO:0005635	nuclear envelope
sun-1	GO:0016020;GO:0031965	GO:0016020	membrane
sun-1	GO:0034993	GO:0032991	protein-containing complex
suox-1	GO:0005739	GO:0005739	mitochondrion
suox-1	GO:0005758		
sup-12	GO:0005634	GO:0005634	nucleus
sup-12	GO:0005737	GO:0005737	cytoplasm
sup-12	GO:1990904	GO:0032991	protein-containing complex
sup-12	GO:0016607	GO:0043226	organelle
sup-17	GO:0005886	GO:0005886	plasma membrane
sup-17	GO:0016020;GO:0016323;GO:0030659	GO:0016020	membrane
sup-17	GO:0031410	GO:0031410	cytoplasmic vesicle
sup-18	GO:0005886	GO:0005886	plasma membrane
sup-18	GO:0016020	GO:0016020	membrane
sup-46	GO:0005634	GO:0005634	nucleus
sup-46	GO:0005737	GO:0005737	cytoplasm
sup-46	GO:1990904	GO:0032991	protein-containing complex
sup-9	GO:0005886	GO:0005886	plasma membrane
sup-9	GO:0016020;GO:0036195	GO:0016020	membrane
sup-9	GO:0055120		
sur-2	GO:0005634	GO:0005634	nucleus
sur-2	GO:0005667;GO:0016592	GO:0032991	protein-containing complex
sur-5	GO:0005634	GO:0005634	nucleus
sur-5	GO:0005737	GO:0005737	cytoplasm
sur-6	GO:0005737	GO:0005737	cytoplasm
sur-6	GO:0005829	GO:0005829	cytosol
sur-6	GO:0000159	GO:0032991	protein-containing complex
suro-1	GO:0005576	GO:0005576	extracellular region
suro-1	GO:0005737	GO:0005737	cytoplasm
suro-1	GO:0060102	GO:0031012	extracellular matrix
suro-1	GO:0031410	GO:0031410	cytoplasmic vesicle
suro-1	GO:0005615		
sut-1	GO:0005634	GO:0005634	nucleus
sut-1	GO:0005737	GO:0005737	cytoplasm
sut-2	GO:0005634	GO:0005634	nucleus
sut-2	GO:0005737	GO:0005737	cytoplasm
sut-2	GO:0016607	GO:0043226	organelle
sut-2	GO:0048471		
svh-1	GO:0005576	GO:0005576	extracellular region
svh-1	GO:0016020	GO:0016020	membrane
svh-1	GO:0005615		
svh-5	GO:0005634	GO:0005634	nucleus
swd-2.2	GO:0005634	GO:0005634	nucleus
swd-2.2	GO:0048188	GO:0032991	protein-containing complex
sws-1	GO:0097196	GO:0032991	protein-containing complex
swsn-1	GO:0005634	GO:0005634	nucleus
swsn-1	GO:0016514	GO:0032991	protein-containing complex
swsn-2.2	GO:0005634	GO:0005634	nucleus
swsn-2.2	GO:0005635	GO:0005635	nuclear envelope
swsn-2.2	GO:0005654	GO:0005654	nucleoplasm
swsn-2.2	GO:0000793;GO:0005694	GO:0005694	chromosome
swsn-2.2	GO:0016514	GO:0032991	protein-containing complex
swsn-3	GO:0005634	GO:0005634	nucleus
swsn-3	GO:0016514	GO:0032991	protein-containing complex
swsn-4	GO:0005634	GO:0005634	nucleus
swsn-4	GO:0016514	GO:0032991	protein-containing complex
swsn-4	GO:0000785		
swsn-6	GO:0005856	GO:0005856	cytoskeleton
swsn-6	GO:0016514;GO:0035267	GO:0032991	protein-containing complex
swsn-7	GO:0005634	GO:0005634	nucleus
swsn-7	GO:0035060	GO:0032991	protein-containing complex
swsn-9	GO:0005634	GO:0005634	nucleus
swsn-9	GO:0016514	GO:0032991	protein-containing complex
syf-2	GO:0005634	GO:0005634	nucleus
syf-2	GO:0000974;GO:0005681;GO:0071013;GO:0071014	GO:0032991	protein-containing complex
syf-3	GO:0005634	GO:0005634	nucleus
syf-3	GO:0000974;GO:0071007;GO:0071014	GO:0032991	protein-containing complex
syg-1	GO:0005886	GO:0005886	plasma membrane
syg-1	GO:0016020;GO:0097060	GO:0016020	membrane
syg-1	GO:0005911	GO:0030054	cell junction
syg-1	GO:0098636	GO:0032991	protein-containing complex
syg-1	GO:0042995	GO:0042995	cell projection
syg-1	GO:0030424	GO:0043005	neuron projection
syg-1	GO:0045202	GO:0045202	synapse
syg-2	GO:0005886	GO:0005886	plasma membrane
syg-2	GO:0016020;GO:0097060	GO:0016020	membrane
syg-2	GO:0005911	GO:0030054	cell junction
syg-2	GO:0098636	GO:0032991	protein-containing complex
syg-2	GO:0045202	GO:0045202	synapse
sym-2	GO:0005634	GO:0005634	nucleus
sym-2	GO:0005654	GO:0005654	nucleoplasm
sym-2	GO:1990904	GO:0032991	protein-containing complex
syx-16	GO:0005794	GO:0005794	Golgi apparatus
syx-16	GO:0000139;GO:0016020	GO:0016020	membrane
syx-16	GO:0031201	GO:0032991	protein-containing complex
syx-16	GO:0012505		
syx-5	GO:0005794	GO:0005794	Golgi apparatus
syx-5	GO:0000139;GO:0016020	GO:0016020	membrane
syx-5	GO:0031201	GO:0032991	protein-containing complex
syx-5	GO:0012505;GO:0098793		
syx-7	GO:0016020	GO:0016020	membrane
syx-7	GO:0008021	GO:0031410	cytoplasmic vesicle
syx-7	GO:0031201	GO:0032991	protein-containing complex
syx-7	GO:0012505		
taco-1	GO:0005737	GO:0005737	cytoplasm
taco-1	GO:0005739	GO:0005739	mitochondrion
taf-1	GO:0005634	GO:0005634	nucleus
taf-1	GO:0005669	GO:0032991	protein-containing complex
taf-13	GO:0005634	GO:0005634	nucleus
taf-13	GO:0005669	GO:0032991	protein-containing complex
taf-2	GO:0005634	GO:0005634	nucleus
taf-2	GO:0005669	GO:0032991	protein-containing complex
taf-4	GO:0005634	GO:0005634	nucleus
taf-4	GO:0005737	GO:0005737	cytoplasm
taf-4	GO:0005669	GO:0032991	protein-containing complex
taf-7.1	GO:0005634	GO:0005634	nucleus
taf-7.1	GO:0005669	GO:0032991	protein-containing complex
taf-7.2	GO:0005634	GO:0005634	nucleus
taf-7.2	GO:0005669	GO:0032991	protein-containing complex
tag-120	GO:0005783	GO:0005783	endoplasmic reticulum
tag-120	GO:0005794	GO:0005794	Golgi apparatus
tag-120	GO:0016020	GO:0016020	membrane
tag-123	GO:0016020	GO:0016020	membrane
tag-151	GO:0005634	GO:0005634	nucleus
tag-151	GO:0005730	GO:0005730	nucleolus
tag-180	GO:0016020	GO:0016020	membrane
tag-180	GO:0005891;GO:0034702	GO:0032991	protein-containing complex
tag-191	GO:0005634	GO:0005634	nucleus
tag-191	GO:0005737	GO:0005737	cytoplasm
tag-191	GO:0015630	GO:0005856	cytoskeleton
tag-196	GO:0005764	GO:0005764	lysosome
tag-196	GO:0005615		
tag-266	GO:0016020	GO:0016020	membrane
tag-275	GO:0016020	GO:0016020	membrane
tag-290			
tag-335	GO:0005737	GO:0005737	cytoplasm
tag-68	GO:0005634	GO:0005634	nucleus
tag-68	GO:0005737	GO:0005737	cytoplasm
tag-68	GO:0071144	GO:0032991	protein-containing complex
tald-1	GO:0005634	GO:0005634	nucleus
tald-1	GO:0005737	GO:0005737	cytoplasm
tap-1			
tars-1	GO:0005737	GO:0005737	cytoplasm
tat-1	GO:0005737	GO:0005737	cytoplasm
tat-1	GO:0005768;GO:0005769;GO:0005770;GO:0055037	GO:0005768	endosome
tat-1	GO:0005794	GO:0005794	Golgi apparatus
tat-1	GO:0005886	GO:0005886	plasma membrane
tat-1	GO:0016020;GO:0016323;GO:0016324;GO:0031901;GO:0055038	GO:0016020	membrane
tat-1	GO:0005802		
tat-2	GO:0005886	GO:0005886	plasma membrane
tat-2	GO:0016020	GO:0016020	membrane
tat-2	GO:0005802		
tat-3	GO:0005783	GO:0005783	endoplasmic reticulum
tat-3	GO:0005886	GO:0005886	plasma membrane
tat-3	GO:0005789;GO:0016020	GO:0016020	membrane
tat-3	GO:0012505		
tat-5	GO:0005737	GO:0005737	cytoplasm
tat-5	GO:0005768	GO:0005768	endosome
tat-5	GO:0005886	GO:0005886	plasma membrane
tat-5	GO:0016020	GO:0016020	membrane
tat-5	GO:0031410	GO:0031410	cytoplasmic vesicle
tat-5	GO:0005802;GO:0012505		
tat-6	GO:0005737	GO:0005737	cytoplasm
tat-6	GO:0005768	GO:0005768	endosome
tat-6	GO:0005886	GO:0005886	plasma membrane
tat-6	GO:0016020	GO:0016020	membrane
tat-6	GO:0005802;GO:0012505		
tatn-1			
tax-2	GO:0005886	GO:0005886	plasma membrane
tax-2	GO:0016020	GO:0016020	membrane
tax-2	GO:0017071;GO:0034703	GO:0032991	protein-containing complex
tax-4	GO:0005886	GO:0005886	plasma membrane
tax-4	GO:0005929;GO:0097730	GO:0005929	cilium
tax-4	GO:0016020	GO:0016020	membrane
tax-4	GO:0017071;GO:0034703	GO:0032991	protein-containing complex
tax-4	GO:0042995	GO:0042995	cell projection
tax-4	GO:0030425	GO:0043005	neuron projection
tax-4	GO:0097543		
tax-6	GO:0005634	GO:0005634	nucleus
tax-6	GO:0005737	GO:0005737	cytoplasm
tax-6	GO:0005929;GO:0097730	GO:0005929	cilium
tax-6	GO:0005955	GO:0032991	protein-containing complex
tax-6	GO:0042995	GO:0042995	cell projection
tax-6	GO:0030424;GO:0030425	GO:0043005	neuron projection
tax-6	GO:0043025;GO:0043204		
tba-1	GO:0005737	GO:0005737	cytoplasm
tba-1	GO:0030424;GO:0030425	GO:0043005	neuron projection
tba-1	GO:0072686;GO:0072687	GO:0043226	organelle
tba-1	GO:0005874;GO:0043025		
tba-2	GO:0005737	GO:0005737	cytoplasm
tba-2	GO:0005856	GO:0005856	cytoskeleton
tba-2	GO:0005874		
tba-4	GO:0005737	GO:0005737	cytoplasm
tba-4	GO:0005874		
tba-5	GO:0005737	GO:0005737	cytoplasm
tba-5	GO:0005856	GO:0005856	cytoskeleton
tba-5	GO:0005874;GO:0005879		
tba-6	GO:0005737	GO:0005737	cytoplasm
tba-6	GO:0005856	GO:0005856	cytoskeleton
tba-6	GO:0005874		
tba-7	GO:0005737	GO:0005737	cytoplasm
tba-7	GO:0005874		
tba-8	GO:0005737	GO:0005737	cytoplasm
tba-8	GO:0005856	GO:0005856	cytoskeleton
tba-8	GO:0005874		
tba-9	GO:0005737	GO:0005737	cytoplasm
tba-9	GO:0005874		
tbb-1	GO:0005737	GO:0005737	cytoplasm
tbb-1	GO:0005856	GO:0005856	cytoskeleton
tbb-1	GO:0005874;GO:0005876		
tbb-2	GO:0005737	GO:0005737	cytoplasm
tbb-2	GO:0005856	GO:0005856	cytoskeleton
tbb-2	GO:0045298	GO:0032991	protein-containing complex
tbb-2	GO:0005874;GO:0005876		
tbb-4	GO:0005737	GO:0005737	cytoplasm
tbb-4	GO:0005856	GO:0005856	cytoskeleton
tbb-4	GO:0005874;GO:0005879		
tbc-1	GO:0005794	GO:0005794	Golgi apparatus
tbc-1	GO:0005829	GO:0005829	cytosol
tbc-1	GO:0005802		
tbc-19	GO:0005737	GO:0005737	cytoplasm
tbc-19	GO:0005813	GO:0005815	microtubule organizing center
tbc-19	GO:0005886	GO:0005886	plasma membrane
tbc-2	GO:0005737	GO:0005737	cytoplasm
tbc-2	GO:0005770	GO:0005768	endosome
tbc-2	GO:0005886	GO:0005886	plasma membrane
tbc-2	GO:0098981	GO:0045202	synapse
tbc-2	GO:0098793		
tbc-20	GO:0005789;GO:0016020	GO:0016020	membrane
tbc-6			
tbc-7	GO:0016020;GO:0030659	GO:0016020	membrane
tbc-7	GO:0031410	GO:0031410	cytoplasmic vesicle
tbc-7	GO:0045202	GO:0045202	synapse
tbc-7	GO:0012505		
tbc-9			
tbcd-1	GO:0005874;GO:0016328		
tbce-1	GO:0005737	GO:0005737	cytoplasm
tbck-1			
tbg-1	GO:0005634	GO:0005634	nucleus
tbg-1	GO:0005737	GO:0005737	cytoplasm
tbg-1	GO:0005813	GO:0005815	microtubule organizing center
tbg-1	GO:0005856	GO:0005856	cytoskeleton
tbg-1	GO:0005912;GO:0030056;GO:0070161	GO:0030054	cell junction
tbg-1	GO:0000930;GO:0000931	GO:0032991	protein-containing complex
tbg-1	GO:0005819	GO:0043226	organelle
tbg-1	GO:0005874		
tbh-1	GO:0016020;GO:0030667	GO:0016020	membrane
tbh-1	GO:0045202	GO:0045202	synapse
tbh-1	GO:0005615		
tbp-1	GO:0005634	GO:0005634	nucleus
tbp-1	GO:0005669	GO:0032991	protein-containing complex
tbx-2	GO:0005634	GO:0005634	nucleus
tbx-2	GO:0005737	GO:0005737	cytoplasm
tbx-2	GO:0005667	GO:0032991	protein-containing complex
tbx-2	GO:0000785		
tbx-33	GO:0005634	GO:0005634	nucleus
tbx-33	GO:0000785		
tbx-37	GO:0005634	GO:0005634	nucleus
tbx-37	GO:0000785		
tbx-38	GO:0005634	GO:0005634	nucleus
tbx-38	GO:0000785		
tbx-39	GO:0005634	GO:0005634	nucleus
tbx-39	GO:0000785		
tbx-40	GO:0005634	GO:0005634	nucleus
tbx-40	GO:0000785		
tbx-43	GO:0005634	GO:0005634	nucleus
tbx-43	GO:0000785		
tbx-7	GO:0005634	GO:0005634	nucleus
tbx-7	GO:0005667	GO:0032991	protein-containing complex
tbx-7	GO:0000785		
tbx-8	GO:0005634	GO:0005634	nucleus
tbx-8	GO:0005667	GO:0032991	protein-containing complex
tbx-8	GO:0000785		
tbx-9	GO:0005634	GO:0005634	nucleus
tbx-9	GO:0005667	GO:0032991	protein-containing complex
tbx-9	GO:0000785		
tcab-1	GO:0015030	GO:0043226	organelle
tceb-3	GO:0005634	GO:0005634	nucleus
tceb-3	GO:0008023;GO:0070449	GO:0032991	protein-containing complex
tctn-1	GO:0016020	GO:0016020	membrane
tctn-1	GO:0035869		
tdc-1	GO:0005737	GO:0005737	cytoplasm
tdc-1	GO:0042995	GO:0042995	cell projection
tdc-1	GO:0030424	GO:0043005	neuron projection
tdc-1	GO:0043025;GO:0043204		
tdo-2			
tdp-1	GO:0005634	GO:0005634	nucleus
tdp-1	GO:0005654	GO:0005654	nucleoplasm
tdp-1	GO:0005737	GO:0005737	cytoplasm
tdp-1	GO:0000785		
tdpo-1	GO:0005634	GO:0005634	nucleus
tdpt-1	GO:0005634	GO:0005634	nucleus
tdpt-1	GO:0005737	GO:0005737	cytoplasm
tdpt-1	GO:0016605	GO:0043226	organelle
ten-1	GO:0005634	GO:0005634	nucleus
ten-1	GO:0005886	GO:0005886	plasma membrane
ten-1	GO:0016020	GO:0016020	membrane
tent-5			
tes-1	GO:0005737	GO:0005737	cytoplasm
test-1	GO:0005576	GO:0005576	extracellular region
tfg-1	GO:0005737	GO:0005737	cytoplasm
tfg-1	GO:0005739	GO:0005739	mitochondrion
tfg-1	GO:0005783	GO:0005783	endoplasmic reticulum
tfg-1	GO:0005793	GO:0043226	organelle
tfg-1	GO:0070971		
thk-1			
thoc-1	GO:0000347;GO:0000445	GO:0032991	protein-containing complex
thoc-2	GO:0005634	GO:0005634	nucleus
thoc-2	GO:0000347;GO:0000445	GO:0032991	protein-containing complex
thoc-5	GO:0005634	GO:0005634	nucleus
thoc-5	GO:0000347;GO:0000445	GO:0032991	protein-containing complex
tiam-1	GO:0030424	GO:0043005	neuron projection
tiam-1	GO:0030426;GO:0071944		
tiar-1	GO:0005634	GO:0005634	nucleus
tiar-1	GO:0005737	GO:0005737	cytoplasm
tiar-1	GO:0010494;GO:0043186	GO:0043226	organelle
tiar-2	GO:0005634	GO:0005634	nucleus
tiar-2	GO:0005737	GO:0005737	cytoplasm
tiar-2	GO:0010494	GO:0043226	organelle
tif-1A	GO:0005634	GO:0005634	nucleus
tif-1A	GO:0005730	GO:0005730	nucleolus
tig-2	GO:0005576	GO:0005576	extracellular region
tig-2	GO:0005615		
tim-1	GO:0005634	GO:0005634	nucleus
tim-1	GO:0031298	GO:0032991	protein-containing complex
timm-23	GO:0016020	GO:0016020	membrane
timm-23	GO:0005744	GO:0032991	protein-containing complex
timp-1	GO:0005576	GO:0005576	extracellular region
timp-1	GO:0031012	GO:0031012	extracellular matrix
timp-1	GO:0005615		
tin-13	GO:0005739	GO:0005739	mitochondrion
tin-13	GO:0005743;GO:0016020	GO:0016020	membrane
tin-13	GO:0042719	GO:0032991	protein-containing complex
tin-44	GO:0005739	GO:0005739	mitochondrion
tin-44	GO:0005743;GO:0016020	GO:0016020	membrane
tir-1	GO:0005737;GO:1904115	GO:0005737	cytoplasm
tir-1	GO:0030424;GO:0030425	GO:0043005	neuron projection
tir-1	GO:0044297		
tkr-1	GO:0005886	GO:0005886	plasma membrane
tkr-1	GO:0016020	GO:0016020	membrane
tkr-2	GO:0005886	GO:0005886	plasma membrane
tkr-2	GO:0016020	GO:0016020	membrane
tli-1	GO:0005737	GO:0005737	cytoplasm
tlk-1	GO:0005634	GO:0005634	nucleus
tlk-1	GO:0000785		
tmc-1	GO:0005886	GO:0005886	plasma membrane
tmc-1	GO:0097730	GO:0005929	cilium
tmc-1	GO:0016020	GO:0016020	membrane
tmc-1	GO:0043025		
tmd-2	GO:0005856	GO:0005856	cytoskeleton
tmd-2	GO:0030016	GO:0043226	organelle
tmed-10	GO:0005783	GO:0005783	endoplasmic reticulum
tmed-10	GO:0005794	GO:0005794	Golgi apparatus
tmed-10	GO:0016020	GO:0016020	membrane
tmed-10	GO:0030134	GO:0031410	cytoplasmic vesicle
tmed-10	GO:0005793	GO:0043226	organelle
tmem-107	GO:0016020	GO:0016020	membrane
tmem-107	GO:0036038	GO:0032991	protein-containing complex
tmem-107	GO:0035869		
tmem-132	GO:0016020	GO:0016020	membrane
tmem-138	GO:0005773	GO:0005773	vacuole
tmem-138	GO:0005929	GO:0005929	cilium
tmem-138	GO:0005774;GO:0016020	GO:0016020	membrane
tmem-138	GO:0042995	GO:0042995	cell projection
tmem-138	GO:0035869		
tmem-208	GO:0005773	GO:0005773	vacuole
tmem-208	GO:0005783	GO:0005783	endoplasmic reticulum
tmem-208	GO:0005789;GO:0016020	GO:0016020	membrane
tmem-218	GO:0016020	GO:0016020	membrane
tmem-218	GO:0035869		
tmem-231	GO:0005886	GO:0005886	plasma membrane
tmem-231	GO:0005929	GO:0005929	cilium
tmem-231	GO:0016020;GO:0060170	GO:0016020	membrane
tmem-231	GO:0042995	GO:0042995	cell projection
tmem-231	GO:0035869		
tmie-1	GO:0005737	GO:0005737	cytoplasm
tmie-1	GO:0016020	GO:0016020	membrane
tmie-1	GO:0055120		
tmyb-1	GO:0005768	GO:0005768	endosome
tmyb-1	GO:0016020	GO:0016020	membrane
tnc-2	GO:0005737	GO:0005737	cytoplasm
tnc-2	GO:0005813	GO:0005815	microtubule organizing center
tni-1	GO:0005861;GO:0005862	GO:0032991	protein-containing complex
tni-1	GO:0030017		
tni-3	GO:0005861	GO:0032991	protein-containing complex
tni-3	GO:0030016	GO:0043226	organelle
tni-3	GO:0030017		
tni-4	GO:0005861	GO:0032991	protein-containing complex
tni-4	GO:0030017		
tns-1	GO:0005925;GO:0030054	GO:0030054	cell junction
tns-1	GO:0042995	GO:0042995	cell projection
tns-1	GO:0030424	GO:0043005	neuron projection
tns-1	GO:0031430;GO:0055120		
tnt-2	GO:0005861	GO:0032991	protein-containing complex
tnt-3	GO:0005861	GO:0032991	protein-containing complex
tnt-4	GO:0005861	GO:0032991	protein-containing complex
toca-1	GO:0005737	GO:0005737	cytoplasm
toca-1	GO:0005768;GO:0055037	GO:0005768	endosome
toca-1	GO:0005886	GO:0005886	plasma membrane
toca-1	GO:0016020;GO:0016323;GO:0016324	GO:0016020	membrane
toca-1	GO:0005911;GO:0070161	GO:0030054	cell junction
toca-1	GO:0031410	GO:0031410	cytoplasmic vesicle
toca-1	GO:0097708	GO:0043226	organelle
toca-1	GO:0048471		
toca-2	GO:0005737	GO:0005737	cytoplasm
toca-2	GO:0005768;GO:0055037	GO:0005768	endosome
toca-2	GO:0005886	GO:0005886	plasma membrane
toca-2	GO:0016020	GO:0016020	membrane
toca-2	GO:0005911;GO:0070161	GO:0030054	cell junction
toca-2	GO:0031410	GO:0031410	cytoplasmic vesicle
toca-2	GO:0097708	GO:0043226	organelle
toe-1	GO:0005634	GO:0005634	nucleus
toe-1	GO:0005730	GO:0005730	nucleolus
toe-1	GO:0030686;GO:0032040;GO:0034455;GO:1990904	GO:0032991	protein-containing complex
toe-4			
tol-1	GO:0016020	GO:0016020	membrane
tomm-20	GO:0005739	GO:0005739	mitochondrion
tomm-20	GO:0005741;GO:0016020	GO:0016020	membrane
tomm-20	GO:0005742	GO:0032991	protein-containing complex
tomm-40	GO:0005739	GO:0005739	mitochondrion
tomm-40	GO:0005741;GO:0016020;GO:0031966	GO:0016020	membrane
tomm-40	GO:0005742;GO:0046930	GO:0032991	protein-containing complex
top-1	GO:0005634	GO:0005634	nucleus
top-1	GO:0005694	GO:0005694	chromosome
top-1	GO:0005730	GO:0005730	nucleolus
top-1	GO:0031616	GO:0005815	microtubule organizing center
top-2	GO:0005634	GO:0005634	nucleus
top-2	GO:0005654	GO:0005654	nucleoplasm
top-2	GO:0005694	GO:0005694	chromosome
top-2	GO:0005737	GO:0005737	cytoplasm
top-2	GO:0005856	GO:0005856	cytoskeleton
top-2	GO:0005819	GO:0043226	organelle
top-3A	GO:0005634	GO:0005634	nucleus
top-3A	GO:0031422	GO:0032991	protein-containing complex
tor-1	GO:0005737	GO:0005737	cytoplasm
tor-1	GO:0005783	GO:0005783	endoplasmic reticulum
tor-1	GO:0005788;GO:0012505		
tor-2	GO:0005737	GO:0005737	cytoplasm
tor-2	GO:0005783	GO:0005783	endoplasmic reticulum
tor-2	GO:0005788;GO:0012505		
tpa-1			
tph-1	GO:0005737	GO:0005737	cytoplasm
tph-1	GO:0005829	GO:0005829	cytosol
tph-1	GO:0043005	GO:0043005	neuron projection
tpi-1	GO:0005737	GO:0005737	cytoplasm
tpi-1	GO:0005829	GO:0005829	cytosol
tpi-1	GO:0030016	GO:0043226	organelle
tpk-1			
tpp-2	GO:0005829	GO:0005829	cytosol
tppp-1	GO:0005874		
tpst-1	GO:0005794	GO:0005794	Golgi apparatus
tpst-1	GO:0000139;GO:0016020	GO:0016020	membrane
tpst-1	GO:0005802		
tpst-2	GO:0005794	GO:0005794	Golgi apparatus
tra-1	GO:0005634	GO:0005634	nucleus
tra-1	GO:0005737	GO:0005737	cytoplasm
tra-3	GO:0005737	GO:0005737	cytoplasm
tra-3	GO:0016020	GO:0016020	membrane
trak-1	GO:0005739	GO:0005739	mitochondrion
trak-1	GO:0031410	GO:0031410	cytoplasmic vesicle
trap-4	GO:0005783	GO:0005783	endoplasmic reticulum
trap-4	GO:0005789;GO:0016020	GO:0016020	membrane
trap-4	GO:0012505		
trf-1	GO:0005737	GO:0005737	cytoplasm
trf-2			
trhr-1	GO:0016020	GO:0016020	membrane
tric-1B.1	GO:0005783	GO:0005783	endoplasmic reticulum
tric-1B.1	GO:0005789;GO:0016020	GO:0016020	membrane
tric-1B.2	GO:0005783	GO:0005783	endoplasmic reticulum
tric-1B.2	GO:0005789;GO:0016020	GO:0016020	membrane
trm-1	GO:0005634	GO:0005634	nucleus
trm-2A			
trmt-10A	GO:0005634	GO:0005634	nucleus
trmt-10A	GO:0005654	GO:0005654	nucleoplasm
trmt-10C.1	GO:0005634	GO:0005634	nucleus
trmt-10C.1	GO:0005654	GO:0005654	nucleoplasm
trmt-10C.1	GO:0005739	GO:0005739	mitochondrion
trmt-6	GO:0005634	GO:0005634	nucleus
trmt-6	GO:0031515	GO:0032991	protein-containing complex
trp-1	GO:0005886	GO:0005886	plasma membrane
trp-1	GO:0016020	GO:0016020	membrane
trp-1	GO:0034703	GO:0032991	protein-containing complex
trp-2	GO:0005886	GO:0005886	plasma membrane
trp-2	GO:0016020	GO:0016020	membrane
trp-2	GO:0034703	GO:0032991	protein-containing complex
trpa-1	GO:0005886	GO:0005886	plasma membrane
trpa-1	GO:0097730	GO:0005929	cilium
trpa-1	GO:0016020	GO:0016020	membrane
trpa-1	GO:0043025		
trpp-1	GO:0005783	GO:0005783	endoplasmic reticulum
trpp-1	GO:0005794	GO:0005794	Golgi apparatus
trpp-1	GO:0030008	GO:0032991	protein-containing complex
trpp-10	GO:0005829	GO:0005829	cytosol
trpp-10	GO:1990071	GO:0032991	protein-containing complex
trpp-11	GO:0005737	GO:0005737	cytoplasm
trpp-4	GO:0005783	GO:0005783	endoplasmic reticulum
trpp-4	GO:0005794	GO:0005794	Golgi apparatus
trpp-4	GO:0030008	GO:0032991	protein-containing complex
trpp-6	GO:0005794	GO:0005794	Golgi apparatus
trpp-6	GO:0030008	GO:0032991	protein-containing complex
trpp-6	GO:0005801	GO:0043226	organelle
trpp-6	GO:0005802		
trpp-9	GO:0005794	GO:0005794	Golgi apparatus
trpp-9	GO:0005802		
trr-1	GO:0005634	GO:0005634	nucleus
trr-1	GO:0000793;GO:0005694	GO:0005694	chromosome
trr-1	GO:0000123;GO:0000124;GO:0035267	GO:0032991	protein-containing complex
trt-1	GO:0005634	GO:0005634	nucleus
trt-1	GO:0005694	GO:0005694	chromosome
trt-1	GO:0000781		
trul-1	GO:0005634	GO:0005634	nucleus
trul-1	GO:0005694	GO:0005694	chromosome
trul-1	GO:0090734		
trx-1	GO:0005634	GO:0005634	nucleus
trx-1	GO:0005737	GO:0005737	cytoplasm
trx-1	GO:0097730	GO:0005929	cilium
trx-1	GO:0030424;GO:0030425	GO:0043005	neuron projection
trx-1	GO:0043025		
trx-2	GO:0005739	GO:0005739	mitochondrion
trx-4	GO:0005737	GO:0005737	cytoplasm
trx-5			
trxr-1	GO:0005737	GO:0005737	cytoplasm
trxr-1	GO:0005739	GO:0005739	mitochondrion
trxr-1	GO:0005829	GO:0005829	cytosol
trxr-2	GO:0005737	GO:0005737	cytoplasm
trxr-2	GO:0005739	GO:0005739	mitochondrion
trxr-2	GO:0005829	GO:0005829	cytosol
try-1	GO:0005886	GO:0005886	plasma membrane
try-3	GO:0005615		
try-4	GO:0005615		
tsen-2	GO:0005634	GO:0005634	nucleus
tsen-2	GO:0005737	GO:0005737	cytoplasm
tsen-2	GO:0000214	GO:0032991	protein-containing complex
tsen-34	GO:0005634	GO:0005634	nucleus
tsen-54	GO:0000214	GO:0032991	protein-containing complex
tsfm-1	GO:0005739	GO:0005739	mitochondrion
tsg-101	GO:0005768	GO:0005768	endosome
tsg-101	GO:0010008	GO:0016020	membrane
tsg-101	GO:0000813	GO:0032991	protein-containing complex
tsp-12	GO:0005768	GO:0005768	endosome
tsp-12	GO:0005794	GO:0005794	Golgi apparatus
tsp-12	GO:0005886	GO:0005886	plasma membrane
tsp-12	GO:0010008;GO:0016020;GO:0030659;GO:0031901;GO:0031902;GO:0055038	GO:0016020	membrane
tsp-12	GO:0031410	GO:0031410	cytoplasmic vesicle
tsp-14	GO:0005768	GO:0005768	endosome
tsp-14	GO:0005886	GO:0005886	plasma membrane
tsp-14	GO:0010008;GO:0016020;GO:0016323;GO:0016324;GO:0030659;GO:0031901;GO:0031902;GO:0055038	GO:0016020	membrane
tsp-14	GO:0031410	GO:0031410	cytoplasmic vesicle
tsp-17	GO:0005886	GO:0005886	plasma membrane
tsp-17	GO:0016020	GO:0016020	membrane
tsp-17	GO:0042995	GO:0042995	cell projection
tsp-17	GO:0030424;GO:0030425	GO:0043005	neuron projection
tsp-17	GO:0048471		
tsp-20	GO:0005886	GO:0005886	plasma membrane
tsp-20	GO:0016020	GO:0016020	membrane
tsp-21	GO:0005886	GO:0005886	plasma membrane
tsp-21	GO:0016020;GO:0016323;GO:0030659	GO:0016020	membrane
tsp-21	GO:0031410	GO:0031410	cytoplasmic vesicle
tsp-5	GO:0005886	GO:0005886	plasma membrane
tsp-5	GO:0016020	GO:0016020	membrane
tsp-6	GO:0005886	GO:0005886	plasma membrane
tsp-6	GO:0016020	GO:0016020	membrane
tsp-7	GO:0005886	GO:0005886	plasma membrane
tsp-7	GO:0016020	GO:0016020	membrane
tsp-8	GO:0005886	GO:0005886	plasma membrane
tsp-8	GO:0016020	GO:0016020	membrane
tsp-9	GO:0005886	GO:0005886	plasma membrane
tsp-9	GO:0016020	GO:0016020	membrane
tspo-1	GO:0005741;GO:0016020	GO:0016020	membrane
tsr-1	GO:0005737	GO:0005737	cytoplasm
tsr-2	GO:0005634	GO:0005634	nucleus
ttbk-7	GO:0005634	GO:0005634	nucleus
ttbk-7	GO:0005737	GO:0005737	cytoplasm
ttbk-7	GO:0015630	GO:0005856	cytoskeleton
ttc-37	GO:0055087	GO:0032991	protein-containing complex
ttc-7	GO:0005886	GO:0005886	plasma membrane
ttll-5	GO:0036064	GO:0005815	microtubule organizing center
ttm-1	GO:0005886	GO:0005886	plasma membrane
ttm-1	GO:0016020;GO:0016324;GO:0030659	GO:0016020	membrane
ttm-1	GO:0031410	GO:0031410	cytoplasmic vesicle
ttm-5	GO:0016020	GO:0016020	membrane
ttx-1	GO:0005634	GO:0005634	nucleus
ttx-3	GO:0005634	GO:0005634	nucleus
ttx-3	GO:0042995	GO:0042995	cell projection
ttx-3	GO:0030424	GO:0043005	neuron projection
ttx-3	GO:0043204		
ttx-7	GO:0005737	GO:0005737	cytoplasm
tub-1	GO:0005737	GO:0005737	cytoplasm
tub-1	GO:0005929;GO:0097730	GO:0005929	cilium
tub-1	GO:1990075	GO:0016020	membrane
tub-1	GO:0042995	GO:0042995	cell projection
tub-1	GO:0030424;GO:0030425	GO:0043005	neuron projection
tufm-1	GO:0005739	GO:0005739	mitochondrion
twk-20	GO:0005886	GO:0005886	plasma membrane
twk-20	GO:0016020	GO:0016020	membrane
twk-21	GO:0005886	GO:0005886	plasma membrane
twk-21	GO:0016020	GO:0016020	membrane
twk-22	GO:0005886	GO:0005886	plasma membrane
twk-22	GO:0016020	GO:0016020	membrane
twk-26	GO:0005886	GO:0005886	plasma membrane
twk-26	GO:0016020	GO:0016020	membrane
twk-33	GO:0005886	GO:0005886	plasma membrane
twk-33	GO:0016020	GO:0016020	membrane
twk-34	GO:0005886	GO:0005886	plasma membrane
twk-34	GO:0016020	GO:0016020	membrane
twk-39	GO:0005886	GO:0005886	plasma membrane
twk-39	GO:0016020	GO:0016020	membrane
twk-45	GO:0005886	GO:0005886	plasma membrane
twk-45	GO:0016020	GO:0016020	membrane
twk-46	GO:0005886	GO:0005886	plasma membrane
twk-46	GO:0016020	GO:0016020	membrane
twk-48	GO:0005886	GO:0005886	plasma membrane
twk-48	GO:0016020	GO:0016020	membrane
twnk-1	GO:0005739	GO:0005739	mitochondrion
twnk-1	GO:0042645	GO:0043226	organelle
txdc-12.1	GO:0005783	GO:0005783	endoplasmic reticulum
txdc-12.2	GO:0005783	GO:0005783	endoplasmic reticulum
txdc-15	GO:0005929	GO:0005929	cilium
txdc-15	GO:0016020	GO:0016020	membrane
txt-2			
tyms-1	GO:0005739	GO:0005739	mitochondrion
tyms-1	GO:0005829	GO:0005829	cytosol
tyr-1			
tyr-2			
tyr-3			
tyr-4			
tyr-5			
tyr-6			
tyra-3	GO:0005886	GO:0005886	plasma membrane
tyra-3	GO:0016020	GO:0016020	membrane
tyra-3	GO:0030425	GO:0043005	neuron projection
tyra-3	GO:0045202	GO:0045202	synapse
uaf-1	GO:0005634	GO:0005634	nucleus
uaf-1	GO:0005654	GO:0005654	nucleoplasm
uaf-1	GO:0000243;GO:0005681;GO:0071004;GO:0089701	GO:0032991	protein-containing complex
uaf-1	GO:0016607	GO:0043226	organelle
uba-1	GO:0005634	GO:0005634	nucleus
uba-1	GO:0005737	GO:0005737	cytoplasm
uba-2	GO:0005737	GO:0005737	cytoplasm
uba-2	GO:0031510	GO:0032991	protein-containing complex
uba-5	GO:0005737	GO:0005737	cytoplasm
uba-5	GO:0005829	GO:0005829	cytosol
ubc-1	GO:0031371;GO:0033503	GO:0032991	protein-containing complex
ubc-3			
ubc-8	GO:0005634	GO:0005634	nucleus
ubc-9	GO:0005634	GO:0005634	nucleus
ubc-9	GO:0005635	GO:0005635	nuclear envelope
ubh-1	GO:0005737	GO:0005737	cytoplasm
ubh-2	GO:0005737	GO:0005737	cytoplasm
ubh-3	GO:0005737	GO:0005737	cytoplasm
ubh-4	GO:0005737	GO:0005737	cytoplasm
ubq-2	GO:0005634	GO:0005634	nucleus
ubq-2	GO:0005737	GO:0005737	cytoplasm
ubq-2	GO:0005840	GO:0005840	ribosome
ubq-2	GO:1990904	GO:0032991	protein-containing complex
ubql-1	GO:0005829	GO:0005829	cytosol
ubr-1	GO:0005737	GO:0005737	cytoplasm
ubr-1	GO:0016020	GO:0016020	membrane
ubr-1	GO:0000151	GO:0032991	protein-containing complex
ubr-4			
ubr-5	GO:0005634	GO:0005634	nucleus
ubr-5	GO:0005737	GO:0005737	cytoplasm
ubxn-4	GO:0005783	GO:0005783	endoplasmic reticulum
ubxn-4	GO:0005789;GO:0016020	GO:0016020	membrane
ucp-4	GO:0005739	GO:0005739	mitochondrion
ucp-4	GO:0005743;GO:0016020	GO:0016020	membrane
ucr-1	GO:0005739	GO:0005739	mitochondrion
ucr-1	GO:0005759		
ucr-2.1	GO:0005739	GO:0005739	mitochondrion
ucr-2.1	GO:0016020	GO:0016020	membrane
ucr-2.2	GO:0005739	GO:0005739	mitochondrion
ucr-2.2	GO:0016020	GO:0016020	membrane
ucr-2.2	GO:0005759		
ucr-2.3	GO:0005739	GO:0005739	mitochondrion
ucr-2.3	GO:0016020	GO:0016020	membrane
ucr-2.3	GO:0005759		
ufc-1	GO:0005737	GO:0005737	cytoplasm
ufc-1	GO:0055120		
ufd-1	GO:0005634	GO:0005634	nucleus
ufd-1	GO:0005737	GO:0005737	cytoplasm
ufd-1	GO:0034098	GO:0032991	protein-containing complex
ufm-1	GO:0005634	GO:0005634	nucleus
ufm-1	GO:0005737	GO:0005737	cytoplasm
ugt-10	GO:0016020	GO:0016020	membrane
ugt-12	GO:0016020	GO:0016020	membrane
ugt-13	GO:0016020	GO:0016020	membrane
ugt-15	GO:0016020	GO:0016020	membrane
ugt-16	GO:0016020	GO:0016020	membrane
ugt-17	GO:0016020	GO:0016020	membrane
ugt-18	GO:0016020	GO:0016020	membrane
ugt-19	GO:0016020	GO:0016020	membrane
ugt-20	GO:0016020	GO:0016020	membrane
ugt-21	GO:0016020	GO:0016020	membrane
ugt-22	GO:0016020	GO:0016020	membrane
ugt-23	GO:0016020	GO:0016020	membrane
ugt-25	GO:0016020	GO:0016020	membrane
ugt-26	GO:0016020	GO:0016020	membrane
ugt-27	GO:0016020	GO:0016020	membrane
ugt-29	GO:0016020	GO:0016020	membrane
ugt-32	GO:0016020	GO:0016020	membrane
ugt-34	GO:0016020	GO:0016020	membrane
ugt-37	GO:0016020	GO:0016020	membrane
ugt-39	GO:0016020	GO:0016020	membrane
ugt-40	GO:0016020	GO:0016020	membrane
ugt-41	GO:0016020	GO:0016020	membrane
ugt-42	GO:0016020	GO:0016020	membrane
ugt-44	GO:0016020	GO:0016020	membrane
ugt-45	GO:0016020	GO:0016020	membrane
ugt-46	GO:0016020	GO:0016020	membrane
ugt-47	GO:0016020	GO:0016020	membrane
ugt-48	GO:0016020	GO:0016020	membrane
ugt-49	GO:0016020	GO:0016020	membrane
ugt-50	GO:0016020	GO:0016020	membrane
ugt-52	GO:0016020	GO:0016020	membrane
ugt-61	GO:0016020	GO:0016020	membrane
ugt-62	GO:0016020	GO:0016020	membrane
ugt-66	GO:0016020	GO:0016020	membrane
ugt-67	GO:0016020	GO:0016020	membrane
ugt-7	GO:0016020	GO:0016020	membrane
ugt-8	GO:0016020	GO:0016020	membrane
ugtp-1	GO:0000139;GO:0016020	GO:0016020	membrane
ugtp-1	GO:0060473	GO:0031410	cytoplasmic vesicle
ugtp-1	GO:0005797		
ula-1	GO:0005737	GO:0005737	cytoplasm
ulp-1	GO:0005634	GO:0005634	nucleus
ulp-1	GO:0005635	GO:0005635	nuclear envelope
ulp-5	GO:0005634	GO:0005634	nucleus
umps-1	GO:0005737	GO:0005737	cytoplasm
unc-1	GO:0005886	GO:0005886	plasma membrane
unc-1	GO:0016020	GO:0016020	membrane
unc-1	GO:0005911;GO:0005921;GO:0070161	GO:0030054	cell junction
unc-1	GO:0030424;GO:0043005	GO:0043005	neuron projection
unc-10	GO:0098831	GO:0005737	cytoplasm
unc-10	GO:0016020;GO:0042734	GO:0016020	membrane
unc-10	GO:0030424	GO:0043005	neuron projection
unc-10	GO:0045202	GO:0045202	synapse
unc-10	GO:0048786		
unc-103	GO:0005886	GO:0005886	plasma membrane
unc-103	GO:0016020	GO:0016020	membrane
unc-103	GO:0034702	GO:0032991	protein-containing complex
unc-104	GO:0005737;GO:1904115	GO:0005737	cytoplasm
unc-104	GO:0005856	GO:0005856	cytoskeleton
unc-104	GO:0005886	GO:0005886	plasma membrane
unc-104	GO:0005871	GO:0032991	protein-containing complex
unc-104	GO:0042995	GO:0042995	cell projection
unc-104	GO:0030424;GO:0030425	GO:0043005	neuron projection
unc-104	GO:0005874;GO:0043025;GO:0098793		
unc-105	GO:0005886	GO:0005886	plasma membrane
unc-105	GO:0016020	GO:0016020	membrane
unc-11	GO:0005794	GO:0005794	Golgi apparatus
unc-11	GO:0005905;GO:0016020;GO:0042734	GO:0016020	membrane
unc-11	GO:0008021;GO:0030136;GO:0031410	GO:0031410	cytoplasmic vesicle
unc-11	GO:0098894		
unc-112	GO:0005737	GO:0005737	cytoplasm
unc-112	GO:0005886	GO:0005886	plasma membrane
unc-112	GO:0016020	GO:0016020	membrane
unc-112	GO:0030055	GO:0030054	cell junction
unc-112	GO:0031430;GO:0055120		
unc-116	GO:0005635	GO:0005635	nuclear envelope
unc-116	GO:0005737;GO:0032839;GO:1904115	GO:0005737	cytoplasm
unc-116	GO:0005856	GO:0005856	cytoskeleton
unc-116	GO:0005871;GO:0016938	GO:0032991	protein-containing complex
unc-116	GO:0043005	GO:0043005	neuron projection
unc-116	GO:0045202	GO:0045202	synapse
unc-116	GO:0005874		
unc-119	GO:0005929	GO:0005929	cilium
unc-119	GO:0030424	GO:0043005	neuron projection
unc-120	GO:0005634	GO:0005634	nucleus
unc-122	GO:0005576	GO:0005576	extracellular region
unc-122	GO:0016020;GO:0045211	GO:0016020	membrane
unc-122	GO:0005615		
unc-13	GO:0005886	GO:0005886	plasma membrane
unc-13	GO:0030672;GO:0042734	GO:0016020	membrane
unc-13	GO:0031594;GO:0045202	GO:0045202	synapse
unc-13	GO:0043195;GO:0048786;GO:0098793		
unc-130	GO:0005634	GO:0005634	nucleus
unc-14	GO:0031410	GO:0031410	cytoplasmic vesicle
unc-14	GO:0043005	GO:0043005	neuron projection
unc-16	GO:0005737	GO:0005737	cytoplasm
unc-16	GO:0030424	GO:0043005	neuron projection
unc-16	GO:0043194;GO:0043679;GO:0044297;GO:0048471		
unc-17	GO:0005886	GO:0005886	plasma membrane
unc-17	GO:0016020;GO:0030672;GO:0031090	GO:0016020	membrane
unc-17	GO:0008021;GO:0031410	GO:0031410	cytoplasmic vesicle
unc-17	GO:0030121;GO:0030122	GO:0032991	protein-containing complex
unc-17	GO:0043005	GO:0043005	neuron projection
unc-17	GO:0045202;GO:0060076	GO:0045202	synapse
unc-17	GO:0043195		
unc-18	GO:0005737	GO:0005737	cytoplasm
unc-18	GO:0005829	GO:0005829	cytosol
unc-18	GO:0005886	GO:0005886	plasma membrane
unc-18	GO:0016020	GO:0016020	membrane
unc-18	GO:0030141	GO:0031410	cytoplasmic vesicle
unc-18	GO:0042995	GO:0042995	cell projection
unc-18	GO:0030424	GO:0043005	neuron projection
unc-18	GO:0045202	GO:0045202	synapse
unc-18	GO:0098793		
unc-2	GO:0016020;GO:0016323;GO:0048787	GO:0016020	membrane
unc-2	GO:0005891;GO:0034702	GO:0032991	protein-containing complex
unc-2	GO:0098793		
unc-22	GO:0005737	GO:0005737	cytoplasm
unc-22	GO:0030017;GO:0031430;GO:0031672		
unc-25	GO:0005737	GO:0005737	cytoplasm
unc-25	GO:0008021	GO:0031410	cytoplasmic vesicle
unc-25	GO:0030424	GO:0043005	neuron projection
unc-25	GO:0060077	GO:0045202	synapse
unc-25	GO:0043025;GO:0043204		
unc-26	GO:0005737	GO:0005737	cytoplasm
unc-26	GO:0016020	GO:0016020	membrane
unc-26	GO:0008021;GO:0031410	GO:0031410	cytoplasmic vesicle
unc-26	GO:0045202	GO:0045202	synapse
unc-27	GO:0005861	GO:0032991	protein-containing complex
unc-27	GO:0030017		
unc-29	GO:0005886	GO:0005886	plasma membrane
unc-29	GO:0016020;GO:0045211	GO:0016020	membrane
unc-29	GO:0005892	GO:0032991	protein-containing complex
unc-29	GO:0043005	GO:0043005	neuron projection
unc-29	GO:0045202	GO:0045202	synapse
unc-29	GO:0043025		
unc-3	GO:0005634	GO:0005634	nucleus
unc-30	GO:0005634	GO:0005634	nucleus
unc-31	GO:0016020;GO:0030659	GO:0016020	membrane
unc-31	GO:0031045;GO:0031410	GO:0031410	cytoplasmic vesicle
unc-31	GO:0030424	GO:0043005	neuron projection
unc-31	GO:0045202	GO:0045202	synapse
unc-31	GO:0043025;GO:0098793		
unc-32	GO:0005886	GO:0005886	plasma membrane
unc-32	GO:0016020	GO:0016020	membrane
unc-32	GO:0000220;GO:0016471;GO:0033179	GO:0032991	protein-containing complex
unc-32	GO:0045202	GO:0045202	synapse
unc-33	GO:0005829	GO:0005829	cytosol
unc-33	GO:0042995	GO:0042995	cell projection
unc-33	GO:0030424;GO:0030425;GO:0043005	GO:0043005	neuron projection
unc-34	GO:0005737	GO:0005737	cytoplasm
unc-34	GO:0005886	GO:0005886	plasma membrane
unc-34	GO:0005925;GO:0030054	GO:0030054	cell junction
unc-34	GO:0031252;GO:0032433		
unc-36	GO:0005886	GO:0005886	plasma membrane
unc-36	GO:0005789;GO:0016020	GO:0016020	membrane
unc-36	GO:0005891;GO:0034702	GO:0032991	protein-containing complex
unc-38	GO:0005886	GO:0005886	plasma membrane
unc-38	GO:0016020;GO:0045211	GO:0016020	membrane
unc-38	GO:0005892	GO:0032991	protein-containing complex
unc-38	GO:0043005	GO:0043005	neuron projection
unc-38	GO:0045202	GO:0045202	synapse
unc-39	GO:0005634	GO:0005634	nucleus
unc-39	GO:0005667	GO:0032991	protein-containing complex
unc-40	GO:0005886	GO:0005886	plasma membrane
unc-40	GO:0016020;GO:0031253	GO:0016020	membrane
unc-40	GO:0043235	GO:0032991	protein-containing complex
unc-40	GO:0044295		
unc-42	GO:0005634	GO:0005634	nucleus
unc-43	GO:0005737;GO:1904115	GO:0005737	cytoplasm
unc-43	GO:0042995	GO:0042995	cell projection
unc-43	GO:0030424;GO:0043005	GO:0043005	neuron projection
unc-43	GO:0014069	GO:0043226	organelle
unc-43	GO:0043204		
unc-44	GO:0005737	GO:0005737	cytoplasm
unc-44	GO:0005856	GO:0005856	cytoskeleton
unc-44	GO:0016020	GO:0016020	membrane
unc-44	GO:0016328		
unc-45	GO:0005737;GO:0005938	GO:0005737	cytoplasm
unc-45	GO:0005886	GO:0005886	plasma membrane
unc-45	GO:0032154	GO:0016020	membrane
unc-45	GO:0048471		
unc-47	GO:0016020;GO:0030659;GO:0030672	GO:0016020	membrane
unc-47	GO:0008021;GO:0031410	GO:0031410	cytoplasmic vesicle
unc-47	GO:0044292;GO:0044306		
unc-49	GO:0005886	GO:0005886	plasma membrane
unc-49	GO:0016020;GO:0045211	GO:0016020	membrane
unc-49	GO:0034707;GO:1902711	GO:0032991	protein-containing complex
unc-49	GO:0031594;GO:0045202	GO:0045202	synapse
unc-49	GO:0098794		
unc-51	GO:0005737	GO:0005737	cytoplasm
unc-51	GO:0005776	GO:0005773	vacuole
unc-51	GO:0005829	GO:0005829	cytosol
unc-51	GO:0034045	GO:0016020	membrane
unc-51	GO:1902554	GO:0032991	protein-containing complex
unc-51	GO:0030424;GO:0043005	GO:0043005	neuron projection
unc-51	GO:0000407;GO:0043025		
unc-52	GO:0005576	GO:0005576	extracellular region
unc-52	GO:0005737	GO:0005737	cytoplasm
unc-52	GO:0016020	GO:0016020	membrane
unc-52	GO:0005604;GO:0031012	GO:0031012	extracellular matrix
unc-52	GO:0031430;GO:0055120		
unc-53	GO:0005737	GO:0005737	cytoplasm
unc-54	GO:0005737	GO:0005737	cytoplasm
unc-54	GO:0005859;GO:0016459;GO:0016460	GO:0032991	protein-containing complex
unc-54	GO:0030016	GO:0043226	organelle
unc-54	GO:0005863;GO:0031672;GO:0032982		
unc-55	GO:0005634	GO:0005634	nucleus
unc-55	GO:0090575	GO:0032991	protein-containing complex
unc-57	GO:0005737	GO:0005737	cytoplasm
unc-57	GO:0016020	GO:0016020	membrane
unc-57	GO:0008021;GO:0031410	GO:0031410	cytoplasmic vesicle
unc-57	GO:0031594;GO:0045202;GO:0098978	GO:0045202	synapse
unc-57	GO:0098793		
unc-59	GO:0005856;GO:0005940;GO:0015630	GO:0005856	cytoskeleton
unc-59	GO:0032154	GO:0016020	membrane
unc-59	GO:0031105	GO:0032991	protein-containing complex
unc-59	GO:0030496;GO:0032153		
unc-6	GO:0005576	GO:0005576	extracellular region
unc-6	GO:0005737	GO:0005737	cytoplasm
unc-6	GO:0005604	GO:0031012	extracellular matrix
unc-6	GO:0030424	GO:0043005	neuron projection
unc-61	GO:0005737	GO:0005737	cytoplasm
unc-61	GO:0005856;GO:0005940;GO:0015630	GO:0005856	cytoskeleton
unc-61	GO:0016020;GO:0032154	GO:0016020	membrane
unc-61	GO:0031105	GO:0032991	protein-containing complex
unc-61	GO:0030496;GO:0032153		
unc-62	GO:0005634	GO:0005634	nucleus
unc-62	GO:0000785		
unc-63	GO:0005886	GO:0005886	plasma membrane
unc-63	GO:0016020;GO:0045211	GO:0016020	membrane
unc-63	GO:0005892	GO:0032991	protein-containing complex
unc-63	GO:0043005	GO:0043005	neuron projection
unc-63	GO:0031594;GO:0045202	GO:0045202	synapse
unc-64	GO:0005886	GO:0005886	plasma membrane
unc-64	GO:0016020;GO:0016323	GO:0016020	membrane
unc-64	GO:0031201	GO:0032991	protein-containing complex
unc-64	GO:0042995	GO:0042995	cell projection
unc-64	GO:0030424;GO:0030425	GO:0043005	neuron projection
unc-64	GO:0045202	GO:0045202	synapse
unc-64	GO:0012505;GO:0043025;GO:0043204;GO:0098793		
unc-68	GO:0016529	GO:0005783	endoplasmic reticulum
unc-68	GO:0016020;GO:0033017	GO:0016020	membrane
unc-68	GO:0031674		
unc-7	GO:0005886	GO:0005886	plasma membrane
unc-7	GO:0016020;GO:0032589	GO:0016020	membrane
unc-7	GO:0005911;GO:0005921;GO:0070161	GO:0030054	cell junction
unc-70	GO:0005737;GO:0005938	GO:0005737	cytoplasm
unc-70	GO:0005829	GO:0005829	cytosol
unc-70	GO:0005856;GO:0030864	GO:0005856	cytoskeleton
unc-70	GO:0005886	GO:0005886	plasma membrane
unc-70	GO:0016020	GO:0016020	membrane
unc-70	GO:0030054	GO:0030054	cell junction
unc-70	GO:0008091	GO:0032991	protein-containing complex
unc-70	GO:0042995	GO:0042995	cell projection
unc-70	GO:0016328;GO:0031430;GO:0031674;GO:0055120		
unc-71	GO:0005886	GO:0005886	plasma membrane
unc-71	GO:0016020	GO:0016020	membrane
unc-73	GO:0005737	GO:0005737	cytoplasm
unc-73	GO:0036194	GO:0042995	cell projection
unc-73	GO:0030424	GO:0043005	neuron projection
unc-73	GO:0019898		
unc-75	GO:0005634	GO:0005634	nucleus
unc-75	GO:0005737	GO:0005737	cytoplasm
unc-75	GO:1990904	GO:0032991	protein-containing complex
unc-75	GO:0016607	GO:0043226	organelle
unc-75	GO:0045202	GO:0045202	synapse
unc-76	GO:0005737;GO:1904115	GO:0005737	cytoplasm
unc-76	GO:0030424	GO:0043005	neuron projection
unc-76	GO:0043025;GO:0048471		
unc-77	GO:0005886	GO:0005886	plasma membrane
unc-77	GO:0016020	GO:0016020	membrane
unc-77	GO:0034702	GO:0032991	protein-containing complex
unc-77	GO:0030424	GO:0043005	neuron projection
unc-79	GO:0030424	GO:0043005	neuron projection
unc-8	GO:0005886	GO:0005886	plasma membrane
unc-8	GO:0016020	GO:0016020	membrane
unc-8	GO:0043025		
unc-82	GO:0031430		
unc-83	GO:0005634	GO:0005634	nucleus
unc-83	GO:0005635	GO:0005635	nuclear envelope
unc-83	GO:0005640;GO:0016020;GO:0031965	GO:0016020	membrane
unc-83	GO:0034993	GO:0032991	protein-containing complex
unc-85	GO:0005634	GO:0005634	nucleus
unc-85	GO:0000785		
unc-86	GO:0005634	GO:0005634	nucleus
unc-86	GO:0090575	GO:0032991	protein-containing complex
unc-89	GO:0005737	GO:0005737	cytoplasm
unc-89	GO:0031430;GO:0031672		
unc-9	GO:0005886	GO:0005886	plasma membrane
unc-9	GO:0016020	GO:0016020	membrane
unc-9	GO:0005911;GO:0005921;GO:0070161	GO:0030054	cell junction
unc-94	GO:0005737	GO:0005737	cytoplasm
unc-94	GO:0005856;GO:1990357	GO:0005856	cytoskeleton
unc-94	GO:0030016	GO:0043226	organelle
unc-94	GO:0005865		
unc-97	GO:0005634	GO:0005634	nucleus
unc-97	GO:0005654	GO:0005654	nucleoplasm
unc-97	GO:0005737	GO:0005737	cytoplasm
unc-97	GO:0009925	GO:0016020	membrane
unc-97	GO:0005911;GO:0005912;GO:0005925;GO:0070161	GO:0030054	cell junction
unc-97	GO:0031430;GO:0055120		
ung-1	GO:0005634	GO:0005634	nucleus
ung-1	GO:0005739	GO:0005739	mitochondrion
upp-1	GO:0005737	GO:0005737	cytoplasm
upp-1	GO:0005829	GO:0005829	cytosol
uroc-1			
usp-14	GO:0000502	GO:0032991	protein-containing complex
usp-3	GO:0005737	GO:0005737	cytoplasm
usp-33	GO:0005634	GO:0005634	nucleus
usp-33	GO:0005829	GO:0005829	cytosol
usp-4			
usp-48	GO:0005634	GO:0005634	nucleus
usp-48	GO:0005694	GO:0005694	chromosome
usp-48	GO:0005829	GO:0005829	cytosol
usp-50	GO:0005769	GO:0005768	endosome
utx-1	GO:0005634	GO:0005634	nucleus
utx-1	GO:0044666	GO:0032991	protein-containing complex
uvs-1	GO:0005694	GO:0005694	chromosome
vab-1	GO:0005886	GO:0005886	plasma membrane
vab-1	GO:0016020	GO:0016020	membrane
vab-1	GO:0043235	GO:0032991	protein-containing complex
vab-1	GO:0030424	GO:0043005	neuron projection
vab-10	GO:0005737	GO:0005737	cytoplasm
vab-10	GO:0005856	GO:0005856	cytoskeleton
vab-10	GO:0005886	GO:0005886	plasma membrane
vab-10	GO:0009925;GO:0016020;GO:0016324	GO:0016020	membrane
vab-10	GO:0030056	GO:0030054	cell junction
vab-10	GO:0005874;GO:0005882		
vab-15	GO:0005634	GO:0005634	nucleus
vab-19	GO:0005737	GO:0005737	cytoplasm
vab-19	GO:0005856	GO:0005856	cytoskeleton
vab-19	GO:0005911;GO:0030055;GO:0030056	GO:0030054	cell junction
vab-19	GO:0005882		
vab-2	GO:0005886	GO:0005886	plasma membrane
vab-2	GO:0016020	GO:0016020	membrane
vab-2	GO:0030424	GO:0043005	neuron projection
vab-2	GO:0009897		
vab-23	GO:0005634	GO:0005634	nucleus
vab-23	GO:0016607	GO:0043226	organelle
vab-3	GO:0005634	GO:0005634	nucleus
vab-3	GO:0005737	GO:0005737	cytoplasm
vab-8	GO:0005737	GO:0005737	cytoplasm
vab-8	GO:0005856	GO:0005856	cytoskeleton
vab-8	GO:0005865;GO:0005874		
vab-9	GO:0016020	GO:0016020	membrane
vab-9	GO:0005911;GO:0030054;GO:0070161	GO:0030054	cell junction
vacl-14	GO:0010008;GO:0016020	GO:0016020	membrane
vacl-14	GO:0070772	GO:0032991	protein-containing complex
vacl-14	GO:0012505		
vang-1	GO:0005886	GO:0005886	plasma membrane
vang-1	GO:0016020;GO:0016323;GO:0016324	GO:0016020	membrane
vars-1	GO:0005829	GO:0005829	cytosol
vav-1	GO:0005737	GO:0005737	cytoplasm
vbh-1	GO:0005634	GO:0005634	nucleus
vbh-1	GO:0005737	GO:0005737	cytoplasm
vbh-1	GO:0010494;GO:0043186	GO:0043226	organelle
vdac-1	GO:0005739	GO:0005739	mitochondrion
vdac-1	GO:0005741;GO:0016020	GO:0016020	membrane
vdac-1	GO:0046930	GO:0032991	protein-containing complex
vem-1	GO:0016020	GO:0016020	membrane
vem-1	GO:0042995	GO:0042995	cell projection
vem-1	GO:0030424	GO:0043005	neuron projection
vem-1	GO:0012505		
vep-1	GO:0005634	GO:0005634	nucleus
vep-1	GO:0000126	GO:0032991	protein-containing complex
ver-1	GO:0005886	GO:0005886	plasma membrane
ver-1	GO:0016020	GO:0016020	membrane
ver-1	GO:0043235	GO:0032991	protein-containing complex
ver-3	GO:0005886	GO:0005886	plasma membrane
ver-3	GO:0016020	GO:0016020	membrane
ver-3	GO:0043235	GO:0032991	protein-containing complex
ver-4	GO:0005886	GO:0005886	plasma membrane
ver-4	GO:0016020	GO:0016020	membrane
ver-4	GO:0043235	GO:0032991	protein-containing complex
vgln-1			
vglu-2	GO:0016020;GO:0030672	GO:0016020	membrane
vglu-2	GO:0060076	GO:0045202	synapse
vglu-3	GO:0016020;GO:0030672	GO:0016020	membrane
vglu-3	GO:0060076	GO:0045202	synapse
vha-1	GO:0016020;GO:0045121	GO:0016020	membrane
vha-1	GO:0033177;GO:0033179	GO:0032991	protein-containing complex
vha-11	GO:0005737	GO:0005737	cytoplasm
vha-11	GO:0016020	GO:0016020	membrane
vha-11	GO:0000221;GO:0016471;GO:0033180	GO:0032991	protein-containing complex
vha-12	GO:0033180	GO:0032991	protein-containing complex
vha-13	GO:0033180	GO:0032991	protein-containing complex
vha-15	GO:0016020	GO:0016020	membrane
vha-15	GO:0000221	GO:0032991	protein-containing complex
vha-16	GO:0005769	GO:0005768	endosome
vha-16	GO:0016471;GO:0033179;GO:0033181	GO:0032991	protein-containing complex
vha-18	GO:0000221	GO:0032991	protein-containing complex
vha-19	GO:0016020;GO:0045121	GO:0016020	membrane
vha-19	GO:0033176	GO:0032991	protein-containing complex
vha-2	GO:0016020	GO:0016020	membrane
vha-2	GO:0033177;GO:0033179	GO:0032991	protein-containing complex
vha-20	GO:0005737	GO:0005737	cytoplasm
vha-20	GO:0005783	GO:0005783	endoplasmic reticulum
vha-20	GO:0005886	GO:0005886	plasma membrane
vha-20	GO:0005789;GO:0016020;GO:0016324;GO:0098588	GO:0016020	membrane
vha-20	GO:0031982	GO:0043226	organelle
vha-20	GO:0009897		
vha-5	GO:0005768;GO:0005771	GO:0005768	endosome
vha-5	GO:0005886	GO:0005886	plasma membrane
vha-5	GO:0016020;GO:0016324;GO:0032585	GO:0016020	membrane
vha-5	GO:0031410;GO:0070382	GO:0031410	cytoplasmic vesicle
vha-5	GO:0000220;GO:0016471;GO:0033179	GO:0032991	protein-containing complex
vha-5	GO:0044298		
vha-6	GO:0005886	GO:0005886	plasma membrane
vha-6	GO:0016020;GO:0016324	GO:0016020	membrane
vha-6	GO:0000220;GO:0016471;GO:0033179	GO:0032991	protein-containing complex
vha-6	GO:0045177		
vha-7	GO:0005886	GO:0005886	plasma membrane
vha-7	GO:0016020	GO:0016020	membrane
vha-7	GO:0000220;GO:0016471;GO:0033179	GO:0032991	protein-containing complex
vha-8	GO:0005737	GO:0005737	cytoplasm
vha-8	GO:0005886	GO:0005886	plasma membrane
vha-8	GO:0016020;GO:0016324	GO:0016020	membrane
vha-8	GO:0033178	GO:0032991	protein-containing complex
vhl-1	GO:0005634	GO:0005634	nucleus
vhl-1	GO:0030891;GO:0031462	GO:0032991	protein-containing complex
vhp-1	GO:0005634	GO:0005634	nucleus
vhp-1	GO:0005737	GO:0005737	cytoplasm
viln-1	GO:0005737	GO:0005737	cytoplasm
viln-1	GO:0015629	GO:0005856	cytoskeleton
vms-1	GO:0005737	GO:0005737	cytoplasm
vms-1	GO:0005739	GO:0005739	mitochondrion
vms-1	GO:0030425	GO:0043005	neuron projection
vnut-1	GO:0016020	GO:0016020	membrane
vpr-1	GO:0005856	GO:0005856	cytoskeleton
vpr-1	GO:0005886	GO:0005886	plasma membrane
vpr-1	GO:0005789;GO:0016020	GO:0016020	membrane
vps-11	GO:0005764	GO:0005764	lysosome
vps-11	GO:0005768	GO:0005768	endosome
vps-11	GO:0005765;GO:0016020;GO:0031901;GO:0031902	GO:0016020	membrane
vps-11	GO:0030897;GO:0033263;GO:0099023	GO:0032991	protein-containing complex
vps-13A			
vps-13D			
vps-16	GO:0005737	GO:0005737	cytoplasm
vps-16	GO:0005764	GO:0005764	lysosome
vps-16	GO:0005768	GO:0005768	endosome
vps-16	GO:0005765;GO:0016020;GO:0031901;GO:0031902	GO:0016020	membrane
vps-16	GO:0030897;GO:0033263	GO:0032991	protein-containing complex
vps-18	GO:0005737	GO:0005737	cytoplasm
vps-18	GO:0005764	GO:0005764	lysosome
vps-18	GO:0005768;GO:0005769	GO:0005768	endosome
vps-18	GO:0005776	GO:0005773	vacuole
vps-18	GO:0005765;GO:0016020;GO:0031901;GO:0031902	GO:0016020	membrane
vps-18	GO:0030136;GO:0031410	GO:0031410	cytoplasmic vesicle
vps-18	GO:0030897;GO:0033263	GO:0032991	protein-containing complex
vps-22	GO:0000814	GO:0032991	protein-containing complex
vps-25	GO:0005737	GO:0005737	cytoplasm
vps-25	GO:0000814	GO:0032991	protein-containing complex
vps-26	GO:0005768	GO:0005768	endosome
vps-26	GO:0005829	GO:0005829	cytosol
vps-26	GO:0030904	GO:0032991	protein-containing complex
vps-32.1	GO:0005768;GO:0005770;GO:0005771	GO:0005768	endosome
vps-32.1	GO:0010008;GO:0045121	GO:0016020	membrane
vps-32.1	GO:0000815	GO:0032991	protein-containing complex
vps-32.1	GO:0009898;GO:0012505		
vps-33.1	GO:0005764	GO:0005764	lysosome
vps-33.1	GO:0005768;GO:0005769;GO:0005770	GO:0005768	endosome
vps-33.1	GO:0005886	GO:0005886	plasma membrane
vps-33.1	GO:0016020;GO:0016324	GO:0016020	membrane
vps-33.1	GO:0030897;GO:0033263	GO:0032991	protein-containing complex
vps-33.2	GO:0005764	GO:0005764	lysosome
vps-33.2	GO:0005768;GO:0005769;GO:0055037	GO:0005768	endosome
vps-33.2	GO:0005765;GO:0016020;GO:0031901;GO:0031902	GO:0016020	membrane
vps-33.2	GO:0030136;GO:0031410	GO:0031410	cytoplasmic vesicle
vps-33.2	GO:0033263	GO:0032991	protein-containing complex
vps-34	GO:0005634	GO:0005634	nucleus
vps-34	GO:0005730	GO:0005730	nucleolus
vps-34	GO:0005737	GO:0005737	cytoplasm
vps-34	GO:0005768	GO:0005768	endosome
vps-34	GO:0005777	GO:0005777	peroxisome
vps-34	GO:0005640;GO:0016020	GO:0016020	membrane
vps-34	GO:0034271;GO:0034272	GO:0032991	protein-containing complex
vps-34	GO:0042995	GO:0042995	cell projection
vps-34	GO:0000407;GO:0001891		
vps-35	GO:0005770	GO:0005768	endosome
vps-35	GO:0005829	GO:0005829	cytosol
vps-35	GO:0016020	GO:0016020	membrane
vps-35	GO:0030904;GO:0030906	GO:0032991	protein-containing complex
vps-35	GO:0030425	GO:0043005	neuron projection
vps-35	GO:0043025		
vps-36	GO:0005737	GO:0005737	cytoplasm
vps-36	GO:0005768	GO:0005768	endosome
vps-36	GO:0031902	GO:0016020	membrane
vps-36	GO:0000814	GO:0032991	protein-containing complex
vps-4	GO:0005737	GO:0005737	cytoplasm
vps-4	GO:0005768	GO:0005768	endosome
vps-4	GO:0016020;GO:0031902	GO:0016020	membrane
vps-41	GO:0005737	GO:0005737	cytoplasm
vps-41	GO:0005764	GO:0005764	lysosome
vps-41	GO:0005768;GO:0005770	GO:0005768	endosome
vps-41	GO:0005773	GO:0005773	vacuole
vps-41	GO:0005794	GO:0005794	Golgi apparatus
vps-41	GO:0005829	GO:0005829	cytosol
vps-41	GO:0005765;GO:0010008;GO:0016020;GO:0031901;GO:0031902	GO:0016020	membrane
vps-41	GO:0030136;GO:0031410	GO:0031410	cytoplasmic vesicle
vps-41	GO:0030897	GO:0032991	protein-containing complex
vps-45	GO:0000139	GO:0016020	membrane
vps-51	GO:0005794	GO:0005794	Golgi apparatus
vps-51	GO:0005829	GO:0005829	cytosol
vps-51	GO:0016020	GO:0016020	membrane
vps-51	GO:0000938;GO:1990745	GO:0032991	protein-containing complex
vps-53	GO:0005737	GO:0005737	cytoplasm
vps-53	GO:0005768	GO:0005768	endosome
vps-53	GO:0005794	GO:0005794	Golgi apparatus
vps-53	GO:0005829	GO:0005829	cytosol
vps-53	GO:0010008;GO:0016020	GO:0016020	membrane
vps-53	GO:0000938	GO:0032991	protein-containing complex
vps-53	GO:0043204;GO:0048471		
vps-54	GO:0005794	GO:0005794	Golgi apparatus
vps-54	GO:0005829	GO:0005829	cytosol
vps-54	GO:0000938	GO:0032991	protein-containing complex
vrk-1	GO:0005634	GO:0005634	nucleus
vrk-1	GO:0005635	GO:0005635	nuclear envelope
vrk-1	GO:0005737	GO:0005737	cytoplasm
vrk-1	GO:0015030	GO:0043226	organelle
vrk-1	GO:0000785		
vwa-8	GO:0005737	GO:0005737	cytoplasm
wac-1.1	GO:0005634	GO:0005634	nucleus
wac-1.2			
wah-1	GO:0005634	GO:0005634	nucleus
wah-1	GO:0005739	GO:0005739	mitochondrion
wah-1	GO:0005829	GO:0005829	cytosol
wah-1	GO:0016020	GO:0016020	membrane
wars-1	GO:0005737	GO:0005737	cytoplasm
wbp-2	GO:0005634	GO:0005634	nucleus
wdfy-3			
wdr-37			
wdr-4	GO:0005634	GO:0005634	nucleus
wdr-4	GO:0005829	GO:0005829	cytosol
wdr-4	GO:0043527	GO:0032991	protein-containing complex
wdr-5.1	GO:0005634	GO:0005634	nucleus
wdr-5.1	GO:0005737	GO:0005737	cytoplasm
wdr-5.1	GO:0044666;GO:0048188	GO:0032991	protein-containing complex
wdr-5.3	GO:0005635	GO:0005635	nuclear envelope
wdr-5.3	GO:1904115	GO:0005737	cytoplasm
wdr-5.3	GO:0005875;GO:0044666	GO:0032991	protein-containing complex
wdr-5.3	GO:0043005	GO:0043005	neuron projection
wdr-5.3	GO:0000776	GO:0043226	organelle
wdr-5.3	GO:0005881;GO:0043025		
wdr-60	GO:0005868	GO:0032991	protein-containing complex
wdr-62			
wht-1	GO:0005886	GO:0005886	plasma membrane
wht-1	GO:0016020	GO:0016020	membrane
wht-2	GO:0005886	GO:0005886	plasma membrane
wht-2	GO:0016020	GO:0016020	membrane
wht-3	GO:0005886	GO:0005886	plasma membrane
wht-3	GO:0016020	GO:0016020	membrane
wht-4	GO:0005886	GO:0005886	plasma membrane
wht-4	GO:0016020	GO:0016020	membrane
wht-5	GO:0005886	GO:0005886	plasma membrane
wht-5	GO:0016020	GO:0016020	membrane
wht-6	GO:0005886	GO:0005886	plasma membrane
wht-6	GO:0016020	GO:0016020	membrane
wht-7	GO:0005886	GO:0005886	plasma membrane
wht-7	GO:0016020	GO:0016020	membrane
wht-8	GO:0005886	GO:0005886	plasma membrane
wht-8	GO:0016020	GO:0016020	membrane
wnk-1	GO:0005737	GO:0005737	cytoplasm
wrk-1	GO:0005886	GO:0005886	plasma membrane
wrk-1	GO:0030424	GO:0043005	neuron projection
wrk-1	GO:0043025		
wrn-1	GO:0005634	GO:0005634	nucleus
wrn-1	GO:0005654	GO:0005654	nucleoplasm
wrn-1	GO:0005694	GO:0005694	chromosome
wrn-1	GO:0005737	GO:0005737	cytoplasm
wrn-1	GO:0035861		
wrt-1	GO:0005576	GO:0005576	extracellular region
wrt-1	GO:0005886	GO:0005886	plasma membrane
wrt-1	GO:0016020	GO:0016020	membrane
wrt-1	GO:0031012	GO:0031012	extracellular matrix
wrt-1	GO:0009986		
wrt-4	GO:0005576	GO:0005576	extracellular region
wrt-4	GO:0005886	GO:0005886	plasma membrane
wrt-4	GO:0016020	GO:0016020	membrane
wrt-4	GO:0031012	GO:0031012	extracellular matrix
wrt-4	GO:0009986		
wrt-6	GO:0005576	GO:0005576	extracellular region
wrt-6	GO:0005886	GO:0005886	plasma membrane
wrt-6	GO:0016020	GO:0016020	membrane
wrt-6	GO:0031012	GO:0031012	extracellular matrix
wrt-6	GO:0009986		
wrt-7	GO:0005576	GO:0005576	extracellular region
wrt-7	GO:0031012	GO:0031012	extracellular matrix
wrt-8	GO:0005576	GO:0005576	extracellular region
wrt-8	GO:0005886	GO:0005886	plasma membrane
wrt-8	GO:0016020	GO:0016020	membrane
wrt-8	GO:0031012	GO:0031012	extracellular matrix
wrt-8	GO:0009986		
wshc-4	GO:0005768	GO:0005768	endosome
wshc-4	GO:0071203	GO:0032991	protein-containing complex
wshc-5	GO:0005768	GO:0005768	endosome
wshc-5	GO:0071203	GO:0032991	protein-containing complex
wts-1	GO:0005737	GO:0005737	cytoplasm
wts-1	GO:0005886	GO:0005886	plasma membrane
wts-1	GO:0016020;GO:0016324	GO:0016020	membrane
wts-1	GO:0045177;GO:0071944		
wwp-1	GO:0005737	GO:0005737	cytoplasm
xbp-1	GO:0005634	GO:0005634	nucleus
xbp-1	GO:0098793		
xbx-1	GO:0005737	GO:0005737	cytoplasm
xbx-1	GO:0005813;GO:0036064	GO:0005815	microtubule organizing center
xbx-1	GO:0005856	GO:0005856	cytoskeleton
xbx-1	GO:0005929;GO:0097730	GO:0005929	cilium
xbx-1	GO:0005868;GO:0030286	GO:0032991	protein-containing complex
xbx-1	GO:0042995	GO:0042995	cell projection
xbx-1	GO:0005874;GO:0005930;GO:0035869;GO:0097546		
xbx-6	GO:0005783	GO:0005783	endoplasmic reticulum
xbx-6	GO:0005794	GO:0005794	Golgi apparatus
xbx-6	GO:0016020	GO:0016020	membrane
xdh-1	GO:0005777	GO:0005777	peroxisome
xnp-1	GO:0005634	GO:0005634	nucleus
xpa-1	GO:0005634	GO:0005634	nucleus
xpa-1	GO:0000110	GO:0032991	protein-containing complex
xpb-1	GO:0005634	GO:0005634	nucleus
xpb-1	GO:0000112;GO:0005675;GO:0097550	GO:0032991	protein-containing complex
xpc-1	GO:0005634	GO:0005634	nucleus
xpc-1	GO:0005737	GO:0005737	cytoplasm
xpc-1	GO:0000111;GO:0071942	GO:0032991	protein-containing complex
xpd-1	GO:0005634	GO:0005634	nucleus
xpf-1	GO:0005634	GO:0005634	nucleus
xpf-1	GO:0000110	GO:0032991	protein-containing complex
xpg-1	GO:0005634	GO:0005634	nucleus
xpo-1	GO:0005634	GO:0005634	nucleus
xpo-1	GO:0005737	GO:0005737	cytoplasm
xrn-1	GO:0005634	GO:0005634	nucleus
xrn-1	GO:0005737	GO:0005737	cytoplasm
xrn-2	GO:0005634	GO:0005634	nucleus
xrn-2	GO:0005730	GO:0005730	nucleolus
yap-1	GO:0005634	GO:0005634	nucleus
yap-1	GO:0005737	GO:0005737	cytoplasm
yap-1	GO:0005856	GO:0005856	cytoskeleton
yap-1	GO:0005929	GO:0005929	cilium
yap-1	GO:0005911	GO:0030054	cell junction
yap-1	GO:0090575	GO:0032991	protein-containing complex
yap-1	GO:0042995	GO:0042995	cell projection
yap-1	GO:0005930;GO:0097546		
yars-1	GO:0005737	GO:0005737	cytoplasm
yars-2	GO:0005739	GO:0005739	mitochondrion
yars-2	GO:0005829	GO:0005829	cytosol
yif-1	GO:0005783	GO:0005783	endoplasmic reticulum
yif-1	GO:0005794	GO:0005794	Golgi apparatus
yif-1	GO:0000139;GO:0005789;GO:0016020	GO:0016020	membrane
yif-1	GO:0030134	GO:0031410	cytoplasmic vesicle
yif-1	GO:0005793	GO:0043226	organelle
ykt-6	GO:0005783	GO:0005783	endoplasmic reticulum
ykt-6	GO:0005794	GO:0005794	Golgi apparatus
ykt-6	GO:0005886	GO:0005886	plasma membrane
ykt-6	GO:0000139;GO:0016020;GO:0030659	GO:0016020	membrane
ymel-1	GO:0005739	GO:0005739	mitochondrion
ymel-1	GO:0005743;GO:0016020	GO:0016020	membrane
ymel-1	GO:0005745	GO:0032991	protein-containing complex
yop-1	GO:0005886	GO:0005886	plasma membrane
yop-1	GO:0016020	GO:0016020	membrane
yop-1	GO:0032541		
zag-1	GO:0005634	GO:0005634	nucleus
zak-1	GO:0005634	GO:0005634	nucleus
zak-1	GO:0005737	GO:0005737	cytoplasm
zen-4	GO:0005634	GO:0005634	nucleus
zen-4	GO:0005737	GO:0005737	cytoplasm
zen-4	GO:0005813	GO:0005815	microtubule organizing center
zen-4	GO:0005856	GO:0005856	cytoskeleton
zen-4	GO:0032154	GO:0016020	membrane
zen-4	GO:0005871;GO:0097149	GO:0032991	protein-containing complex
zen-4	GO:0005819	GO:0043226	organelle
zen-4	GO:0005874;GO:0030496;GO:0051233;GO:1990023		
zfh-2	GO:0005634	GO:0005634	nucleus
zfp-1	GO:0005634	GO:0005634	nucleus
zfp-1	GO:0000793;GO:0005694	GO:0005694	chromosome
zfp-1	GO:0035097;GO:0070776	GO:0032991	protein-containing complex
zfp-1	GO:0000785		
zfp-2	GO:0005634	GO:0005634	nucleus
zfyv-19	GO:0005813	GO:0005815	microtubule organizing center
zfyv-19	GO:0032154	GO:0016020	membrane
zfyv-19	GO:0030496		
zhp-1	GO:0005694	GO:0005694	chromosome
zhp-1	GO:0000795		
zhp-2	GO:0005694	GO:0005694	chromosome
zhp-2	GO:0000795		
zhp-3	GO:0005694	GO:0005694	chromosome
zhp-3	GO:0000795		
zhp-4	GO:0005694	GO:0005694	chromosome
zhp-4	GO:0000795		
zig-10	GO:0016020;GO:0032589	GO:0016020	membrane
zig-4	GO:0005576	GO:0005576	extracellular region
zip-4	GO:0005634	GO:0005634	nucleus
zipt-13	GO:0016020	GO:0016020	membrane
zipt-15	GO:0005886	GO:0005886	plasma membrane
zipt-15	GO:0016020	GO:0016020	membrane
zipt-16	GO:0005886	GO:0005886	plasma membrane
zipt-16	GO:0016020	GO:0016020	membrane
zipt-17	GO:0016020	GO:0016020	membrane
zipt-7.1	GO:0016020	GO:0016020	membrane
zipt-7.2	GO:0016020	GO:0016020	membrane
zmp-1	GO:0005886	GO:0005886	plasma membrane
zmp-1	GO:0016020;GO:0016323	GO:0016020	membrane
zmp-1	GO:0031012	GO:0031012	extracellular matrix
zmp-1	GO:0009986		
zmp-2	GO:0005576	GO:0005576	extracellular region
zmp-2	GO:0031012	GO:0031012	extracellular matrix
zmp-2	GO:0005615		
zmp-3	GO:0005576	GO:0005576	extracellular region
zmp-3	GO:0031012	GO:0031012	extracellular matrix
zmp-3	GO:0005615		
zmp-5	GO:0016020	GO:0016020	membrane
zmp-5	GO:0031012	GO:0031012	extracellular matrix
zmp-5	GO:0005615		
zmp-6	GO:0031012	GO:0031012	extracellular matrix
znf-622	GO:0005737	GO:0005737	cytoplasm
znf-622	GO:0030687	GO:0032991	protein-containing complex
znfx-1	GO:0005634	GO:0005634	nucleus
znfx-1	GO:0005694	GO:0005694	chromosome
znfx-1	GO:0005737	GO:0005737	cytoplasm
znfx-1	GO:0031380	GO:0032991	protein-containing complex
znfx-1	GO:0048471		
zoo-1	GO:0005886	GO:0005886	plasma membrane
zoo-1	GO:0005912;GO:0005923	GO:0030054	cell junction
ztf-11	GO:0005634	GO:0005634	nucleus
ztf-14	GO:0005634	GO:0005634	nucleus
ztf-16	GO:0005634	GO:0005634	nucleus
zyg-12	GO:0005634	GO:0005634	nucleus
zyg-12	GO:0005635	GO:0005635	nuclear envelope
zyg-12	GO:0005737	GO:0005737	cytoplasm
zyg-12	GO:0005813	GO:0005815	microtubule organizing center
zyg-12	GO:0005856	GO:0005856	cytoskeleton
zyg-12	GO:0016020;GO:0031965	GO:0016020	membrane
zyg-12	GO:0005874		
zyg-8	GO:0005634	GO:0005634	nucleus
zyg-8	GO:0005737	GO:0005737	cytoplasm
zyg-8	GO:0005813	GO:0005815	microtubule organizing center
zyg-8	GO:0005856;GO:0015630	GO:0005856	cytoskeleton
zyg-8	GO:0005819;GO:0072687	GO:0043226	organelle
zyg-8	GO:0097431;GO:1990498		
zyx-1	GO:0005634	GO:0005634	nucleus
zyx-1	GO:0005737	GO:0005737	cytoplasm
zyx-1	GO:0005856;GO:0015629	GO:0005856	cytoskeleton
zyx-1	GO:0005925;GO:0070161	GO:0030054	cell junction
zyx-1	GO:0042995	GO:0042995	cell projection
zyx-1	GO:0030424	GO:0043005	neuron projection
zyx-1	GO:0001725;GO:0031430;GO:0055120		
